"rep","d","ang","ang_deg","method","rJ","rI1","rI2","eJ1","eJ2","eI1","eI2","time","error"
1,0.1,0,0,"PPD",1,5,8,0.800185838888386,0.896202996662674,3.24697592563535,2.12387189727881,229.112,NA
2,0.1,0,0,"PPD",1,5,8,0.952829529107666,0.922801997837657,3.42351072004989,2.05430297437293,207.97,NA
3,0.1,0,0,"PPD",1,5,8,0.929901764597277,0.916995676217316,3.41531045957473,2.09876790645573,218.554,NA
4,0.1,0,0,"PPD",1,5,8,0.949686276360497,0.91402662508168,3.41723936771242,2.04030972120296,202.331,NA
5,0.1,0,0,"PPD",1,5,8,0.954660493283849,0.947086298249207,3.37248050103094,2.04888352990371,182.31,NA
6,0.1,0,0,"PPD",1,5,8,0.81398148193694,0.913408397817557,3.28380577309576,2.07063119702093,195.786,NA
7,0.1,0,0,"PPD",1,5,8,0.850090026802084,0.907747228463429,3.3463598919809,2.07498333999218,191.115,NA
8,0.1,0,0,"PPD",1,5,8,0.84619121847077,0.907264075340473,3.32333398530779,2.07497789483492,159.03,NA
9,0.1,0,0,"PPD",2,4,7,1.00684422561105,1.16167944908211,2.7418173404454,1.76395845903117,194.37,NA
10,0.1,0,0,"PPD",1,5,8,0.84211896937155,0.995376774150897,3.3696465242949,2.12057784819602,162.43,NA
11,0.1,0,0,"PPD",1,5,8,1.05785424718719,0.986883534137023,3.47073265888037,2.08746674599559,210.275,NA
12,0.1,0,0,"PPD",1,5,8,0.835270679157087,0.907133635647223,3.29725471264251,2.10060881998942,207.95,NA
13,0.1,0,0,"PPD",1,5,8,0.833031503026474,0.931898773198129,3.31621594510341,2.10768595676011,199.78,NA
14,0.1,0,0,"PPD",1,5,8,0.83835921264154,1.02794312540576,3.3221370483447,2.12246414890152,184.324,NA
15,0.1,0,0,"PPD",1,5,8,0.875296794785346,0.993087110759752,3.39385841165456,2.06643220755555,216.625,NA
16,0.1,0,0,"PPD",1,5,8,0.85580227002565,0.919769775259114,3.30039235107647,2.12179519751332,200.365,NA
17,0.1,0,0,"PPD",1,5,8,0.803188705887545,0.903185475710796,3.20756081744089,2.0882002179255,161.097,NA
18,0.1,0,0,"PPD",1,5,8,0.840588953410151,0.894485485082014,3.28382769048538,2.09059377825653,202.951,NA
19,0.1,0,0,"PPD",1,5,8,0.871111421887134,0.976667270123676,3.31592288103405,2.14816256324846,225.696,NA
20,0.1,0,0,"PPD",1,5,8,0.953650958258682,0.996964461666233,3.46173064045978,2.04728482940472,168.931,NA
21,0.1,0,0,"PPD",1,5,8,0.843829048582688,0.957293599214536,3.37033509161452,2.08778427469118,208.344,NA
22,0.1,0,0,"PPD",1,5,8,0.820376416963078,0.978470092499122,3.26475512314723,2.12203527051248,211.715,NA
23,0.1,0,0,"PPD",1,5,8,0.888276057452718,0.971999927077524,3.3528724814879,2.07452141656717,223.293,NA
24,0.1,0,0,"PPD",1,5,8,0.864175334554224,0.920231595263782,3.28105570100775,2.09417317385465,162.695,NA
25,0.1,0,0,"PPD",1,5,8,0.954260535969629,0.970003813199404,3.36658444038592,2.12468073806682,236.775,NA
26,0.1,0,0,"PPD",1,5,8,0.877002439458597,0.915338391350822,3.31791867790134,2.06716879516052,188.115,NA
27,0.1,0,0,"PPD",2,4,7,0.80694068215082,0.986667267281888,2.52831014641388,1.79749421085208,184.143,NA
28,0.1,0,0,"PPD",1,5,8,0.885805811184521,0.917834116422711,3.37433881803987,2.11825232409809,194.248,NA
29,0.1,0,0,"PPD",1,5,8,0.957955981561973,1.00708649941722,3.3734875317065,2.08736445846636,181.565,NA
30,0.1,0,0,"PPD",1,5,8,0.901808037390089,0.96552387441214,3.45099537416221,2.10018591385285,197.999,NA
31,0.1,0,0,"PPD",1,5,8,0.819436812501419,0.892533597660878,3.2624615632115,2.0551091002033,189.182,NA
32,0.1,0,0,"PPD",1,5,8,0.874745843929127,0.968997554564724,3.36429844546753,2.0822266750166,205.004,NA
33,0.1,0,0,"PPD",1,5,8,0.905678478652985,1.00924296076787,3.33831227648966,2.0876196387489,218.318,NA
34,0.1,0,0,"PPD",1,5,8,0.947712001454763,0.893511935654707,3.44610101755213,2.10645339973745,209.439,NA
35,0.1,0,0,"PPD",1,5,8,0.950799686102251,0.932729227516189,3.29856601581945,2.07652758918548,226.58,NA
36,0.1,0,0,"PPD",1,5,8,0.864812208514997,0.979044370190107,3.26495195272913,2.09371297487623,197.921,NA
37,0.1,0,0,"PPD",1,5,8,0.855723687849342,0.997338541746746,3.34301230033685,2.10767732369937,198.218,NA
38,0.1,0,0,"PPD",1,5,8,0.89266296778163,0.945882351865438,3.38468081357356,2.08762605161979,216.377,NA
39,0.1,0,0,"PPD",1,5,8,0.852017634704708,0.974574185422713,3.24590937042289,2.07974879508365,201.931,NA
40,0.1,0,0,"PPD",1,5,8,0.884939746672525,0.944988346785943,3.35689876164713,2.12397879851729,231.52,NA
41,0.1,0,0,"PPD",1,5,8,0.83070846364383,0.90380435239825,3.30292965622988,2.06728245911113,202.404,NA
42,0.1,0,0,"PPD",1,5,8,0.932985476898792,1.08329154739323,3.45055043636447,2.09739987151501,193.143,NA
43,0.1,0,0,"PPD",1,5,8,0.837933408139646,0.946156222107602,3.26018962872681,2.09420885799251,193.773,NA
44,0.1,0,0,"PPD",1,5,8,0.895239051254207,0.942587108061316,3.38119876662121,2.06779518294108,213.743,NA
45,0.1,0,0,"PPD",1,5,8,0.940294059315176,0.951223820488885,3.42257144407524,2.07849150664494,232.134,NA
46,0.1,0,0,"PPD",1,5,8,0.943416551818429,0.969443397146449,3.43796595211161,2.10571849370458,241.186,NA
47,0.1,0,0,"PPD",1,5,8,0.819191718880611,0.90086246976675,3.28780452515063,2.10225761242993,219.397,NA
48,0.1,0,0,"PPD",1,5,8,0.861209379818934,1.00975070362011,3.25185833823741,2.12453332456667,235.471,NA
49,0.1,0,0,"PPD",1,5,8,0.911816364125344,0.952863138334972,3.43602174198834,2.06369417605167,217.789,NA
50,0.1,0,0,"PPD",1,5,8,0.901218766726539,0.961380656590658,3.33975715024247,2.06424591643346,203.37,NA
51,0.1,0,0,"PPD",1,5,8,0.888736968415689,0.912543577291569,3.38302995048622,2.05509318537125,201.536,NA
52,0.1,0,0,"PPD",1,5,8,0.944286820294537,0.983285159866118,3.42171344889331,2.08382529792676,192.936,NA
53,0.1,0,0,"PPD",1,5,8,0.864505771982407,0.923272257150574,3.30528386237709,2.06643458009378,193.774,NA
54,0.1,0,0,"PPD",1,5,8,0.883218280683854,0.883369922399354,3.24379866483601,2.07643464512618,190.566,NA
55,0.1,0,0,"PPD",1,5,8,0.829083630933548,1.01609617939099,3.32102100248946,2.10750205445932,203.295,NA
56,0.1,0,0,"PPD",1,5,8,0.839979578131293,0.911335388330822,3.31069656837716,2.09732283209014,211.392,NA
57,0.1,0,0,"PPD",1,5,8,0.842067681025144,0.945716051909716,3.33642145222879,2.08928874717417,203.393,NA
58,0.1,0,0,"PPD",1,5,8,0.911551155288632,0.992582008690474,3.39985669056876,2.05744732287836,201.806,NA
59,0.1,0,0,"PPD",1,5,8,0.846826922381484,0.950664355430519,3.32246778073171,2.10065081854805,209.326,NA
60,0.1,0,0,"PPD",1,5,8,0.866311536983976,0.931374950993171,3.4672842603417,2.09073855489165,190.275,NA
61,0.1,0,0,"PPD",1,5,8,1.0033762311754,1.01371517449047,3.51576489622128,2.1175702128502,202.68,NA
62,0.1,0,0,"PPD",1,5,8,0.866021144752524,0.94560357024596,3.32995248063011,2.10422982668087,208.592,NA
63,0.1,0,0,"PPD",1,5,8,1.02602887759271,1.00919239855514,3.5637034802423,2.07583169664079,186.482,NA
64,0.1,0,0,"PPD",1,5,8,0.881206217515305,1.0682371341323,3.33802031887851,2.10931772624997,219.021,NA
65,0.1,0,0,"PPD",1,5,8,0.848090418209267,0.883813797666237,3.33527648602131,2.09721518637423,201.42,NA
66,0.1,0,0,"PPD",1,5,8,0.921388499630301,0.975390579806707,3.36798438453573,2.05943360211218,227.904,NA
67,0.1,0,0,"PPD",1,5,8,0.868525821634836,1.03598660299909,3.38500023517364,2.09767597963006,195.226,NA
68,0.1,0,0,"PPD",1,5,8,0.919464066617309,0.972224192988423,3.34423339675255,2.09041203958509,220.111,NA
69,0.1,0,0,"PPD",1,5,8,0.944755704252616,1.01055687355234,3.38971839003071,2.11068486001663,241.264,NA
70,0.1,0,0,"PPD",1,5,8,0.842452823211681,1.02367033461732,3.25647384560507,2.09410453981695,198.49,NA
71,0.1,0,0,"PPD",1,5,8,0.932549502834414,0.977624523827076,3.41936608043533,2.06701377892643,251.501,NA
72,0.1,0,0,"PPD",1,5,8,0.934812790681869,0.966242998546071,3.39685182701575,2.12747299645292,226.073,NA
73,0.1,0,0,"PPD",1,5,8,0.970735641406809,0.96213595407161,3.51199693309352,2.11089522261519,211.498,NA
74,0.1,0,0,"PPD",2,4,7,0.785035698059525,0.965055111832888,2.40453389441671,1.78688953838827,226.069,NA
75,0.1,0,0,"PPD",1,5,8,0.910080697809831,1.05671731019294,3.24360252439032,2.12994556423762,252.924,NA
76,0.1,0,0,"PPD",1,5,8,0.819447987266886,0.924942508885818,3.23012874946159,2.06267871783044,205.363,NA
77,0.1,0,0,"PPD",1,5,8,0.916979327679459,0.912028278648475,3.4188653457456,2.08600076316169,181.636,NA
78,0.1,0,0,"PPD",1,5,8,0.860358919733321,1.01105142271448,3.39788155079692,2.08410088890161,198.507,NA
79,0.1,0,0,"PPD",1,5,8,0.831947583714368,0.918749756831183,3.40082374033868,2.07078070400972,207.552,NA
80,0.1,0,0,"PPD",1,5,8,0.889903143947982,0.992957644755137,3.35988787964103,2.10531485612384,150.089,NA
81,0.1,0,0,"PPD",1,5,8,0.82416857348127,0.8880927810957,3.29368614766065,2.10200407228561,170.631,NA
82,0.1,0,0,"PPD",1,5,8,0.880332704996759,0.932891388690443,3.34274899078079,2.07105007063128,187.323,NA
83,0.1,0,0,"PPD",1,5,8,0.927922152947273,0.974882673846163,3.29561282550272,2.02442455325601,166.439,NA
84,0.1,0,0,"PPD",1,5,8,0.797963613550384,0.936911383082933,3.37403627183785,2.09855861889912,157.711,NA
85,0.1,0,0,"PPD",1,5,8,0.860745602621071,0.982421823126414,3.39075335034075,2.0889237292105,186.247,NA
86,0.1,0,0,"PPD",1,5,8,0.9301966991019,1.01405386117926,3.47254113721547,2.10529291690032,198.938,NA
87,0.1,0,0,"PPD",1,5,8,0.840794681560567,0.966930044330209,3.24734490453107,2.06547408905751,203.558,NA
88,0.1,0,0,"PPD",1,5,8,0.911463167648109,0.987359202033271,3.38093095286257,2.06628785612247,208.342,NA
89,0.1,0,0,"PPD",1,5,8,0.83714948475019,0.877888893534982,3.3230933023574,2.06916222915364,159.855,NA
90,0.1,0,0,"PPD",1,5,8,0.895917450178327,0.965880960284413,3.36022376996424,2.08397516415805,189.501,NA
91,0.1,0,0,"PPD",1,5,8,0.827907917331674,0.885543782383627,3.20747555985065,2.06159247074509,156.135,NA
92,0.1,0,0,"PPD",1,5,8,0.949281499802071,1.07804623008202,3.41211184807795,2.14396106558575,197.017,NA
93,0.1,0,0,"PPD",1,5,8,0.951825697513842,1.06590630804703,3.37098054538554,2.07021371534269,183.38,NA
94,0.1,0,0,"PPD",1,5,8,1.01628373657318,0.940710547874075,3.56030864601686,2.06327598629401,163.603,NA
95,0.1,0,0,"PPD",1,5,8,0.835553979562346,0.913780765471794,3.23705420061006,2.06262281054046,159.796,NA
96,0.1,0,0,"PPD",1,5,8,0.880875527148445,0.937170129447698,3.30172923005387,2.0925841929194,171.931,NA
97,0.1,0,0,"PPD",1,5,8,0.910479431469933,0.993739409785414,3.34807959000864,2.11625563774903,173.334,NA
98,0.1,0,0,"PPD",1,5,8,0.929029005390165,1.01290898974372,3.45165472893797,2.05323496079122,134.362,NA
99,0.1,0,0,"PPD",1,5,8,0.834803938975119,0.887469494866613,3.25046054600783,2.04168236767688,213.529,NA
100,0.1,0,0,"PPD",1,5,8,0.937241127795699,0.938157616667524,3.40971740253714,2.03930766327172,134.574,NA
1,0.25,0,0,"PPD",4,2,5,0.759104263311381,0.328223684717803,0.939783160510382,0.211713779752554,131.501,NA
2,0.25,0,0,"PPD",4,2,5,0.739324659165382,0.319865656764742,0.941825047269549,0.21801475887041,127.425,NA
3,0.25,0,0,"PPD",4,2,5,0.737154920650735,0.326437695486267,0.933488119363747,0.210258506240505,196.544,NA
4,0.25,0,0,"PPD",4,2,5,0.729006241710499,0.332488893814543,0.934130628955564,0.21559981362345,129.112,NA
5,0.25,0,0,"PPD",4,2,5,0.737818248489986,0.323089965477878,0.926499909372695,0.219247084093492,142.754,NA
6,0.25,0,0,"PPD",4,2,5,0.742402670314888,0.327422152818295,0.94468905112713,0.213594350781665,205.13,NA
7,0.25,0,0,"PPD",4,2,5,0.760482129433029,0.329986947546002,0.934306054559151,0.210453307293357,158.16,NA
8,0.25,0,0,"PPD",4,2,5,0.750519081828899,0.315269383597301,0.936231038586262,0.212901598778968,190.519,NA
9,0.25,0,0,"PPD",4,2,5,0.757018910833223,0.310975592181196,0.946745099820505,0.211010903911631,119.107,NA
10,0.25,0,0,"PPD",4,2,5,0.74554050418025,0.316870030560237,0.946666841366772,0.212819729147752,164.343,NA
11,0.25,0,0,"PPD",4,2,5,0.751590819831253,0.318899422986245,0.943257498721687,0.218195022130796,124.921,NA
12,0.25,0,0,"PPD",5,6,4,0.875579188811148,0.468582677942438,1.17737624039259,0.21351147870925,146.7,NA
13,0.25,0,0,"PPD",4,2,5,0.743234377827042,0.325372621685618,0.932357128491491,0.217667617993334,204.692,NA
14,0.25,0,0,"PPD",4,2,5,0.737780258712446,0.325044540291842,0.937924583778008,0.213483986984031,181.915,NA
15,0.25,0,0,"PPD",4,2,5,0.746188128081069,0.319400001457068,0.930036856903852,0.215337387682194,115.699,NA
16,0.25,0,0,"PPD",4,2,5,0.764769025705486,0.320678769548715,0.934958228317455,0.208590244039578,202.358,NA
17,0.25,0,0,"PPD",4,2,5,0.758830520408839,0.326487472904856,0.93379190923575,0.211107315952919,203.204,NA
18,0.25,0,0,"PPD",4,2,5,0.739399585181387,0.32027215139463,0.935347491615209,0.215326220618935,204.751,NA
19,0.25,0,0,"PPD",4,2,5,0.745799779432609,0.324293813985663,0.941742758036405,0.212818014292213,113.924,NA
20,0.25,0,0,"PPD",4,2,5,0.746581806973035,0.328518755388774,0.9337845836751,0.21467746586765,204.581,NA
21,0.25,0,0,"PPD",4,2,5,0.761032071914386,0.318327867342338,0.925693140370527,0.213875506798847,202.128,NA
22,0.25,0,0,"PPD",4,2,5,0.748017601327565,0.328077765029776,0.931191055251411,0.219214040239826,112.968,NA
23,0.25,0,0,"PPD",4,2,5,0.744612384243819,0.339228478857394,0.938107873612987,0.218088851336405,112.852,NA
24,0.25,0,0,"PPD",4,2,5,0.738959642148484,0.323577652028519,0.940505146362704,0.23082426807987,120.703,NA
25,0.25,0,0,"PPD",4,2,5,0.747727818580367,0.325457054586582,0.935763635635102,0.223051953228652,112.19,NA
26,0.25,0,0,"PPD",4,2,5,0.727057453417146,0.325452967461233,0.933220964497294,0.224309174804114,116.678,NA
27,0.25,0,0,"PPD",4,2,5,0.761082371879383,0.335612322203913,0.93634586123529,0.219514623378108,142.208,NA
28,0.25,0,0,"PPD",4,2,5,0.744318894135041,0.332868539869137,0.932862049470546,0.224927615841951,111.081,NA
29,0.25,0,0,"PPD",4,2,5,0.715849495078436,0.321378971492626,0.94052740425366,0.219145095279965,161.305,NA
30,0.25,0,0,"PPD",4,2,5,0.746062657199053,0.316982367766772,0.931525998218984,0.210152461144375,205.338,NA
31,0.25,0,0,"PPD",4,2,5,0.734267184768771,0.32841455462698,0.934758163962214,0.210322428979324,112.727,NA
32,0.25,0,0,"PPD",4,2,5,0.753508888158496,0.324886647346362,0.938691875239037,0.211951765499925,177.313,NA
33,0.25,0,0,"PPD",4,2,5,0.741372694183657,0.309389281027166,0.937784607254743,0.211460011685777,170.656,NA
34,0.25,0,0,"PPD",4,2,5,0.741186963112299,0.334489257444639,0.933136872016744,0.212074496948938,116.63,NA
35,0.25,0,0,"PPD",4,2,5,0.747722152331476,0.329572991642481,0.936131235953389,0.206737372077092,112.331,NA
36,0.25,0,0,"PPD",4,2,5,0.730084143747149,0.33364111779356,0.936411917893601,0.221265155693781,147.015,NA
37,0.25,0,0,"PPD",4,2,5,0.755562938327536,0.32354379112937,0.93086991721594,0.212358257189447,199.874,NA
38,0.25,0,0,"PPD",4,2,5,0.734153654773316,0.322116615508433,0.927397854113097,0.208196109587911,178.756,NA
39,0.25,0,0,"PPD",4,2,5,0.750243523097541,0.333289074833775,0.93232242345779,0.215676899947221,113.778,NA
40,0.25,0,0,"PPD",4,2,5,0.775405402128578,0.328145511602367,0.948845090297222,0.223465298403164,152.87,NA
41,0.25,0,0,"PPD",4,2,5,0.731048641734001,0.319242669520519,0.929217712100569,0.218057959112431,115.435,NA
42,0.25,0,0,"PPD",4,2,5,0.725736827638747,0.323105616249502,0.944464544563829,0.214449085784413,111.267,NA
43,0.25,0,0,"PPD",5,6,4,0.893096573210979,0.460638831111432,1.17582186835532,0.216505013373773,134.109,NA
44,0.25,0,0,"PPD",4,2,5,0.732248668947174,0.330694659394868,0.933955873186332,0.20722126874315,112.818,NA
45,0.25,0,0,"PPD",4,2,5,0.746393042219402,0.312331706893867,0.932383128820484,0.217466164094492,110.731,NA
46,0.25,0,0,"PPD",4,2,5,0.739077813851686,0.328449798864582,0.929616611639739,0.21266663055946,111.748,NA
47,0.25,0,0,"PPD",4,2,5,0.737903129598219,0.315553010020212,0.937832605372346,0.218498990448014,173.15,NA
48,0.25,0,0,"PPD",4,2,5,0.743909340260162,0.32912946152871,0.935171146231727,0.212653671050841,127.198,NA
49,0.25,0,0,"PPD",4,2,5,0.72881329733128,0.325844139061981,0.944296745059092,0.218115758467587,154.13,NA
50,0.25,0,0,"PPD",4,2,5,0.744755230859502,0.316654080731466,0.944274459190297,0.212824239534928,113.15,NA
51,0.25,0,0,"PPD",4,2,5,0.746857055205118,0.323686547334385,0.924594318919788,0.201933927631828,202.626,NA
52,0.25,0,0,"PPD",4,2,5,0.760062650538903,0.330052451715222,0.946777097857323,0.224203438043271,154.848,NA
53,0.25,0,0,"PPD",4,2,5,0.737315969714943,0.319929013704231,0.927816789831061,0.21738116354817,204.977,NA
54,0.25,0,0,"PPD",4,2,5,0.757610662365494,0.328424294766705,0.941962434878858,0.209205470659339,157.599,NA
55,0.25,0,0,"PPD",4,2,5,0.743218036726165,0.326217939167191,0.940865940328706,0.215175482123249,111.644,NA
56,0.25,0,0,"PPD",4,2,5,0.735396326034252,0.33220012604232,0.951601835973404,0.213417983617857,203.622,NA
57,0.25,0,0,"PPD",4,2,5,0.737319015351115,0.323516840389486,0.92974793850901,0.219471772089467,150.176,NA
58,0.25,0,0,"PPD",4,2,5,0.755505435324057,0.327309930236968,0.938800281058108,0.22162239062351,111.247,NA
59,0.25,0,0,"PPD",4,2,5,0.734624606530337,0.325647110132894,0.933430938363743,0.215453382581096,112.215,NA
60,0.25,0,0,"PPD",4,2,5,0.746183850681246,0.32471097420637,0.936799760251805,0.216972756113986,112.384,NA
61,0.25,0,0,"PPD",4,2,5,0.750523114249778,0.32336694498599,0.941189502032004,0.226044631683851,133.861,NA
62,0.25,0,0,"PPD",4,2,5,0.758231303370925,0.329442095242018,0.938250771967632,0.216714076218157,162.103,NA
63,0.25,0,0,"PPD",4,2,5,0.75882102345595,0.328439010474595,0.942985283686016,0.211914945217578,146.211,NA
64,0.25,0,0,"PPD",4,2,5,0.734960049910956,0.320201017141884,0.942288362559779,0.208230574369692,201.855,NA
65,0.25,0,0,"PPD",4,2,5,0.71456697784137,0.322084485912218,0.928832584028172,0.221102086464182,110.791,NA
66,0.25,0,0,"PPD",4,2,5,0.742465075586788,0.327137079423599,0.93536897295074,0.218582314088559,179.826,NA
67,0.25,0,0,"PPD",4,2,5,0.735215170222345,0.319408935574754,0.930595715548941,0.217122382289831,202.327,NA
68,0.25,0,0,"PPD",4,2,5,0.733171338892137,0.323975685595422,0.92974292034571,0.213897665076755,204.791,NA
69,0.25,0,0,"PPD",4,2,5,0.75550625609653,0.324681668827417,0.930682858545632,0.223747797995417,111.232,NA
70,0.25,0,0,"PPD",4,2,5,0.748459321383718,0.333161852361939,0.934809368034425,0.22433637540039,112.119,NA
71,0.25,0,0,"PPD",4,2,5,0.740887279702947,0.319942762658312,0.941418932141741,0.220357778402912,133.889,NA
72,0.25,0,0,"PPD",4,2,5,0.726158418848395,0.316354301297002,0.943182036991498,0.216305269188966,122.236,NA
73,0.25,0,0,"PPD",4,2,5,0.740040170410604,0.323067107201594,0.932506259288987,0.209999587733039,110.485,NA
74,0.25,0,0,"PPD",4,2,5,0.753162577175621,0.341688153142878,0.944472829330843,0.218350287131421,183.541,NA
75,0.25,0,0,"PPD",4,2,5,0.751269503915593,0.32815642726277,0.943152887293308,0.217643487966229,127.554,NA
76,0.25,0,0,"PPD",4,2,5,0.746991909371055,0.326583587232299,0.939520261802412,0.212813138802783,164.429,NA
77,0.25,0,0,"PPD",4,2,5,0.744965203500278,0.320830744484706,0.94111661197644,0.211501707886689,201.61,NA
78,0.25,0,0,"PPD",4,2,5,0.771183233984579,0.315732313935755,0.937037225929779,0.22059575821113,111.958,NA
79,0.25,0,0,"PPD",4,2,5,0.763991065767689,0.319537628753179,0.931627324950557,0.215236522617154,110.795,NA
80,0.25,0,0,"PPD",4,2,5,0.761877215600794,0.318425913239665,0.944177910035779,0.221003721785077,162.667,NA
81,0.25,0,0,"PPD",4,2,5,0.761986072445446,0.320002237304413,0.934502920645999,0.213901074266165,112.902,NA
82,0.25,0,0,"PPD",4,2,5,0.747826671149042,0.319887493860528,0.939494618731033,0.212287436413086,154.184,NA
83,0.25,0,0,"PPD",4,2,5,0.742148354424821,0.301793258317507,0.944588666725714,0.219116926448302,111.335,NA
84,0.25,0,0,"PPD",4,2,5,0.731251527006599,0.325238487401579,0.949553045139889,0.222158324908666,111.621,NA
85,0.25,0,0,"PPD",4,2,5,0.736444327272416,0.325024839370456,0.936274952744014,0.206212040407187,110.786,NA
86,0.25,0,0,"PPD",4,2,5,0.753228842947447,0.319608028174121,0.923797091187989,0.216268247713302,116.471,NA
87,0.25,0,0,"PPD",4,2,5,0.758544299783466,0.32673461855433,0.941225110322241,0.221398626570865,113.043,NA
88,0.25,0,0,"PPD",4,2,5,0.73082137807051,0.324194182474093,0.951747633882413,0.213401856157012,204.65,NA
89,0.25,0,0,"PPD",4,2,5,0.759812047801137,0.327154731019174,0.947163085952132,0.202036958863276,143.285,NA
90,0.25,0,0,"PPD",4,2,5,0.723143133456604,0.314583572540473,0.938775444081542,0.20535775571235,202.953,NA
91,0.25,0,0,"PPD",4,2,5,0.748835059444352,0.319205023334645,0.937000608835332,0.213224436020619,162.69,NA
92,0.25,0,0,"PPD",4,2,5,0.740652316136315,0.314896066916564,0.941347552773272,0.218219701831221,114.333,NA
93,0.25,0,0,"PPD",4,2,5,0.757795306512063,0.324949131919372,0.935451606582885,0.224961858285956,177.612,NA
94,0.25,0,0,"PPD",4,2,5,0.724705694500445,0.31799398110572,0.945786858737862,0.209564586226829,111.535,NA
95,0.25,0,0,"PPD",4,2,5,0.752756613822809,0.321069397854666,0.942781589012031,0.224786188206356,179.852,NA
96,0.25,0,0,"PPD",4,2,5,0.720869010270346,0.322370515173964,0.9352629510449,0.219997488622952,112.713,NA
97,0.25,0,0,"PPD",4,2,5,0.748182064805296,0.316643335869729,0.937085425577125,0.220457619831718,202.741,NA
98,0.25,0,0,"PPD",4,2,5,0.728422091762015,0.328581808135415,0.934713661940889,0.21465399209225,109.865,NA
99,0.25,0,0,"PPD",4,2,5,0.752693064273511,0.32711816395656,0.937559086871738,0.224779427618691,201.156,NA
100,0.25,0,0,"PPD",4,2,5,0.747261291338995,0.329298710137334,0.936640111912121,0.217698162838167,111.508,NA
1,0.5,0,0,"PPD",5,1,4,0.778136525057496,0.286190492585815,0.949756548822261,0.116822060021544,127.244,NA
2,0.5,0,0,"PPD",5,1,4,0.788484549587519,0.277343994326996,0.95108802256815,0.116097158723253,204.194,NA
3,0.5,0,0,"PPD",5,1,4,0.779654499600366,0.271270971395672,0.949161440503795,0.115117249047707,110.664,NA
4,0.5,0,0,"PPD",6,6,3,0.843460644751574,0.331848513857168,1.04778201485066,0.122743803774157,111.408,NA
5,0.5,0,0,"PPD",5,1,4,0.789479714242404,0.273160721628967,0.949509837899727,0.116955205020789,115.118,NA
6,0.5,0,0,"PPD",5,1,4,0.7782956931945,0.286171890052944,0.947212346989702,0.115890610318776,202.769,NA
7,0.5,0,0,"PPD",5,1,4,0.78686181113872,0.277268565085825,0.950323792827692,0.116735502035402,111.203,NA
8,0.5,0,0,"PPD",5,1,4,0.776164412242931,0.274148949628541,0.948884501193907,0.115724084302599,121.594,NA
9,0.5,0,0,"PPD",5,1,4,0.791443099837065,0.280931964115171,0.950094260120051,0.117224292905682,110.839,NA
10,0.5,0,0,"PPD",5,1,4,0.775972259150773,0.279294213856706,0.947068518197729,0.116423100541713,202.485,NA
11,0.5,0,0,"PPD",5,1,4,0.773941860998092,0.276178249636592,0.949969646526123,0.116720375710752,203.004,NA
12,0.5,0,0,"PPD",5,1,4,0.774829849693241,0.28392491477153,0.948323132181341,0.116369880065915,110.365,NA
13,0.5,0,0,"PPD",5,1,4,0.794433990876946,0.285068903102319,0.950420618777038,0.117737019528337,114.269,NA
14,0.5,0,0,"PPD",5,1,4,0.792665900309369,0.275734824407743,0.950548772044163,0.117211254633854,184.416,NA
15,0.5,0,0,"PPD",5,1,4,0.775713836398276,0.276646641735157,0.947421620431154,0.116535738285697,202.668,NA
16,0.5,0,0,"PPD",5,1,4,0.782666065085913,0.283921009243902,0.950016539470217,0.115951032490271,112.756,NA
17,0.5,0,0,"PPD",5,1,4,0.783064276573797,0.280196890712199,0.949508735991033,0.116112120717286,175.496,NA
18,0.5,0,0,"PPD",5,1,4,0.787103208622231,0.278512937943472,0.951142555863177,0.116322299615772,110.462,NA
19,0.5,0,0,"PPD",5,1,4,0.779329216275957,0.27929750819908,0.950089093917305,0.117232655119483,112.188,NA
20,0.5,0,0,"PPD",5,1,4,0.783322417791615,0.291962772040983,0.950011247023899,0.116726807690006,110.746,NA
21,0.5,0,0,"PPD",5,1,4,0.778871811133983,0.277893962602456,0.950666886072909,0.116820212180944,111.827,NA
22,0.5,0,0,"PPD",5,1,4,0.775564218768789,0.280022421236474,0.949497403333576,0.115661676461429,109.467,NA
23,0.5,0,0,"PPD",5,1,4,0.77679317310405,0.275780148004943,0.949346785735807,0.117111971126816,110.291,NA
24,0.5,0,0,"PPD",5,1,4,0.786500717799923,0.284296498986706,0.949361718364739,0.115721290369916,203.28,NA
25,0.5,0,0,"PPD",5,1,4,0.777732262724286,0.282072819162471,0.948815358537188,0.116704992465777,110.964,NA
26,0.5,0,0,"PPD",5,1,4,0.789881331327519,0.279093654572921,0.951406104981922,0.116689231457671,185.715,NA
27,0.5,0,0,"PPD",5,1,4,0.791327637563693,0.273070189357384,0.951291087618811,0.116438360791916,111.055,NA
28,0.5,0,0,"PPD",5,1,4,0.782758378967819,0.270696382234262,0.94847975604631,0.116356768760749,125.177,NA
29,0.5,0,0,"PPD",5,1,4,0.792421978433864,0.282187321386322,0.952079756733997,0.116044273514063,167.61,NA
30,0.5,0,0,"PPD",5,1,4,0.786548059107843,0.277056433199834,0.950280701181063,0.117440665723331,115.524,NA
31,0.5,0,0,"PPD",5,1,4,0.784541830333085,0.276728442355312,0.951273795499591,0.11691643084396,112.165,NA
32,0.5,0,0,"PPD",5,1,4,0.789758087070625,0.271768804243024,0.949330155247807,0.117515996045046,112.51,NA
33,0.5,0,0,"PPD",5,1,4,0.785348772781057,0.291651647073215,0.948983884933765,0.117147812707146,200.83,NA
34,0.5,0,0,"PPD",5,1,4,0.79168396455944,0.285471395810356,0.95056532429764,0.115697839872726,189.246,NA
35,0.5,0,0,"PPD",5,1,4,0.781088979839258,0.286274102450279,0.943238191053481,0.116214675182577,114.908,NA
36,0.5,0,0,"PPD",5,1,4,0.786973411899282,0.279570179905995,0.94950976489261,0.117143265372533,204.518,NA
37,0.5,0,0,"PPD",5,1,4,0.780117674026781,0.275960123566329,0.950556058978234,0.115596311173947,113.97,NA
38,0.5,0,0,"PPD",5,1,4,0.777562413047161,0.279718146909769,0.950677242886583,0.116518020241569,111.599,NA
39,0.5,0,0,"PPD",5,1,4,0.786679998230596,0.281348097119931,0.948452643275241,0.116719643436345,111.872,NA
40,0.5,0,0,"PPD",5,1,4,0.776851902566713,0.288534084766917,0.950389940552344,0.117096338822799,202.74,NA
41,0.5,0,0,"PPD",5,1,4,0.782113503555091,0.274636984131703,0.948960815171853,0.115775003078226,109.797,NA
42,0.5,0,0,"PPD",5,1,4,0.790979579563418,0.282669035705557,0.949481404307314,0.114844711390681,159.959,NA
43,0.5,0,0,"PPD",5,1,4,0.778199938562827,0.280266738950344,0.951617380959334,0.116177328804754,112.046,NA
44,0.5,0,0,"PPD",5,1,4,0.781722153032971,0.272550751883595,0.948908001087891,0.116917279667055,203.235,NA
45,0.5,0,0,"PPD",5,1,4,0.781806624944831,0.276978401147526,0.950078624342984,0.116549856117738,185.267,NA
46,0.5,0,0,"PPD",5,1,4,0.776772820237839,0.280673823020604,0.949460941227318,0.116060689261238,111.441,NA
47,0.5,0,0,"PPD",5,1,4,0.786195563586876,0.281681172100002,0.950768329245657,0.116648461140032,111.397,NA
48,0.5,0,0,"PPD",5,1,4,0.782022014404756,0.282771459271962,0.950111708400186,0.117253850562302,172.204,NA
49,0.5,0,0,"PPD",5,1,4,0.782674069091817,0.289209383271654,0.950665744789355,0.116707749864491,199.941,NA
50,0.5,0,0,"PPD",5,1,4,0.787172101358191,0.284491310886349,0.95126433585941,0.116450912618223,123.399,NA
51,0.5,0,0,"PPD",5,1,4,0.799706718615101,0.287687954321062,0.949847633884324,0.116526202767843,146.488,NA
52,0.5,0,0,"PPD",5,1,4,0.774269642135783,0.281286071039689,0.95097792560993,0.116311085460281,203.945,NA
53,0.5,0,0,"PPD",5,1,4,0.775722819039644,0.285477461126604,0.949659126163404,0.11706810805882,109.399,NA
54,0.5,0,0,"PPD",5,1,4,0.784398457400706,0.281642196736644,0.951157736074563,0.117251161610782,110.661,NA
55,0.5,0,0,"PPD",5,1,4,0.794081156322216,0.284909545219491,0.94948124068721,0.117028400982231,162.309,NA
56,0.5,0,0,"PPD",5,1,4,0.792924997811033,0.274821908419466,0.949542495321402,0.115834612570026,112.556,NA
57,0.5,0,0,"PPD",5,1,4,0.789025745327071,0.278722921322823,0.950786469556056,0.116053560485165,112.849,NA
58,0.5,0,0,"PPD",5,1,4,0.772541753306846,0.283388557643061,0.949234762416702,0.116767824638842,112.776,NA
59,0.5,0,0,"PPD",5,1,4,0.788321402997022,0.283597068362156,0.949308990703706,0.116564422438523,113.732,NA
60,0.5,0,0,"PPD",5,1,4,0.788838313135996,0.281538894724347,0.949860861074782,0.11595688171058,204.604,NA
61,0.5,0,0,"PPD",5,1,4,0.788567214092193,0.281078597453878,0.950233949297027,0.117025641688373,111.037,NA
62,0.5,0,0,"PPD",5,1,4,0.782888543015414,0.287943999229223,0.950393689174738,0.116756422418786,194.052,NA
63,0.5,0,0,"PPD",5,1,4,0.780796919753074,0.275854712761737,0.947858495315126,0.116919864308739,112.083,NA
64,0.5,0,0,"PPD",5,1,4,0.781581588000745,0.282110535264613,0.949365749360774,0.117132868708999,111.283,NA
65,0.5,0,0,"PPD",5,1,4,0.783569723786486,0.27837779145778,0.948402416242594,0.116442566840915,110.991,NA
66,0.5,0,0,"PPD",5,1,4,0.778349664759097,0.27664991068592,0.94982547479034,0.116301866161201,201.062,NA
67,0.5,0,0,"PPD",5,1,4,0.787976737494536,0.27178449900163,0.950877854021779,0.114725383586185,110.188,NA
68,0.5,0,0,"PPD",5,1,4,0.782973685203478,0.287161421477238,0.951277615023309,0.116021887054737,202.049,NA
69,0.5,0,0,"PPD",5,1,4,0.780870531441703,0.287042017662475,0.950898621040467,0.116238025669464,203.316,NA
70,0.5,0,0,"PPD",5,1,4,0.790431565277786,0.282385961229747,0.950624190367242,0.116211110438149,110.219,NA
71,0.5,0,0,"PPD",5,1,4,0.782690836745816,0.278037824622555,0.949055862652925,0.116773583737036,112.646,NA
72,0.5,0,0,"PPD",5,1,4,0.784660241834839,0.270256884262003,0.94859066419688,0.115235544234085,204.462,NA
73,0.5,0,0,"PPD",5,1,4,0.76683291334976,0.279770082390864,0.948364045432488,0.117467035224866,114.017,NA
74,0.5,0,0,"PPD",5,1,4,0.776766735009156,0.275980064135347,0.949398884727163,0.116187827764467,118.109,NA
75,0.5,0,0,"PPD",5,1,4,0.775200201475907,0.273030662942928,0.950325609500984,0.116951776224948,202.652,NA
76,0.5,0,0,"PPD",5,1,4,0.784786958594031,0.280775985361352,0.950583480744089,0.115642190835726,201.515,NA
77,0.5,0,0,"PPD",5,1,4,0.787213768890714,0.282387118831894,0.949076805306997,0.115911850681976,112.823,NA
78,0.5,0,0,"PPD",5,1,4,0.782548663858925,0.285496593443599,0.951760654651234,0.116628208666132,193.758,NA
79,0.5,0,0,"PPD",5,1,4,0.792729596123664,0.281747864072267,0.948847469318366,0.116956875837069,192.266,NA
80,0.5,0,0,"PPD",5,1,4,0.781419521337207,0.284558171891318,0.949331026269007,0.117070235200208,111.441,NA
81,0.5,0,0,"PPD",5,1,4,0.779578221382987,0.284609067633361,0.950480740240568,0.116589618876263,203.009,NA
82,0.5,0,0,"PPD",5,1,4,0.778120716205221,0.278039034699071,0.950077469993646,0.116393246804968,111.178,NA
83,0.5,0,0,"PPD",5,1,4,0.787472025996102,0.285923329561082,0.950852059556529,0.116279795770535,111.998,NA
84,0.5,0,0,"PPD",5,1,4,0.785276997543094,0.279627338009026,0.949215546097503,0.116863336270371,202.653,NA
85,0.5,0,0,"PPD",5,1,4,0.78120172193095,0.277753392391043,0.948825676180792,0.11673758157237,110.86,NA
86,0.5,0,0,"PPD",5,1,4,0.792476662525866,0.27526016202512,0.952285606492634,0.116988995557582,111.782,NA
87,0.5,0,0,"PPD",5,1,4,0.784615593914543,0.277192758515261,0.950130575173108,0.116824803472634,204.8,NA
88,0.5,0,0,"PPD",5,1,4,0.778691540693835,0.276938007950879,0.951077822662694,0.117232907392683,152.859,NA
89,0.5,0,0,"PPD",5,1,4,0.773142113232906,0.278667703738328,0.95122311680443,0.116367864488534,113.046,NA
90,0.5,0,0,"PPD",5,1,4,0.789144971660065,0.276666858807198,0.950446779331125,0.116355037743065,109.694,NA
91,0.5,0,0,"PPD",5,1,4,0.784188433441655,0.284181865466422,0.950013898017867,0.116359041515328,111.918,NA
92,0.5,0,0,"PPD",5,1,4,0.784284862928912,0.28216399855495,0.947776176032178,0.116615628802396,111.578,NA
93,0.5,0,0,"PPD",5,1,4,0.782806497606312,0.285233725804031,0.950149578925558,0.117167698837656,204.034,NA
94,0.5,0,0,"PPD",5,1,4,0.785164971343604,0.280416814545938,0.948204312189251,0.115822877363718,124.19,NA
95,0.5,0,0,"PPD",5,1,4,0.787661544895181,0.277530895894701,0.950839370303553,0.115587843348609,202.709,NA
96,0.5,0,0,"PPD",5,1,4,0.780178805665314,0.28562012778447,0.951565420478448,0.116573459020539,111.37,NA
97,0.5,0,0,"PPD",5,1,4,0.774550840963844,0.285246482118251,0.94980270856158,0.116949647947634,112.192,NA
98,0.5,0,0,"PPD",5,1,4,0.776528331930718,0.286706732840699,0.950288572334156,0.117261618637661,112.157,NA
99,0.5,0,0,"PPD",5,1,4,0.775022946406368,0.278893470585786,0.949979448330876,0.11610500618403,111.803,NA
100,0.5,0,0,"PPD",5,1,4,0.794188759739351,0.278624408468251,0.951334643460938,0.115243665312093,176.088,NA
1,1,0,0,"PPD",5,1,4,0.762403272462122,0.24220989113816,0.938767965388889,0.0970921172923565,110.787,NA
2,1,0,0,"PPD",5,1,4,0.762379795998988,0.238212003329713,0.939245052850905,0.0974842483420383,114.456,NA
3,1,0,0,"PPD",5,1,4,0.764977168078775,0.24229309947243,0.939305743344809,0.0974841309585397,201.507,NA
4,1,0,0,"PPD",5,1,4,0.757558425347619,0.239043748305743,0.939623353820947,0.0973246985429083,126.342,NA
5,1,0,0,"PPD",5,1,4,0.753476120266918,0.242348575292358,0.939634307252801,0.0976973717319644,131.262,NA
6,1,0,0,"PPD",5,1,4,0.761420691847588,0.240859209591915,0.93895543903602,0.0969608797853075,204.689,NA
7,1,0,0,"PPD",5,1,4,0.763459279116721,0.239912040599864,0.938535796132451,0.0969903771083816,197.56,NA
8,1,0,0,"PPD",5,1,4,0.76357488387361,0.236331582080847,0.936292992280087,0.0969187349153962,111.493,NA
9,1,0,0,"PPD",5,1,4,0.756898440548049,0.238818564318305,0.938398070494303,0.0967692597715164,158.783,NA
10,1,0,0,"PPD",5,1,4,0.761345485482965,0.23854123985238,0.939024593256104,0.0972895593466139,109.674,NA
11,1,0,0,"PPD",5,1,4,0.762877916292679,0.241717369377539,0.938510644573184,0.097232623038019,201.164,NA
12,1,0,0,"PPD",5,1,4,0.754570737215445,0.239636475943842,0.938639294618944,0.0973747340763446,162.547,NA
13,1,0,0,"PPD",5,1,4,0.759480352319257,0.242627902104104,0.938841190609189,0.0970308501023724,202.818,NA
14,1,0,0,"PPD",5,1,4,0.756141196445805,0.237754458618503,0.937732490678372,0.0971730257656889,112.617,NA
15,1,0,0,"PPD",5,1,4,0.756751381473975,0.242070297932262,0.938244469235062,0.0970483183531632,202.422,NA
16,1,0,0,"PPD",5,1,4,0.756940595954797,0.242766782876936,0.939388983636349,0.0976616776738455,111.445,NA
17,1,0,0,"PPD",5,1,4,0.764988180363424,0.234756982111939,0.938458864369135,0.0975087156315495,130.529,NA
18,1,0,0,"PPD",5,1,4,0.760924998018883,0.238758286137311,0.936021280035566,0.09703874580808,111.243,NA
19,1,0,0,"PPD",5,1,4,0.758758309931577,0.237105109856156,0.937668299044617,0.0970172978612865,200.477,NA
20,1,0,0,"PPD",5,1,4,0.761442873402438,0.240186302308898,0.937838930258364,0.0971614552907663,112.75,NA
21,1,0,0,"PPD",5,1,4,0.764168789269604,0.238767642381082,0.938692891099118,0.0973906449668042,204.613,NA
22,1,0,0,"PPD",5,1,4,0.753739059361653,0.242559189118608,0.939006916450975,0.0972745544925357,112.225,NA
23,1,0,0,"PPD",5,1,4,0.75750485746434,0.240099159238486,0.938905016454884,0.097145425998646,111.26,NA
24,1,0,0,"PPD",5,1,4,0.75769967287393,0.238832901214263,0.939246227857628,0.0971590432734255,111.119,NA
25,1,0,0,"PPD",5,1,4,0.75668395965723,0.238562530693972,0.938540143489505,0.09704755301223,201.894,NA
26,1,0,0,"PPD",5,1,4,0.756019302488907,0.241511402870644,0.938870363285463,0.0972373010844589,110.182,NA
27,1,0,0,"PPD",5,1,4,0.762025800013776,0.243182585386099,0.939264876969967,0.0974339715122861,112.563,NA
28,1,0,0,"PPD",5,1,4,0.75759598837799,0.24003605082815,0.938377089295613,0.097171919332934,110.822,NA
29,1,0,0,"PPD",5,1,4,0.765557327651317,0.24357584680967,0.939852710399784,0.0974695961512153,204.689,NA
30,1,0,0,"PPD",5,1,4,0.754132891609548,0.242128346527346,0.934676204939407,0.0967897496248454,202.65,NA
31,1,0,0,"PPD",5,1,4,0.765929580150411,0.237427443972271,0.939842544671786,0.0974018507339622,150.905,NA
32,1,0,0,"PPD",5,1,4,0.762844789346162,0.244732508940431,0.938999236744066,0.0973123110914871,136.965,NA
33,1,0,0,"PPD",5,1,4,0.760592049650752,0.239013987394167,0.937284775758881,0.0973741267923913,119.618,NA
34,1,0,0,"PPD",5,1,4,0.760391508933489,0.24254558768125,0.938688300502567,0.0970209027352303,111.258,NA
35,1,0,0,"PPD",5,1,4,0.761534358028478,0.241027073844795,0.93862151036483,0.0973022002670035,110.592,NA
36,1,0,0,"PPD",5,1,4,0.760323611762405,0.242406055340602,0.939388287405657,0.0974972577641234,147.363,NA
37,1,0,0,"PPD",5,1,4,0.759097965205331,0.239674780705476,0.939224239080715,0.0973752801333139,201.818,NA
38,1,0,0,"PPD",5,1,4,0.75992724656254,0.240268147973361,0.938603112003756,0.097304003813624,110.867,NA
39,1,0,0,"PPD",5,1,4,0.763997906120159,0.240114516330639,0.938124745300465,0.0974328354043452,112.23,NA
40,1,0,0,"PPD",5,1,4,0.753373572538163,0.243339541422808,0.93789166137872,0.0971369206805756,111.974,NA
41,1,0,0,"PPD",5,1,4,0.75108280922978,0.239411218106075,0.937039519664279,0.096949897788907,111.712,NA
42,1,0,0,"PPD",5,1,4,0.760153791361698,0.242790466379327,0.937955092409259,0.0972455870405213,111.631,NA
43,1,0,0,"PPD",5,1,4,0.758084008635765,0.241604774547361,0.937730927781135,0.0970857023033233,202.122,NA
44,1,0,0,"PPD",5,1,4,0.76681419717864,0.244062673996247,0.939095697769635,0.0971316920305102,204.971,NA
45,1,0,0,"PPD",5,1,4,0.764083491661361,0.241286273783134,0.939018865573514,0.0974013341790484,201.234,NA
46,1,0,0,"PPD",5,1,4,0.762060359003178,0.241037987642926,0.941079330457543,0.0979997820256838,203.424,NA
47,1,0,0,"PPD",5,1,4,0.754875006190454,0.240751624458177,0.93433472533055,0.0969022065328775,202.261,NA
48,1,0,0,"PPD",5,1,4,0.76037872976011,0.243995148178222,0.938695972573864,0.0972397665349813,170.726,NA
49,1,0,0,"PPD",5,1,4,0.753044249624591,0.239390615704249,0.938815505751479,0.0972995862006416,177.804,NA
50,1,0,0,"PPD",5,1,4,0.757354007273661,0.241363788674185,0.936833740885937,0.0970179843605595,112.948,NA
51,1,0,0,"PPD",5,1,4,0.764191155505692,0.244873781669498,0.939507764274755,0.0974941405846537,202.153,NA
52,1,0,0,"PPD",5,1,4,0.75607560304735,0.242537626095639,0.939136123926494,0.0976469207302777,205.278,NA
53,1,0,0,"PPD",5,1,4,0.766023501004109,0.240889048829947,0.938791702088881,0.0971334124715688,112.308,NA
54,1,0,0,"PPD",5,1,4,0.759100177091311,0.240489998949493,0.938228893733698,0.0972907139143077,111.286,NA
55,1,0,0,"PPD",5,1,4,0.765902977217986,0.239754926551373,0.938148687730157,0.0970235141395736,110.024,NA
56,1,0,0,"PPD",5,1,4,0.75790908776986,0.237259411262614,0.939005912959528,0.0973038872047176,110.982,NA
57,1,0,0,"PPD",5,1,4,0.758320779452013,0.242467864844374,0.938617241945859,0.0974306744072591,202.719,NA
58,1,0,0,"PPD",5,1,4,0.757482668450177,0.242456363253223,0.93822579754282,0.097290023020455,110.26,NA
59,1,0,0,"PPD",5,1,4,0.761948676395347,0.244643996696355,0.939453058935065,0.0976806493762855,112.099,NA
60,1,0,0,"PPD",5,1,4,0.75881814672657,0.240945586031815,0.939127511893121,0.097518307190181,112.19,NA
61,1,0,0,"PPD",5,1,4,0.754886833873836,0.24136493939944,0.938425846890587,0.0973135671774759,110.843,NA
62,1,0,0,"PPD",5,1,4,0.758014522020248,0.239852199922278,0.939095969187159,0.0974983065956688,112.141,NA
63,1,0,0,"PPD",5,1,4,0.765288580836037,0.242237851461269,0.93898036297571,0.0973766665857811,199.836,NA
64,1,0,0,"PPD",5,1,4,0.757728578687129,0.240173375295325,0.938841186035061,0.0970809296196253,110.163,NA
65,1,0,0,"PPD",5,1,4,0.760127046908247,0.241271077002389,0.936754034904847,0.0969286248794125,203.832,NA
66,1,0,0,"PPD",5,1,4,0.763783373989398,0.237246307683604,0.939235245952479,0.0971941990666075,136.41,NA
67,1,0,0,"PPD",5,1,4,0.757121366000771,0.240505072989743,0.937586174390526,0.0972761657146705,111.89,NA
68,1,0,0,"PPD",5,1,4,0.761011091798203,0.240650999295693,0.937321043372322,0.0973494071235036,201.593,NA
69,1,0,0,"PPD",5,1,4,0.764081389131703,0.237572179780004,0.939303000907836,0.0973153991959983,112.144,NA
70,1,0,0,"PPD",5,1,4,0.759043189142779,0.240716083389884,0.938505535598435,0.0971577951919562,111.844,NA
71,1,0,0,"PPD",5,1,4,0.76129068100428,0.236773233577912,0.938472230623069,0.0973167695015559,149.672,NA
72,1,0,0,"PPD",5,1,4,0.758951316164409,0.241289789280284,0.938478265365849,0.097095557943888,110.799,NA
73,1,0,0,"PPD",5,1,4,0.758785379951859,0.240758815933009,0.93949893273698,0.0975549154027316,111.797,NA
74,1,0,0,"PPD",5,1,4,0.763012012205291,0.241559344273346,0.938084810641583,0.0969098038739232,197.018,NA
75,1,0,0,"PPD",5,1,4,0.764462722818124,0.240646267071431,0.938228892851819,0.0971792116827049,157.414,NA
76,1,0,0,"PPD",5,1,4,0.761070749579354,0.240473897909922,0.940017800181985,0.0978142160975306,148.697,NA
77,1,0,0,"PPD",5,1,4,0.759973154176384,0.237281158536416,0.938184925457538,0.0969637974646189,113.116,NA
78,1,0,0,"PPD",5,1,4,0.760557341333344,0.24002505919907,0.937537979916995,0.097413149269611,204.26,NA
79,1,0,0,"PPD",5,1,4,0.76384165502289,0.239960401085795,0.938396830744193,0.0971105448888489,111.047,NA
80,1,0,0,"PPD",5,1,4,0.7613392289544,0.244715364153382,0.939611222113498,0.0974460708413335,156.067,NA
81,1,0,0,"PPD",5,1,4,0.76457876453494,0.245634833931449,0.938781921659193,0.097024056142432,111.413,NA
82,1,0,0,"PPD",5,1,4,0.759662184763305,0.238650511101818,0.938782640521966,0.0971451897225686,133.128,NA
83,1,0,0,"PPD",5,1,4,0.760582309785872,0.239933703001478,0.938994967627328,0.0973125522071542,202.869,NA
84,1,0,0,"PPD",5,1,4,0.760122856073898,0.237749122412249,0.938628937810981,0.0970086397430749,109.782,NA
85,1,0,0,"PPD",5,1,4,0.756443813461572,0.241148538126079,0.937878629559819,0.0969019403435582,202.656,NA
86,1,0,0,"PPD",5,1,4,0.756808680911218,0.240661670745115,0.939237995848725,0.0970646963835381,133.165,NA
87,1,0,0,"PPD",5,1,4,0.759244938201041,0.245482761824792,0.940783704920562,0.0972588355696678,111.691,NA
88,1,0,0,"PPD",5,1,4,0.761505683920815,0.239822380905535,0.939799194359943,0.0974800501150404,200.088,NA
89,1,0,0,"PPD",5,1,4,0.759593609988369,0.236695377056426,0.938437491093886,0.0967975256254095,205.053,NA
90,1,0,0,"PPD",5,1,4,0.759779126224251,0.239420730116661,0.93934779680441,0.0974887787226023,117.616,NA
91,1,0,0,"PPD",5,1,4,0.756075186989443,0.238167149394565,0.938210895340158,0.0969407168384198,110.518,NA
92,1,0,0,"PPD",5,1,4,0.758163598397631,0.240906518410862,0.938373467483429,0.0971196147753138,111.18,NA
93,1,0,0,"PPD",5,1,4,0.761827419695085,0.240869882774885,0.93921362291178,0.0972772359662964,110.597,NA
94,1,0,0,"PPD",5,1,4,0.760615871395168,0.240682979978401,0.938652628768101,0.0976041380564377,108.922,NA
95,1,0,0,"PPD",5,1,4,0.759483952883409,0.242075762095776,0.939324797695455,0.0971418251676427,157.762,NA
96,1,0,0,"PPD",5,1,4,0.7605946977995,0.238219637757983,0.93859048643335,0.0970328933799197,111.186,NA
97,1,0,0,"PPD",5,1,4,0.760758274399125,0.241634564251109,0.939448018910626,0.0972855444806617,110.449,NA
98,1,0,0,"PPD",5,1,4,0.761368890009617,0.240706738490584,0.940146495511305,0.0975098136490085,110.758,NA
99,1,0,0,"PPD",5,1,4,0.764515084162924,0.238525853416596,0.938875510072514,0.0970361983643583,205.093,NA
100,1,0,0,"PPD",5,1,4,0.756865261552706,0.238933877111715,0.937980201705378,0.0969547290320486,115.518,NA
1,2,0,0,"PPD",5,1,4,0.756249437746594,0.231013742341653,0.936944138441858,0.0930360440683035,136.371,NA
2,2,0,0,"PPD",5,1,4,0.755195463821453,0.231070635480104,0.936256392137608,0.09271058714027,112.491,NA
3,2,0,0,"PPD",5,1,4,0.755327366340924,0.229862646128517,0.936399377216282,0.0927617783052843,200.868,NA
4,2,0,0,"PPD",5,1,4,0.756405304361498,0.230528449711239,0.937253374208334,0.0930115327983572,109.396,NA
5,2,0,0,"PPD",5,1,4,0.751731365880297,0.2292552209796,0.934710513369769,0.0926276244981988,111.483,NA
6,2,0,0,"PPD",5,1,4,0.757000900305053,0.232749932028314,0.936900866591023,0.0932038920123157,111.495,NA
7,2,0,0,"PPD",5,1,4,0.755594577234327,0.22844523438665,0.937142821011584,0.0931595040623298,185.002,NA
8,2,0,0,"PPD",5,1,4,0.754014784622033,0.23091671153376,0.936276286621126,0.092729159521679,109.802,NA
9,2,0,0,"PPD",5,1,4,0.752577637434862,0.230010262102393,0.935461108377648,0.0926547511554525,119.08,NA
10,2,0,0,"PPD",5,1,4,0.755113870713459,0.231993022517523,0.935698284996706,0.0927563327017365,110.434,NA
11,2,0,0,"PPD",5,1,4,0.752823756049558,0.231784086967555,0.93391091378571,0.0927802466549265,108.898,NA
12,2,0,0,"PPD",5,1,4,0.753416013060676,0.22800777108379,0.936368909020927,0.0928044634513715,111.57,NA
13,2,0,0,"PPD",5,1,4,0.752059558414597,0.22939027245202,0.935142267284196,0.0924986249824102,204.045,NA
14,2,0,0,"PPD",5,1,4,0.754499381895288,0.229790854240133,0.936464074041304,0.0927878546776503,111.486,NA
15,2,0,0,"PPD",6,6,3,0.807032931170432,0.268832343206284,1.00280039580539,0.106921224507998,201.41,NA
16,2,0,0,"PPD",5,1,4,0.750529118629467,0.232016402341353,0.933699600267177,0.092526706418455,184.637,NA
17,2,0,0,"PPD",5,1,4,0.755377529519217,0.229801628761491,0.93661583893679,0.092780685870073,115.109,NA
18,2,0,0,"PPD",5,1,4,0.75469954757908,0.230673009045263,0.936963907397838,0.092896161453481,111.846,NA
19,2,0,0,"PPD",5,1,4,0.755430518360732,0.229721284083525,0.937044558964789,0.0929977942318324,203.942,NA
20,2,0,0,"PPD",5,1,4,0.75416575089045,0.23075305392444,0.937297069630538,0.092987690217446,112.435,NA
21,2,0,0,"PPD",5,1,4,0.753692723656912,0.2297255416946,0.93643943848375,0.0927828571476644,117.24,NA
22,2,0,0,"PPD",6,6,3,0.808780661422009,0.267787088841314,1.00288283768279,0.106976527213615,111.178,NA
23,2,0,0,"PPD",5,1,4,0.755843320130524,0.23030431870041,0.935461839598292,0.0925797307921355,147.478,NA
24,2,0,0,"PPD",5,1,4,0.753268323461135,0.228040797876843,0.933933240550439,0.0922464079756555,110.973,NA
25,2,0,0,"PPD",6,6,3,0.807515940606714,0.269471601064022,1.00278498508018,0.106976715434949,110.377,NA
26,2,0,0,"PPD",5,1,4,0.755487734377477,0.232770512380353,0.936616391781882,0.0928093808879125,186.683,NA
27,2,0,0,"PPD",5,1,4,0.75201764406666,0.231695325504388,0.936488449871799,0.0928916445399445,153.945,NA
28,2,0,0,"PPD",6,6,3,0.806049850195129,0.268653446918252,1.00261426590338,0.106899852189466,145.562,NA
29,2,0,0,"PPD",5,1,4,0.755197889216309,0.230340108403554,0.936292592200843,0.0928228059128232,116.335,NA
30,2,0,0,"PPD",5,1,4,0.75449347589155,0.230416997790312,0.935219133036673,0.0928017634384468,111.548,NA
31,2,0,0,"PPD",5,1,4,0.755332824775726,0.231141999036105,0.936048678412654,0.0926849209137194,112.596,NA
32,2,0,0,"PPD",5,1,4,0.755206960176368,0.230398001982168,0.935482265169308,0.0927583749761027,111.22,NA
33,2,0,0,"PPD",5,1,4,0.754163330430324,0.23101070275544,0.934074319592085,0.0926529849564488,112.577,NA
34,2,0,0,"PPD",6,6,3,0.80793565751041,0.268290134700255,1.00291891252658,0.107005901075078,112.661,NA
35,2,0,0,"PPD",6,6,3,0.805041243469574,0.267498922700276,1.00283157984532,0.106966569387171,117.993,NA
36,2,0,0,"PPD",5,1,4,0.756003913018085,0.232290707370277,0.936533621964704,0.0929112539568238,204.103,NA
37,2,0,0,"PPD",5,1,4,0.755614095288729,0.231038924895858,0.936583736598632,0.09302416983183,110.809,NA
38,2,0,0,"PPD",5,1,4,0.755264790738122,0.232874898844537,0.936646320126707,0.0928619163954872,202.424,NA
39,2,0,0,"PPD",5,1,4,0.755519117348221,0.23076604517816,0.935939889551137,0.092747410130904,195.929,NA
40,2,0,0,"PPD",5,1,4,0.755059420761322,0.228810993762461,0.935100805078912,0.0927022111076855,201.553,NA
41,2,0,0,"PPD",5,1,4,0.757222243692759,0.231201635950097,0.936047564160344,0.0926791708497739,109.781,NA
42,2,0,0,"PPD",6,6,3,0.807618775038969,0.266296055296401,1.00280138993946,0.106931129191504,115.696,NA
43,2,0,0,"PPD",6,6,3,0.81029168241229,0.269221875481166,1.00273486007308,0.106960535144279,108.422,NA
44,2,0,0,"PPD",5,1,4,0.754416828450426,0.228648325824937,0.935953742822463,0.0926944624466369,108.681,NA
45,2,0,0,"PPD",6,6,3,0.806619526789525,0.265835938140516,1.0026175309197,0.106988135476868,108.929,NA
46,2,0,0,"PPD",5,1,4,0.755358408642745,0.229438038199059,0.936243906611094,0.092780981049622,109.993,NA
47,2,0,0,"PPD",5,1,4,0.754162170879317,0.230964104775859,0.936233055280705,0.0927561913150209,110.051,NA
48,2,0,0,"PPD",5,1,4,0.754489003158649,0.229873157116098,0.936021759703652,0.0926959391136357,200.317,NA
49,2,0,0,"PPD",6,6,3,0.80800588222801,0.266815388894368,1.00262025020297,0.10693606755497,119.741,NA
50,2,0,0,"PPD",5,1,4,0.756313453485936,0.231228648386952,0.936615714598064,0.0927850679532695,200.799,NA
51,2,0,0,"PPD",5,1,4,0.755753009297709,0.233176997790247,0.937130615850566,0.093129063703296,200.712,NA
52,2,0,0,"PPD",5,1,4,0.756139091074094,0.229754851543423,0.93549804669452,0.0926180299022011,109.407,NA
53,2,0,0,"PPD",5,1,4,0.755332906458821,0.230293271270528,0.935021764906175,0.0925529491496188,108.835,NA
54,2,0,0,"PPD",5,1,4,0.752166867087633,0.230627446031602,0.936505441776781,0.092763969974876,127.718,NA
55,2,0,0,"PPD",5,1,4,0.756504351485783,0.229717922148836,0.935749890925459,0.0927301294922719,119.805,NA
56,2,0,0,"PPD",6,6,3,0.805644745251495,0.268255641501447,1.00276676064384,0.106949984803547,110.312,NA
57,2,0,0,"PPD",5,1,4,0.753654008734365,0.230369908101419,0.936021945051327,0.092638689625376,201.285,NA
58,2,0,0,"PPD",5,1,4,0.753756004686728,0.230260705201007,0.934824280599661,0.0925837747893227,141.534,NA
59,2,0,0,"PPD",5,1,4,0.753809385771909,0.230528783320771,0.936224404622859,0.0929096714094219,109.738,NA
60,2,0,0,"PPD",5,1,4,0.752089218057242,0.22988664913761,0.935579501239139,0.0925724150777168,109.531,NA
61,2,0,0,"PPD",6,6,3,0.808718146472535,0.266508984595026,1.00289096498585,0.106947363858433,192.574,NA
62,2,0,0,"PPD",5,1,4,0.755822549685805,0.23127142133387,0.936749643640844,0.0929592592128183,109.677,NA
63,2,0,0,"PPD",6,6,3,0.809088074344329,0.268480464231815,1.00286381853929,0.106929588211761,109.225,NA
64,2,0,0,"PPD",5,1,4,0.755818133889377,0.23108893165127,0.936669406160053,0.0927840215850511,118.51,NA
65,2,0,0,"PPD",5,1,4,0.754818711331873,0.229874943027662,0.935304971759229,0.0926393882375234,111.23,NA
66,2,0,0,"PPD",5,1,4,0.753111752568859,0.231439028625114,0.936042622735116,0.0928116378428768,177.626,NA
67,2,0,0,"PPD",5,1,4,0.756289429880207,0.230325109393653,0.936781082390487,0.0929011794668485,172.749,NA
68,2,0,0,"PPD",6,6,3,0.808668368314802,0.267337333827552,1.00291693671924,0.106942393089928,127.968,NA
69,2,0,0,"PPD",5,1,4,0.75309515962557,0.230599296319293,0.936046027306496,0.0926830288614607,142.042,NA
70,2,0,0,"PPD",6,6,3,0.810719242983398,0.26665957896675,1.00271485542607,0.106947938149169,143.161,NA
71,2,0,0,"PPD",5,1,4,0.755307426219942,0.231826144139142,0.93674025908887,0.0929142002633134,131.871,NA
72,2,0,0,"PPD",5,1,4,0.753234526675405,0.230236794815305,0.934847335680963,0.0926363453979335,202.809,NA
73,2,0,0,"PPD",6,6,3,0.807446236081367,0.268253343234552,1.00268215577336,0.106971553848389,138.715,NA
74,2,0,0,"PPD",5,1,4,0.75438532390089,0.232483221847586,0.936575840121298,0.0927341614237067,158.242,NA
75,2,0,0,"PPD",5,1,4,0.755031809779012,0.231509791343509,0.935480323931216,0.0927247953866283,201.322,NA
76,2,0,0,"PPD",6,6,3,0.807222467125751,0.266794708617575,1.00278340240077,0.106979300995707,137.787,NA
77,2,0,0,"PPD",5,1,4,0.754965033024885,0.230471768821023,0.936047077029987,0.0926780603288243,163.779,NA
78,2,0,0,"PPD",5,1,4,0.756420458304876,0.231301307375724,0.937170324308656,0.0930258843713773,162.749,NA
79,2,0,0,"PPD",5,1,4,0.751422482941229,0.229137120569185,0.935560820810922,0.0927410790620318,195.584,NA
80,2,0,0,"PPD",5,1,4,0.754854892832252,0.232130046791383,0.936938069821574,0.0929735881578308,136.861,NA
81,2,0,0,"PPD",5,1,4,0.753271083522429,0.229833016650649,0.936377936513577,0.0928342980393848,139.047,NA
82,2,0,0,"PPD",5,1,4,0.755302902817356,0.231424399678372,0.937619190443745,0.0930852177412756,133.33,NA
83,2,0,0,"PPD",6,6,3,0.803995151430114,0.267356403024867,1.00271859012076,0.106944018927875,169.988,NA
84,2,0,0,"PPD",5,1,4,0.758811294871178,0.23369633554606,0.936687718784723,0.0929360686077704,172.077,NA
85,2,0,0,"PPD",5,1,4,0.755275335509798,0.232777321554687,0.936850180997974,0.0928550753612201,136.932,NA
86,2,0,0,"PPD",5,1,4,0.754315712722283,0.230802875698932,0.935577057488173,0.0925608003895403,199.752,NA
87,2,0,0,"PPD",5,1,4,0.755589998129732,0.231603684353523,0.936266562630001,0.0927246300110915,125.119,NA
88,2,0,0,"PPD",5,1,4,0.754196761589255,0.230909568775436,0.936329555824722,0.0927288660902511,197.762,NA
89,2,0,0,"PPD",5,1,4,0.755600115486637,0.230283213418732,0.936223385369561,0.0926945812510867,120.3,NA
90,2,0,0,"PPD",5,1,4,0.753770584806122,0.231810957051021,0.935720230485726,0.0925649521403621,201.756,NA
91,2,0,0,"PPD",5,1,4,0.753706627170948,0.23270811750201,0.936760086710766,0.0930344617182833,125.82,NA
92,2,0,0,"PPD",5,1,4,0.7543254617615,0.229181207960626,0.935576841815367,0.092512656435961,143.408,NA
93,2,0,0,"PPD",5,1,4,0.754186603068872,0.231224829465339,0.936403931931597,0.0928319280536288,204.158,NA
94,2,0,0,"PPD",5,1,4,0.751990889082708,0.230994394015923,0.936430908284961,0.0928644070207216,202.065,NA
95,2,0,0,"PPD",5,1,4,0.754465980126675,0.228464081621469,0.935959395105452,0.0927337720429171,111.26,NA
96,2,0,0,"PPD",5,1,4,0.755072259376663,0.231120767212299,0.936296618319056,0.0928238905562139,111.821,NA
97,2,0,0,"PPD",5,1,4,0.756589328723155,0.22970379051349,0.935192518242899,0.0925731258751415,111.595,NA
98,2,0,0,"PPD",5,1,4,0.754504358980826,0.231862691348009,0.936601327125533,0.0928835053390281,111.642,NA
99,2,0,0,"PPD",6,6,3,0.809641919885139,0.266965904712812,1.00279694578939,0.106988186847663,111.573,NA
100,2,0,0,"PPD",5,1,4,0.75506243148881,0.230857232297201,0.934186373811877,0.0925936235470916,109.51,NA
1,0.1,0.392699081698724,22.5,"PPD",1,5,8,0.900027874536849,1.0472553584081,3.40206676511454,2.14822976332371,110.934,NA
2,0.1,0.392699081698724,22.5,"PPD",1,5,8,0.883642426239785,1.01111399320887,3.40563283002325,2.0553447204702,201.163,NA
3,0.1,0.392699081698724,22.5,"PPD",1,5,8,0.856222019172192,0.849376549668438,3.40567308276713,2.04285176655058,111.274,NA
4,0.1,0.392699081698724,22.5,"PPD",1,5,8,1.03036565095944,1.00978931119489,3.62870870426086,2.09646897354664,110.523,NA
5,0.1,0.392699081698724,22.5,"PPD",1,5,8,0.905889929238931,0.924774219399219,3.39299991733103,2.09364227247928,159.83,NA
6,0.1,0.392699081698724,22.5,"PPD",1,5,8,0.842272873060839,0.964334374435308,3.39465955608171,2.13653144855817,150.089,NA
7,0.1,0.392699081698724,22.5,"PPD",1,5,8,0.938493203444549,0.967764974310585,3.38722412701016,2.08436889998544,202.483,NA
8,0.1,0.392699081698724,22.5,"PPD",1,5,8,0.885172612521378,0.970298783997845,3.26857672637239,2.10801089072646,201.303,NA
9,0.1,0.392699081698724,22.5,"PPD",1,5,8,0.961655577436581,0.95381787671881,3.40342876184281,2.11674232615839,155.904,NA
10,0.1,0.392699081698724,22.5,"PPD",1,5,8,0.956967181735977,1.02901553165709,3.44888797680891,2.08054139272269,119.822,NA
11,0.1,0.392699081698724,22.5,"PPD",1,5,8,0.958478339521807,1.03942476254711,3.25869839275794,2.09483437910699,171.25,NA
12,0.1,0.392699081698724,22.5,"PPD",1,5,8,0.833945260779918,0.999948490461392,3.23512390160675,2.06889251806151,158.075,NA
13,0.1,0.392699081698724,22.5,"PPD",1,5,8,0.84203549287445,0.977247878936179,3.30842412976691,2.04403044447698,123.539,NA
14,0.1,0.392699081698724,22.5,"PPD",1,5,8,0.827430387970753,0.903706676212025,3.2894708874527,2.05527244535717,201.761,NA
15,0.1,0.392699081698724,22.5,"PPD",1,5,8,0.962690189244953,0.965610092629602,3.44797760625644,2.05635750315737,117.833,NA
16,0.1,0.392699081698724,22.5,"PPD",1,5,8,0.918845788208046,0.99039095429329,3.21818836585144,2.12066661831073,110.067,NA
17,0.1,0.392699081698724,22.5,"PPD",1,5,8,0.935082893628127,0.969238686987054,3.37854120111382,2.10975861612215,111.781,NA
18,0.1,0.392699081698724,22.5,"PPD",1,5,8,0.825410220865835,0.952797327439744,3.32221444047749,2.08594232072501,116.947,NA
19,0.1,0.392699081698724,22.5,"PPD",1,5,8,0.949445540851049,0.955025263744842,3.47339818802862,2.07837489071676,115.296,NA
20,0.1,0.392699081698724,22.5,"PPD",1,5,8,0.866836162722148,0.955454336956522,3.36679560365245,2.13450225351276,200.645,NA
21,0.1,0.392699081698724,22.5,"PPD",1,5,8,0.868132526535313,0.931805574769772,3.39002330714379,2.05249506271075,110.182,NA
22,0.1,0.392699081698724,22.5,"PPD",1,5,8,0.85978941035523,0.925937426865212,3.26758206253039,2.0703984704216,202.333,NA
23,0.1,0.392699081698724,22.5,"PPD",1,5,8,0.837432705487351,0.907442927699852,3.29363189942937,2.04458279420348,111.654,NA
24,0.1,0.392699081698724,22.5,"PPD",1,5,8,0.936584250748664,0.918644500013631,3.46966582148778,2.09125731598115,112.033,NA
25,0.1,0.392699081698724,22.5,"PPD",1,5,8,0.841330818423818,1.01214909405727,3.16784707007999,2.11511302919055,111.742,NA
26,0.1,0.392699081698724,22.5,"PPD",1,5,8,0.837924583534131,0.932956653056563,3.30432196179807,2.08379962986884,135.181,NA
27,0.1,0.392699081698724,22.5,"PPD",1,5,8,0.897829906302863,1.07735503002791,3.28207106077701,2.14507613500547,170.567,NA
28,0.1,0.392699081698724,22.5,"PPD",2,4,7,0.868317808942119,1.05666308382721,2.49235780326767,1.79917283976948,145.262,NA
29,0.1,0.392699081698724,22.5,"PPD",1,5,8,0.934181007010086,1.04342942063925,3.34574773458687,2.12299273958274,202.672,NA
30,0.1,0.392699081698724,22.5,"PPD",1,5,8,0.83869847803887,0.980679632970244,3.28230612282271,2.09677076053187,201.648,NA
31,0.1,0.392699081698724,22.5,"PPD",1,5,8,0.944097665592752,0.946246514234085,3.36787624628133,2.01793256901615,110.666,NA
32,0.1,0.392699081698724,22.5,"PPD",1,5,8,0.857312855314081,1.00564676812405,3.31434911059157,2.10579887200532,122.332,NA
33,0.1,0.392699081698724,22.5,"PPD",1,5,8,0.890406707063625,0.916886198132525,3.38765273043601,2.09614247226127,109.807,NA
34,0.1,0.392699081698724,22.5,"PPD",1,5,8,0.826339348358716,0.899951340939329,3.29768916451364,2.0592147717243,145.212,NA
35,0.1,0.392699081698724,22.5,"PPD",1,5,8,0.81241825149318,0.995850622234852,3.23567087949382,2.11917355020819,110.78,NA
36,0.1,0.392699081698724,22.5,"PPD",1,5,8,0.956278990459358,1.0018384972256,3.46176803652344,2.0920059306657,112.852,NA
37,0.1,0.392699081698724,22.5,"PPD",1,5,8,0.921991955680432,1.04906883581422,3.31607075423042,2.14279525080441,200.866,NA
38,0.1,0.392699081698724,22.5,"PPD",1,5,8,0.867359708789221,0.925419737383576,3.34231255294647,2.0529455973944,111.199,NA
39,0.1,0.392699081698724,22.5,"PPD",1,5,8,0.8997700812098,0.966017258780105,3.29663178781311,2.08581251340633,112.057,NA
40,0.1,0.392699081698724,22.5,"PPD",1,5,8,0.867101428024515,0.9422684911141,3.33999149046011,2.07307148761,114.554,NA
41,0.1,0.392699081698724,22.5,"PPD",1,5,8,0.972218117495859,0.914485864982342,3.4375438049248,2.07259842091563,149.262,NA
42,0.1,0.392699081698724,22.5,"PPD",1,5,8,0.86709389105603,0.962096549406627,3.36022504546357,2.0826465325254,200.089,NA
43,0.1,0.392699081698724,22.5,"PPD",1,5,8,0.889536651358999,0.941359784103154,3.41602512359698,2.06547648427297,110.21,NA
44,0.1,0.392699081698724,22.5,"PPD",1,5,8,0.891141019582672,0.982047082472301,3.34166639450021,2.07463004470864,109.985,NA
45,0.1,0.392699081698724,22.5,"PPD",1,5,8,0.873865141327911,0.96282251459484,3.37446644148118,2.05647704141331,110.995,NA
46,0.1,0.392699081698724,22.5,"PPD",1,6,9,0.919121003764235,0.994942888097303,3.62216142890635,2.27479531589815,202.155,NA
47,0.1,0.392699081698724,22.5,"PPD",1,5,8,0.92341073351195,1.05384353281888,3.32919956510155,2.14030103445152,200.328,NA
48,0.1,0.392699081698724,22.5,"PPD",1,5,8,0.963314342337136,0.951035410666674,3.42588761375628,2.07383765818836,204.568,NA
49,0.1,0.392699081698724,22.5,"PPD",1,5,8,0.845195243479776,0.935740231668146,3.38101682321016,2.12098813731733,196.253,NA
50,0.1,0.392699081698724,22.5,"PPD",1,5,8,0.832580001601911,0.928514474973066,3.33136474494229,2.07129315026092,193.986,NA
51,0.1,0.392699081698724,22.5,"PPD",1,5,8,0.845668750467931,0.904957065989507,3.33918178587849,2.0668101251223,200.796,NA
52,0.1,0.392699081698724,22.5,"PPD",1,5,8,0.864109353613067,0.911105128065091,3.3487653830362,2.0834519703343,110.425,NA
53,0.1,0.392699081698724,22.5,"PPD",1,5,8,0.99896711007025,1.03586690801735,3.50792531547634,2.12358501731476,202.104,NA
54,0.1,0.392699081698724,22.5,"PPD",1,5,8,0.928202028659519,0.964898768417123,3.44630976454053,2.11291757670217,112.997,NA
55,0.1,0.392699081698724,22.5,"PPD",1,5,8,0.990443557430307,1.0073601582756,3.46393098776036,2.09406158391836,111.108,NA
56,0.1,0.392699081698724,22.5,"PPD",1,5,8,0.874272308247918,0.958658060577144,3.31544137692068,2.07416945873693,112.535,NA
57,0.1,0.392699081698724,22.5,"PPD",1,5,8,0.968536002726294,1.0270930293519,3.35926300061164,2.09613901329058,135.139,NA
58,0.1,0.392699081698724,22.5,"PPD",1,5,8,0.855891583999157,0.998481881700162,3.31445329260497,2.04687280372874,110.449,NA
59,0.1,0.392699081698724,22.5,"PPD",1,5,8,0.924740755708079,0.940996427213778,3.37668495507736,2.05510171553205,110.234,NA
60,0.1,0.392699081698724,22.5,"PPD",1,5,8,0.929220142665235,1.01448815591912,3.37465208579803,2.08698314129461,113.461,NA
61,0.1,0.392699081698724,22.5,"PPD",1,5,8,0.802207108143032,0.877201755255162,3.33932057589668,2.09060454966176,110.043,NA
62,0.1,0.392699081698724,22.5,"PPD",1,5,8,0.847290013226345,0.935341706437651,3.31715263510651,2.06945507205046,109.83,NA
63,0.1,0.392699081698724,22.5,"PPD",1,5,8,0.929853284015162,0.994515526213872,3.34052681399914,2.12848734538781,110.093,NA
64,0.1,0.392699081698724,22.5,"PPD",1,5,8,0.949544803612188,0.992323321634489,3.35595432787437,2.10146110263277,203.103,NA
65,0.1,0.392699081698724,22.5,"PPD",1,5,8,0.882194752406365,0.958785233669979,3.39048227507679,2.1060419316715,113.581,NA
66,0.1,0.392699081698724,22.5,"PPD",1,5,8,0.928237952256382,1.09227746574294,3.36581458352904,2.08140360713278,137.101,NA
67,0.1,0.392699081698724,22.5,"PPD",1,5,8,0.972337930871101,1.00578544691301,3.53534501303225,2.11772522080187,202.302,NA
68,0.1,0.392699081698724,22.5,"PPD",1,5,8,0.85163769324448,1.0470905813068,3.38276277563984,2.08078627289856,203.495,NA
69,0.1,0.392699081698724,22.5,"PPD",1,5,8,0.862992027191727,0.936480470891145,3.2992200219546,2.0596085501573,200.904,NA
70,0.1,0.392699081698724,22.5,"PPD",1,5,8,0.937147912894347,0.954303814305341,3.33433370066284,2.06750502697204,118.491,NA
71,0.1,0.392699081698724,22.5,"PPD",1,5,8,0.965184371008645,1.04307721327962,3.4337484000774,2.1493195965452,110.828,NA
72,0.1,0.392699081698724,22.5,"PPD",1,5,8,0.971262629692492,0.973019650922078,3.46551058818123,2.10352157519923,128.5,NA
73,0.1,0.392699081698724,22.5,"PPD",1,5,8,0.800709140419691,0.976090404274735,3.29705665948906,2.10356619114989,165.033,NA
74,0.1,0.392699081698724,22.5,"PPD",1,5,8,0.836638318164892,1.00255174287305,3.31763935718705,2.12233704065871,110.525,NA
75,0.1,0.392699081698724,22.5,"PPD",1,5,8,0.866902305906187,0.980021627108895,3.29475052733621,2.13639945414939,125.054,NA
76,0.1,0.392699081698724,22.5,"PPD",1,5,8,0.977173374111893,0.899263697351144,3.443572031106,2.06523162094793,202.179,NA
77,0.1,0.392699081698724,22.5,"PPD",1,5,8,0.818514327979358,0.891996725082368,3.32933336114949,2.07864140456349,110.368,NA
78,0.1,0.392699081698724,22.5,"PPD",1,5,8,0.841164125325409,0.991948814934623,3.28724620603642,2.05743391785717,200.71,NA
79,0.1,0.392699081698724,22.5,"PPD",1,5,8,0.853923255481187,0.967311575922253,3.34792982998124,2.07996597303765,110.116,NA
80,0.1,0.392699081698724,22.5,"PPD",2,4,7,1.01153971025145,1.07378513830162,2.66440169316621,1.78991772890161,111.111,NA
81,0.1,0.392699081698724,22.5,"PPD",1,5,8,0.829450471326934,1.03619367580548,3.30013903850198,2.00563163974009,110.584,NA
82,0.1,0.392699081698724,22.5,"PPD",1,5,8,0.858986657282453,0.936594618970803,3.29787176569441,2.05094720016735,170.069,NA
83,0.1,0.392699081698724,22.5,"PPD",1,5,8,0.891674655350328,1.00649271548885,3.39679197142866,2.08287971255876,203.508,NA
84,0.1,0.392699081698724,22.5,"PPD",1,5,8,0.968729194421745,0.944642799422583,3.4304380184155,2.06231282976108,112.425,NA
85,0.1,0.392699081698724,22.5,"PPD",1,5,8,1.02753598468935,0.982727638942377,3.49708040500711,2.08963755652486,109.874,NA
86,0.1,0.392699081698724,22.5,"PPD",1,5,8,0.811212234932311,0.889860061982104,3.30210231767827,2.06023599321447,160.61,NA
87,0.1,0.392699081698724,22.5,"PPD",1,5,8,0.868624241806915,1.02689639536801,3.35181276390347,2.11892151040935,196.536,NA
88,0.1,0.392699081698724,22.5,"PPD",1,5,8,0.946892868049331,0.933317579166178,3.45368494669286,2.08619843720528,123.443,NA
89,0.1,0.392699081698724,22.5,"PPD",1,5,8,0.94590391592491,1.0149014417167,3.33669657074052,2.12128595691672,113.202,NA
90,0.1,0.392699081698724,22.5,"PPD",1,5,8,0.948433227799161,1.01104479396877,3.46253805623875,2.09904053936188,200.973,NA
91,0.1,0.392699081698724,22.5,"PPD",1,5,8,0.921568607048898,1.02618379956481,3.35528922190226,2.16303930553511,110.782,NA
92,0.1,0.392699081698724,22.5,"PPD",1,5,8,0.870407273233121,0.965276197761603,3.37608077332139,2.09755081538263,111.352,NA
93,0.1,0.392699081698724,22.5,"PPD",1,5,8,0.905826923866313,1.07653207910814,3.35989023042589,2.09974212995937,111.039,NA
94,0.1,0.392699081698724,22.5,"PPD",1,5,8,0.896900863248397,0.973926113112401,3.42878779339184,2.08395694376468,203.96,NA
95,0.1,0.392699081698724,22.5,"PPD",1,5,8,0.869913952446336,1.0899285527524,3.35737207596839,2.13124291512416,110.666,NA
96,0.1,0.392699081698724,22.5,"PPD",1,5,8,0.905137316197556,0.910940885170626,3.27562983285602,2.05282963078592,132.742,NA
97,0.1,0.392699081698724,22.5,"PPD",1,5,8,0.863465122083671,1.01644202619225,3.36594752536007,2.08842787751521,112.953,NA
98,0.1,0.392699081698724,22.5,"PPD",1,5,8,0.863774599358605,0.944258215534484,3.31836512079879,2.09257007405764,174.108,NA
99,0.1,0.392699081698724,22.5,"PPD",1,5,8,0.852962570485741,1.00893748934447,3.22964040909379,2.08654307894643,112.145,NA
100,0.1,0.392699081698724,22.5,"PPD",1,5,8,0.821659372469104,0.925735017581804,3.30389763664821,2.07038068734817,202.25,NA
1,0.25,0.392699081698724,22.5,"PPD",4,2,5,0.72034808191942,0.313160818912323,0.934341448675071,0.214572616694534,110.786,NA
2,0.25,0.392699081698724,22.5,"PPD",4,2,5,0.714827684354443,0.31889149232575,0.933654845632021,0.216581589553617,202.605,NA
3,0.25,0.392699081698724,22.5,"PPD",4,2,5,0.714742719718204,0.310033185610333,0.948147459892222,0.221813088179256,136.917,NA
4,0.25,0.392699081698724,22.5,"PPD",3,3,6,0.106018555452954,0.126160908323618,0.209548875662886,0.186331966747877,147.28,NA
5,0.25,0.392699081698724,22.5,"PPD",4,2,5,0.740213207408829,0.300011649252599,0.925949822459824,0.219896852882471,184.418,NA
6,0.25,0.392699081698724,22.5,"PPD",4,2,5,0.726945892944482,0.30951968867378,0.933797221085319,0.222109239881917,200.581,NA
7,0.25,0.392699081698724,22.5,"PPD",4,2,5,0.73070796692524,0.324077471961582,0.927139122322064,0.220355986707007,131.39,NA
8,0.25,0.392699081698724,22.5,"PPD",4,2,5,0.716189879814008,0.321617182876041,0.935449358004414,0.220225115975899,111.454,NA
9,0.25,0.392699081698724,22.5,"PPD",4,2,5,0.724378756409354,0.307363664579063,0.933374446333322,0.214546474672751,110.734,NA
10,0.25,0.392699081698724,22.5,"PPD",4,2,5,0.714073131325675,0.320847579478624,0.924325079922765,0.214581427064603,111.768,NA
11,0.25,0.392699081698724,22.5,"PPD",4,2,5,0.713018456327459,0.305022021250605,0.938543626322111,0.213603731001598,200.703,NA
12,0.25,0.392699081698724,22.5,"PPD",4,2,5,0.736066922940211,0.310832852427487,0.935540398727687,0.208042599329711,202.264,NA
13,0.25,0.392699081698724,22.5,"PPD",4,2,5,0.717416951848844,0.332828825642929,0.930505335601905,0.21462099423498,110.76,NA
14,0.25,0.392699081698724,22.5,"PPD",4,2,5,0.733463715282779,0.325779018919127,0.950021073146058,0.216925984644434,110.291,NA
15,0.25,0.392699081698724,22.5,"PPD",4,2,5,0.714099095794684,0.301888286225371,0.906224358913361,0.205997298614079,112.03,NA
16,0.25,0.392699081698724,22.5,"PPD",4,2,5,0.723120657327224,0.313669614464225,0.928279961345461,0.21478267827855,125.857,NA
17,0.25,0.392699081698724,22.5,"PPD",4,2,5,0.722671274662538,0.327198720292443,0.933986903767878,0.219832116673326,111.363,NA
18,0.25,0.392699081698724,22.5,"PPD",4,2,5,0.729714332688273,0.311896481471758,0.930954673560887,0.203874033818669,200.301,NA
19,0.25,0.392699081698724,22.5,"PPD",4,2,5,0.714260854562165,0.330059554792058,0.914695947277031,0.216720534398593,110.867,NA
20,0.25,0.392699081698724,22.5,"PPD",4,2,5,0.723705453893153,0.307532642730404,0.928732451125309,0.211075303687092,110.867,NA
21,0.25,0.392699081698724,22.5,"PPD",4,2,5,0.734074767389169,0.318440883466526,0.926382083375612,0.20964076585273,200.855,NA
22,0.25,0.392699081698724,22.5,"PPD",4,2,5,0.714054444614425,0.311767524960694,0.929160196497444,0.218309153483911,147.105,NA
23,0.25,0.392699081698724,22.5,"PPD",3,3,6,0.114726574208999,0.131508613256896,0.198683478623801,0.189120764031499,200.595,NA
24,0.25,0.392699081698724,22.5,"PPD",4,2,5,0.704526399953267,0.315439316128023,0.937538195450368,0.222103907737603,141.904,NA
25,0.25,0.392699081698724,22.5,"PPD",4,2,5,0.713896096233407,0.311048311734186,0.901551627005429,0.202318930600302,174.077,NA
26,0.25,0.392699081698724,22.5,"PPD",4,2,5,0.716427092120665,0.319242621946834,0.92887031902914,0.207718973789248,110.421,NA
27,0.25,0.392699081698724,22.5,"PPD",4,2,5,0.731528280337094,0.316075782659438,0.931900072439309,0.223063220867548,202.249,NA
28,0.25,0.392699081698724,22.5,"PPD",4,2,5,0.726078804061567,0.322994259765378,0.938120662370401,0.212508005313127,111.168,NA
29,0.25,0.392699081698724,22.5,"PPD",4,2,5,0.715923263671012,0.316810822650569,0.930347594258144,0.212869577639895,129.484,NA
30,0.25,0.392699081698724,22.5,"PPD",4,2,5,0.724386736308103,0.318465101084986,0.943839873026019,0.229970533566833,124.456,NA
31,0.25,0.392699081698724,22.5,"PPD",4,2,5,0.723093428140387,0.317318218026498,0.937276060188734,0.220350163774458,113.126,NA
32,0.25,0.392699081698724,22.5,"PPD",4,2,5,0.728045497077979,0.320416397186925,0.932454720171671,0.213998608142256,110.995,NA
33,0.25,0.392699081698724,22.5,"PPD",4,2,5,0.723805889044181,0.31004510799429,0.950001301036742,0.215800733572282,112.135,NA
34,0.25,0.392699081698724,22.5,"PPD",4,2,5,0.729674826683824,0.31664612239241,0.942711995257841,0.214834008122723,113.159,NA
35,0.25,0.392699081698724,22.5,"PPD",4,2,5,0.717901514692373,0.305872871304763,0.93044349453386,0.21652614514917,202.727,NA
36,0.25,0.392699081698724,22.5,"PPD",4,2,5,0.726786218823256,0.325304809575145,0.934907402738943,0.223180444182263,111.581,NA
37,0.25,0.392699081698724,22.5,"PPD",4,2,5,0.709502328750239,0.319313573398403,0.917683746187827,0.209514715974646,110.194,NA
38,0.25,0.392699081698724,22.5,"PPD",4,2,5,0.720335368168158,0.318591146197082,0.937007950456546,0.217744561873906,202.297,NA
39,0.25,0.392699081698724,22.5,"PPD",4,2,5,0.724606062108839,0.318231906008871,0.944121892031426,0.218994999440221,139.743,NA
40,0.25,0.392699081698724,22.5,"PPD",4,2,5,0.681508645010777,0.304577414628348,0.892644720304682,0.210034009355431,110.215,NA
41,0.25,0.392699081698724,22.5,"PPD",4,2,5,0.736572720619702,0.320963418141191,0.917213866329421,0.21662746451858,112.8,NA
42,0.25,0.392699081698724,22.5,"PPD",4,2,5,0.700242157027986,0.307449473556001,0.934104833343658,0.223393740480531,200.957,NA
43,0.25,0.392699081698724,22.5,"PPD",4,2,5,0.709904036773988,0.320564930789841,0.934441399893054,0.220380216480835,199.801,NA
44,0.25,0.392699081698724,22.5,"PPD",4,2,5,0.730471478802426,0.318339291092743,0.934822626068965,0.216129135020748,200.927000000001,NA
45,0.25,0.392699081698724,22.5,"PPD",4,2,5,0.728794735154146,0.327548909014498,0.941666618725046,0.223880544588745,202.155,NA
46,0.25,0.392699081698724,22.5,"PPD",4,2,5,0.709460603131529,0.318461871771142,0.939338697112441,0.210311497355448,112.119,NA
47,0.25,0.392699081698724,22.5,"PPD",4,2,5,0.73838783378769,0.324313641637373,0.940845975927673,0.224774462743436,110.634,NA
48,0.25,0.392699081698724,22.5,"PPD",4,2,5,0.724742130148193,0.331916916519971,0.93616663764777,0.21198227825177,203.472,NA
49,0.25,0.392699081698724,22.5,"PPD",3,3,6,0.134190862437285,0.136990042158912,0.228277093877346,0.197165800429469,111.127,NA
50,0.25,0.392699081698724,22.5,"PPD",4,2,5,0.731643542374807,0.309363746931359,0.945549398866835,0.22463673301052,201.872,NA
51,0.25,0.392699081698724,22.5,"PPD",4,2,5,0.731788419850567,0.30789107349507,0.926067747945909,0.209635139928862,112.137,NA
52,0.25,0.392699081698724,22.5,"PPD",4,2,5,0.724945634944739,0.312811622022559,0.942380676356181,0.208857360723457,111.76,NA
53,0.25,0.392699081698724,22.5,"PPD",4,2,5,0.732044584763431,0.308673186194963,0.919601776417046,0.209304627980642,111.237,NA
54,0.25,0.392699081698724,22.5,"PPD",4,2,5,0.717103688139439,0.335457534817571,0.938644751277297,0.213874546823208,170.329,NA
55,0.25,0.392699081698724,22.5,"PPD",4,2,5,0.702892785032124,0.312940457321972,0.948270357799004,0.223404823261545,109.581,NA
56,0.25,0.392699081698724,22.5,"PPD",3,3,6,0.116981771937844,0.130896908791121,0.227710727058021,0.19561103432386,111.524,NA
57,0.25,0.392699081698724,22.5,"PPD",4,2,5,0.715128406105089,0.312524699373795,0.926568136898456,0.220720584985199,128.831,NA
58,0.25,0.392699081698724,22.5,"PPD",4,2,5,0.703916922019325,0.308945672494738,0.928764424656983,0.209364078379302,201.517,NA
59,0.25,0.392699081698724,22.5,"PPD",4,2,5,0.686198510752347,0.316232870954891,0.913624666262162,0.225870295254482,110.649,NA
60,0.25,0.392699081698724,22.5,"PPD",4,2,5,0.698530438701184,0.311816201603799,0.935884905562478,0.207359478854469,110.061,NA
61,0.25,0.392699081698724,22.5,"PPD",4,2,5,0.705331107766589,0.314661645521392,0.938658961816527,0.211976834406687,110.365,NA
62,0.25,0.392699081698724,22.5,"PPD",4,2,5,0.714608493495141,0.318015625367029,0.929945645355702,0.211388177772018,200.389,NA
63,0.25,0.392699081698724,22.5,"PPD",4,2,5,0.730952169013959,0.320846741166556,0.932341556577464,0.20938414768946,127.353999999999,NA
64,0.25,0.392699081698724,22.5,"PPD",4,2,5,0.737643441735337,0.307637498693413,0.947520844967961,0.22126034156492,202.599,NA
65,0.25,0.392699081698724,22.5,"PPD",4,2,5,0.714393502663383,0.320712826379498,0.926431882181356,0.208813749285906,136.428,NA
66,0.25,0.392699081698724,22.5,"PPD",4,2,5,0.720141774733983,0.309021011048399,0.936352850353674,0.218888635478854,110.014,NA
67,0.25,0.392699081698724,22.5,"PPD",4,2,5,0.716927595949678,0.302614560611035,0.94303433519358,0.213686671763913,202.121,NA
68,0.25,0.392699081698724,22.5,"PPD",4,2,5,0.706119269872926,0.30641067939008,0.931968899812205,0.208752522574712,112.987,NA
69,0.25,0.392699081698724,22.5,"PPD",4,2,5,0.724846066222992,0.312184222150824,0.938237198746794,0.212207449339034,168.937,NA
70,0.25,0.392699081698724,22.5,"PPD",4,2,5,0.716700360039041,0.330615469012832,0.923588854873414,0.217891581815923,111.409999999999,NA
71,0.25,0.392699081698724,22.5,"PPD",4,2,5,0.69630383765011,0.323255418616132,0.933536568610784,0.224457502462084,156.733,NA
72,0.25,0.392699081698724,22.5,"PPD",4,2,5,0.715210360416219,0.322267068425172,0.939450253341821,0.213143705433048,111.408,NA
73,0.25,0.392699081698724,22.5,"PPD",4,2,5,0.728821724913341,0.302310370737671,0.940591322555768,0.215779409693177,110.095,NA
74,0.25,0.392699081698724,22.5,"PPD",4,2,5,0.705282835984679,0.299566054272852,0.925597984187425,0.211073375850495,110.795,NA
75,0.25,0.392699081698724,22.5,"PPD",4,2,5,0.725738476566379,0.306522235693318,0.939080758823803,0.221991249213999,110.254,NA
76,0.25,0.392699081698724,22.5,"PPD",4,2,5,0.726845309464002,0.328586672890307,0.933981790422388,0.210739893302807,153.920999999999,NA
77,0.25,0.392699081698724,22.5,"PPD",4,2,5,0.721522855443931,0.321529130837074,0.929302830553328,0.207212425418912,202.69,NA
78,0.25,0.392699081698724,22.5,"PPD",4,2,5,0.68636807630043,0.315294330807854,0.940957698291029,0.218438621148985,112.113,NA
79,0.25,0.392699081698724,22.5,"PPD",4,2,5,0.697346338394237,0.305400585171064,0.921189353595589,0.219804116120832,122.397,NA
80,0.25,0.392699081698724,22.5,"PPD",4,2,5,0.720684892982141,0.31717705894471,0.935339869873267,0.208661193744951,198.888,NA
81,0.25,0.392699081698724,22.5,"PPD",4,2,5,0.725303493765891,0.308023515099974,0.935842239464181,0.222371367909996,200.92,NA
82,0.25,0.392699081698724,22.5,"PPD",4,2,5,0.708547938753269,0.301184337891107,0.93028150448927,0.213551214036859,109.976,NA
83,0.25,0.392699081698724,22.5,"PPD",4,2,5,0.720948720695142,0.322739803723857,0.931163316119009,0.212621315274862,201.688999999999,NA
84,0.25,0.392699081698724,22.5,"PPD",4,2,5,0.722614339573964,0.315198145343163,0.936827137294943,0.22378830427076,109.978,NA
85,0.25,0.392699081698724,22.5,"PPD",4,2,5,0.723180565330815,0.325847800234731,0.914574010257989,0.221328455007468,160.678000000001,NA
86,0.25,0.392699081698724,22.5,"PPD",4,2,5,0.731172416882618,0.310759539929897,0.937352348121706,0.212032869691778,125.859,NA
87,0.25,0.392699081698724,22.5,"PPD",4,2,5,0.728110319000714,0.316839432182785,0.940158566329375,0.214024173917599,110.676,NA
88,0.25,0.392699081698724,22.5,"PPD",4,2,5,0.72185792305433,0.33180915049172,0.936572383729753,0.214734060131685,201.075,NA
89,0.25,0.392699081698724,22.5,"PPD",3,3,6,0.113152126272532,0.12904981604448,0.217594609730216,0.186036156005162,190.373000000001,NA
90,0.25,0.392699081698724,22.5,"PPD",4,2,5,0.70582413698826,0.314634266938832,0.932795148640623,0.214517490269701,110.441000000001,NA
91,0.25,0.392699081698724,22.5,"PPD",4,2,5,0.742166847482508,0.302455840648788,0.935900547828981,0.214747236827156,111.822999999999,NA
92,0.25,0.392699081698724,22.5,"PPD",4,2,5,0.72197153725921,0.337806090329655,0.940772336178384,0.208478907766885,191.656,NA
93,0.25,0.392699081698724,22.5,"PPD",4,2,5,0.703586391055386,0.311157918895346,0.923209606250118,0.215132199782674,203.055,NA
94,0.25,0.392699081698724,22.5,"PPD",3,3,6,0.120755188277483,0.128948565920336,0.20985036867619,0.188957711223132,110.461,NA
95,0.25,0.392699081698724,22.5,"PPD",4,2,5,0.711400897384223,0.317682065679212,0.921558805214366,0.218922562967286,161.373,NA
96,0.25,0.392699081698724,22.5,"PPD",4,2,5,0.742312080291259,0.312519603450823,0.941806085442395,0.221144997153211,110.562,NA
97,0.25,0.392699081698724,22.5,"PPD",4,2,5,0.707941707394822,0.323241952315593,0.94012040658784,0.229543166446423,112.302000000001,NA
98,0.25,0.392699081698724,22.5,"PPD",4,2,5,0.72409858325909,0.309957322118788,0.933941086566741,0.209223201196383,109.580999999999,NA
99,0.25,0.392699081698724,22.5,"PPD",4,2,5,0.714241343652652,0.315740181205112,0.930658593005752,0.216732162091617,178.725,NA
100,0.25,0.392699081698724,22.5,"PPD",4,2,5,0.727943236517198,0.320090113072547,0.927245843039081,0.212665819598988,202.704000000001,NA
1,0.5,0.392699081698724,22.5,"PPD",4,2,5,0.631421301257431,0.179721259107974,0.812562886356042,0.0900686446196466,111.356,NA
2,0.5,0.392699081698724,22.5,"PPD",4,2,5,0.626188815905792,0.183780895099052,0.814304199251234,0.0911254305346763,112.783,NA
3,0.5,0.392699081698724,22.5,"PPD",4,2,5,0.644736845020274,0.180906228998804,0.819682940510487,0.0917782675880843,180.872,NA
4,0.5,0.392699081698724,22.5,"PPD",5,1,4,0.765202236154929,0.269512687194031,0.94798246589385,0.116103926993831,110.082,NA
5,0.5,0.392699081698724,22.5,"PPD",4,2,5,0.620473998684295,0.179158544834225,0.805752584208417,0.0903631796456554,202.655000000001,NA
6,0.5,0.392699081698724,22.5,"PPD",4,2,5,0.615677081312135,0.177442155101622,0.789335758740484,0.0898463960423429,110.799,NA
7,0.5,0.392699081698724,22.5,"PPD",4,2,5,0.638425806854651,0.181061130672849,0.817918214364283,0.091271957551241,111.52,NA
8,0.5,0.392699081698724,22.5,"PPD",4,2,5,0.622344457157461,0.17646097879249,0.80941921256505,0.0887589273494039,111.784000000001,NA
9,0.5,0.392699081698724,22.5,"PPD",4,2,5,0.631653173709925,0.175204696267928,0.811043341311168,0.0886280703768791,109.987,NA
10,0.5,0.392699081698724,22.5,"PPD",4,2,5,0.640586200353657,0.180925294299125,0.820159143532123,0.0904684836571464,164.981000000001,NA
11,0.5,0.392699081698724,22.5,"PPD",4,2,5,0.642621260381852,0.183963192675988,0.818811346626013,0.0894179927061104,111.944,NA
12,0.5,0.392699081698724,22.5,"PPD",4,2,5,0.63199877276026,0.183344582841677,0.816630064464271,0.0890437251254195,196.932,NA
13,0.5,0.392699081698724,22.5,"PPD",4,2,5,0.633329855848989,0.183281611341873,0.808363271427613,0.0902319381785964,110.668000000001,NA
14,0.5,0.392699081698724,22.5,"PPD",4,2,5,0.632450414472205,0.185360689845395,0.817588761440823,0.0903523787055401,205.391000000001,NA
15,0.5,0.392699081698724,22.5,"PPD",4,2,5,0.637555986392822,0.17764332696028,0.817745599032479,0.0898903219521249,120.58,NA
16,0.5,0.392699081698724,22.5,"PPD",4,2,5,0.639295744131877,0.184765096279718,0.821922295081018,0.090313361818653,201.561,NA
17,0.5,0.392699081698724,22.5,"PPD",4,2,5,0.635758783010567,0.181308644056046,0.813066992505825,0.0907490650200504,126.055,NA
18,0.5,0.392699081698724,22.5,"PPD",4,2,5,0.634086934450639,0.191056410930678,0.811577473812229,0.0888822967157575,198.027,NA
19,0.5,0.392699081698724,22.5,"PPD",4,2,5,0.623523714958281,0.180358126712611,0.808452061687752,0.0903847413861925,135,NA
20,0.5,0.392699081698724,22.5,"PPD",4,2,5,0.60150077427474,0.178101190992663,0.782018892815726,0.0886174370714675,155.091,NA
21,0.5,0.392699081698724,22.5,"PPD",4,2,5,0.619007433479619,0.173115939086386,0.79219899736284,0.0890896147292902,136.225,NA
22,0.5,0.392699081698724,22.5,"PPD",4,2,5,0.632930638985775,0.177817565695676,0.816098753920954,0.0906213264659149,143.504,NA
23,0.5,0.392699081698724,22.5,"PPD",4,2,5,0.612063893207851,0.177246580194218,0.77678059248359,0.0899575894359443,199.948,NA
24,0.5,0.392699081698724,22.5,"PPD",4,2,5,0.629797355797242,0.179396846928153,0.816479832191532,0.0915446033168815,192.383000000001,NA
25,0.5,0.392699081698724,22.5,"PPD",5,1,4,0.756094769317833,0.270704948672642,0.949105286765538,0.117235354055504,211.157,NA
26,0.5,0.392699081698724,22.5,"PPD",4,2,5,0.632765412965106,0.185735462471677,0.81590853379762,0.0910834075110676,155.532,NA
27,0.5,0.392699081698724,22.5,"PPD",4,2,5,0.605746983027652,0.181191817889245,0.785662297817488,0.0881736012665594,196.799,NA
28,0.5,0.392699081698724,22.5,"PPD",4,2,5,0.631143309234768,0.183080029415079,0.818875629504875,0.0909588641327706,180.6,NA
29,0.5,0.392699081698724,22.5,"PPD",4,2,5,0.631172401818488,0.179242888088068,0.813658582418255,0.0888972369504587,175.054,NA
30,0.5,0.392699081698724,22.5,"PPD",4,2,5,0.62973111988552,0.180756585561858,0.817403320457239,0.0893485037308968,188.825,NA
31,0.5,0.392699081698724,22.5,"PPD",4,2,5,0.624694093550258,0.181656371881152,0.799509644048138,0.0894953786049279,173.652,NA
32,0.5,0.392699081698724,22.5,"PPD",4,2,5,0.626121865312947,0.176141761159938,0.797183534571104,0.0908724742816311,185.554999999999,NA
33,0.5,0.392699081698724,22.5,"PPD",4,2,5,0.638491201333129,0.185933736479544,0.819891999495584,0.0899582997585695,208.205,NA
34,0.5,0.392699081698724,22.5,"PPD",4,2,5,0.631814620371725,0.178319111068341,0.819221358025783,0.0918007745981811,208.395,NA
35,0.5,0.392699081698724,22.5,"PPD",4,2,5,0.648802974467157,0.186974234656279,0.816805797147286,0.0906350561645328,215.012,NA
36,0.5,0.392699081698724,22.5,"PPD",4,2,5,0.64858545267319,0.180278620433844,0.815133507143294,0.0909270370530925,200.428,NA
37,0.5,0.392699081698724,22.5,"PPD",4,2,5,0.627582117453735,0.176870813915973,0.813900975799331,0.0896502409314189,212.201999999999,NA
38,0.5,0.392699081698724,22.5,"PPD",4,2,5,0.627364818951277,0.186789293539832,0.80410445542822,0.0893673005766139,196.358,NA
39,0.5,0.392699081698724,22.5,"PPD",4,2,5,0.624698463928867,0.188906352881212,0.815181368127768,0.0906684103471385,210.547,NA
40,0.5,0.392699081698724,22.5,"PPD",4,2,5,0.627618965195094,0.185867810806637,0.807327848248225,0.0904062296325893,218.797,NA
41,0.5,0.392699081698724,22.5,"PPD",4,2,5,0.635470060037631,0.18672936453272,0.814284076001921,0.0892509435109499,193.272,NA
42,0.5,0.392699081698724,22.5,"PPD",4,2,5,0.641423190417281,0.179082882035932,0.814080373686017,0.0905017799921956,193.134999999999,NA
43,0.5,0.392699081698724,22.5,"PPD",4,2,5,0.645198976646626,0.184015397685123,0.820996299543375,0.0910629096981205,221.481,NA
44,0.5,0.392699081698724,22.5,"PPD",4,2,5,0.635234958302669,0.183114461707979,0.814639705952307,0.0909416921007215,204.553,NA
45,0.5,0.392699081698724,22.5,"PPD",4,2,5,0.626636360604932,0.179245071953949,0.811340491446665,0.0900270306367524,198.934999999999,NA
46,0.5,0.392699081698724,22.5,"PPD",4,2,5,0.628714848343264,0.186734354038064,0.813321092544279,0.0890996314134672,215.938999999999,NA
47,0.5,0.392699081698724,22.5,"PPD",4,2,5,0.598357118792453,0.177145759850659,0.769293646999612,0.0874850775208758,191.308,NA
48,0.5,0.392699081698724,22.5,"PPD",5,1,4,0.752341861824348,0.266629921092227,0.947295952626116,0.115980800708672,186.307000000001,NA
49,0.5,0.392699081698724,22.5,"PPD",4,2,5,0.624472220837707,0.178885284376295,0.807198613002256,0.0915972085564499,197.922,NA
50,0.5,0.392699081698724,22.5,"PPD",4,2,5,0.623737254983561,0.178927243186989,0.820101162948674,0.0908411765259258,193.54,NA
51,0.5,0.392699081698724,22.5,"PPD",4,2,5,0.577073988135823,0.178582627119019,0.744382145153537,0.0869121634562063,196.982,NA
52,0.5,0.392699081698724,22.5,"PPD",4,2,5,0.639926064037302,0.17786847906317,0.813699185917419,0.0899522953617259,206.828,NA
53,0.5,0.392699081698724,22.5,"PPD",4,2,5,0.635084024276933,0.183681384084596,0.8165129623731,0.0901367916615023,214.006,NA
54,0.5,0.392699081698724,22.5,"PPD",4,2,5,0.64602041879616,0.185939661617675,0.818837915132766,0.089458778563873,191.847,NA
55,0.5,0.392699081698724,22.5,"PPD",4,2,5,0.638235627583329,0.184065864550812,0.818545431921676,0.0897776861522825,209.772,NA
56,0.5,0.392699081698724,22.5,"PPD",4,2,5,0.639878995130407,0.171996236099583,0.817084362725193,0.0910505017140069,208.291999999999,NA
57,0.5,0.392699081698724,22.5,"PPD",4,2,5,0.63373907134059,0.185253878655678,0.813845149444136,0.0891013396850889,195.805,NA
58,0.5,0.392699081698724,22.5,"PPD",4,2,5,0.634913372736283,0.182853204689573,0.816416610814005,0.0901657833457572,195.379,NA
59,0.5,0.392699081698724,22.5,"PPD",4,2,5,0.626091144170427,0.183306752570413,0.793567707579701,0.0896995401433843,203.539000000001,NA
60,0.5,0.392699081698724,22.5,"PPD",4,2,5,0.639264038811054,0.176584634153062,0.81885771296987,0.0900495877238942,216.513,NA
61,0.5,0.392699081698724,22.5,"PPD",4,2,5,0.604726124797413,0.175663868786766,0.775140102510251,0.0885280106976938,229.418,NA
62,0.5,0.392699081698724,22.5,"PPD",4,2,5,0.620974865367605,0.182086406770935,0.796857344740912,0.0891693076868446,179.746999999999,NA
63,0.5,0.392699081698724,22.5,"PPD",4,2,5,0.630149542668938,0.184853891089496,0.817167249016414,0.0914276080251447,208.650000000001,NA
64,0.5,0.392699081698724,22.5,"PPD",5,1,4,0.753717623558041,0.276484931250578,0.950605924194909,0.114922632762602,186.854,NA
65,0.5,0.392699081698724,22.5,"PPD",4,2,5,0.640257387561274,0.177461949540585,0.819834912321824,0.0892507159526257,184.196999999999,NA
66,0.5,0.392699081698724,22.5,"PPD",5,1,4,0.760132873929201,0.276906199059125,0.95060536044925,0.116389020903666,190.663,NA
67,0.5,0.392699081698724,22.5,"PPD",5,1,4,0.762241253942528,0.268430209897815,0.947997086742772,0.116929989989472,213.631,NA
68,0.5,0.392699081698724,22.5,"PPD",4,2,5,0.638077096001409,0.178680141621733,0.817449894771071,0.0896065700976072,221.493,NA
69,0.5,0.392699081698724,22.5,"PPD",4,2,5,0.632333093400007,0.183010332314673,0.79937235405193,0.0899448045349338,196.934,NA
70,0.5,0.392699081698724,22.5,"PPD",5,1,4,0.758594296359718,0.282413400003586,0.950795030769663,0.115971501112091,195.163,NA
71,0.5,0.392699081698724,22.5,"PPD",4,2,5,0.640307956661008,0.183617892680384,0.818060306433857,0.0910488091565393,215.72,NA
72,0.5,0.392699081698724,22.5,"PPD",4,2,5,0.623485528940206,0.184206632724121,0.808910446007526,0.0902205845083812,202.435,NA
73,0.5,0.392699081698724,22.5,"PPD",4,2,5,0.631811417776191,0.18191844892816,0.811713917885586,0.0899931297857704,207.916,NA
74,0.5,0.392699081698724,22.5,"PPD",4,2,5,0.645553894103912,0.178951720256822,0.812022381326522,0.0915513724503032,208.482,NA
75,0.5,0.392699081698724,22.5,"PPD",4,2,5,0.618966642022341,0.179047137542861,0.794840027079514,0.0892226140913821,184.186,NA
76,0.5,0.392699081698724,22.5,"PPD",4,2,5,0.637365392558009,0.182410391433307,0.817772117600542,0.0894151459184481,220.836,NA
77,0.5,0.392699081698724,22.5,"PPD",4,2,5,0.63804447911496,0.177999749683503,0.808610821518705,0.0898936633926574,212.83,NA
78,0.5,0.392699081698724,22.5,"PPD",5,1,4,0.770663557704864,0.264720631400859,0.950735664635885,0.116190213951913,202.632000000001,NA
79,0.5,0.392699081698724,22.5,"PPD",4,2,5,0.633123154365155,0.179910079101326,0.808423831598138,0.0899701559838017,218.218,NA
80,0.5,0.392699081698724,22.5,"PPD",4,2,5,0.590628912325915,0.174822407056672,0.74684026496106,0.0873409293861956,220.435,NA
81,0.5,0.392699081698724,22.5,"PPD",4,2,5,0.624544487970629,0.177089137352312,0.814934315046311,0.0904650440032074,212.843000000001,NA
82,0.5,0.392699081698724,22.5,"PPD",4,2,5,0.629335549586928,0.178950575763793,0.803560816706685,0.0895898452610082,218.205,NA
83,0.5,0.392699081698724,22.5,"PPD",5,1,4,0.750284405872538,0.271584279315533,0.94565184342487,0.116376811850827,217.128,NA
84,0.5,0.392699081698724,22.5,"PPD",4,2,5,0.630476899076414,0.177334868292414,0.806563798776384,0.0888530996986868,222.287,NA
85,0.5,0.392699081698724,22.5,"PPD",4,2,5,0.635996045667247,0.182183599220749,0.813152626260914,0.0903969144345626,223.183,NA
86,0.5,0.392699081698724,22.5,"PPD",5,1,4,0.759083838055639,0.273781203994224,0.950587427910895,0.116960895919908,217.684999999999,NA
87,0.5,0.392699081698724,22.5,"PPD",4,2,5,0.640733545702129,0.181046104873295,0.819034787448442,0.0892967897812287,211.044000000001,NA
88,0.5,0.392699081698724,22.5,"PPD",5,1,4,0.749662020936351,0.272574855738934,0.945685636183743,0.116726613542533,200.485,NA
89,0.5,0.392699081698724,22.5,"PPD",4,2,5,0.641236488182087,0.178777341003245,0.81885231660897,0.0910910454354425,235.471,NA
90,0.5,0.392699081698724,22.5,"PPD",5,1,4,0.769961058380364,0.271536459917958,0.950042200783518,0.116394350034968,218.95,NA
91,0.5,0.392699081698724,22.5,"PPD",4,2,5,0.643129743668023,0.182328157063793,0.821021070533671,0.0906340895127862,203.339999999999,NA
92,0.5,0.392699081698724,22.5,"PPD",4,2,5,0.63550262978136,0.175707903389844,0.818936167313815,0.0911253748045232,210.676,NA
93,0.5,0.392699081698724,22.5,"PPD",4,2,5,0.632728932234922,0.183635132805775,0.814897841874665,0.0886410842885839,205.03,NA
94,0.5,0.392699081698724,22.5,"PPD",5,1,4,0.751432324751083,0.268038848763563,0.9477308067135,0.116267010491743,215.965999999999,NA
95,0.5,0.392699081698724,22.5,"PPD",4,2,5,0.649756755324128,0.17762886667637,0.814629175646468,0.0898390308209012,222.669,NA
96,0.5,0.392699081698724,22.5,"PPD",4,2,5,0.631782295573342,0.182686420104436,0.81869184629863,0.0907504919335747,214.48,NA
97,0.5,0.392699081698724,22.5,"PPD",4,2,5,0.581757520604147,0.174219222441281,0.765040590769536,0.0879078438661658,217.721,NA
98,0.5,0.392699081698724,22.5,"PPD",4,2,5,0.641613358511905,0.189048978087159,0.821921510656451,0.0903757199533621,203.341,NA
99,0.5,0.392699081698724,22.5,"PPD",4,2,5,0.6379354595675,0.179696687327633,0.818380558867548,0.0896240310053284,217.374000000001,NA
100,0.5,0.392699081698724,22.5,"PPD",4,2,5,0.630072438053736,0.184968595157213,0.814698200646676,0.0895429256033875,203.656,NA
1,1,0.392699081698724,22.5,"PPD",3,3,6,0.00693395445873141,0.00716305081854884,0.0102283925686902,0.00937890374879904,200.373,NA
2,1,0.392699081698724,22.5,"PPD",3,3,6,0.00738796668668348,0.00825360063931374,0.0109262435779924,0.00894807951759868,220.792,NA
3,1,0.392699081698724,22.5,"PPD",3,3,6,0.00697035693247908,0.00798966346451844,0.0101953733436225,0.00911119108083292,220.693,NA
4,1,0.392699081698724,22.5,"PPD",3,3,6,0.00672987746293596,0.00758061783929705,0.00947241004447203,0.00894903723339541,226.556,NA
5,1,0.392699081698724,22.5,"PPD",3,3,6,0.00676534838648777,0.007423418322155,0.010746225703798,0.00921212232794722,218.911,NA
6,1,0.392699081698724,22.5,"PPD",3,3,6,0.00770909598074632,0.00807772625095914,0.0117421565265573,0.009388888468477,221.733999999999,NA
7,1,0.392699081698724,22.5,"PPD",3,3,6,0.0082960743043412,0.00832646482767112,0.0122841225268284,0.00946232746957716,219.785,NA
8,1,0.392699081698724,22.5,"PPD",3,3,6,0.00828419035472769,0.00831179108015895,0.0121991683288874,0.00943859477626312,217.75,NA
9,1,0.392699081698724,22.5,"PPD",3,3,6,0.00847884417771308,0.00792550639530241,0.0121753642966847,0.00925873967658829,210.025,NA
10,1,0.392699081698724,22.5,"PPD",3,3,6,0.00659420356878865,0.00754496826263216,0.0109487163832689,0.00913661394559465,205.405,NA
11,1,0.392699081698724,22.5,"PPD",3,3,6,0.00680119508244941,0.00754804604011659,0.0105422707478349,0.00878199950864721,201.555,NA
12,1,0.392699081698724,22.5,"PPD",3,3,6,0.00676135577332821,0.00736290126253912,0.0101628512120298,0.00867781852344066,215.090999999999,NA
13,1,0.392699081698724,22.5,"PPD",3,3,6,0.00744743485658038,0.00798186816532407,0.0110339379986674,0.00864698207027417,220.844,NA
14,1,0.392699081698724,22.5,"PPD",3,3,6,0.00678443881001407,0.00727161337343809,0.010432159332298,0.00866581804242637,203.714,NA
15,1,0.392699081698724,22.5,"PPD",3,3,6,0.00702636225451016,0.00752715931364874,0.0109521412278737,0.00922169702280233,215.469999999999,NA
16,1,0.392699081698724,22.5,"PPD",3,3,6,0.00693503144135291,0.00763343729660133,0.0102378919150595,0.0087248340260193,229.902,NA
17,1,0.392699081698724,22.5,"PPD",3,3,6,0.00725772738054096,0.00746059953077209,0.0109698036952395,0.00893443393812322,194.468,NA
18,1,0.392699081698724,22.5,"PPD",3,3,6,0.00656502870770822,0.00738480493281997,0.0100773512948901,0.00895757233466859,243.64,NA
19,1,0.392699081698724,22.5,"PPD",3,3,6,0.00672689567625802,0.00757080321918887,0.0104521479640524,0.00914614129037551,206.737,NA
20,1,0.392699081698724,22.5,"PPD",3,3,6,0.00761671130551962,0.00750636034417077,0.0107611498476299,0.00911218684435358,226.014,NA
21,1,0.392699081698724,22.5,"PPD",3,3,6,0.00762829705826481,0.00791755466282708,0.0114090070161991,0.00916353946027601,200.473,NA
22,1,0.392699081698724,22.5,"PPD",3,3,6,0.00644768914767051,0.00767467119408355,0.0103263824349896,0.00893407854131057,233.516000000001,NA
23,1,0.392699081698724,22.5,"PPD",3,3,6,0.00677070757703529,0.00734342186471226,0.0102110275261248,0.00872839942920244,220.237999999999,NA
24,1,0.392699081698724,22.5,"PPD",3,3,6,0.0077984758438585,0.00821362359367244,0.0117758340944941,0.0092165210003586,203.742,NA
25,1,0.392699081698724,22.5,"PPD",3,3,6,0.00703086331137843,0.00725436237394352,0.0108661651015778,0.0091221131702294,234.883000000001,NA
26,1,0.392699081698724,22.5,"PPD",3,3,6,0.00705327739838538,0.0073356140250244,0.0103355767360423,0.0090267309851301,202.934999999999,NA
27,1,0.392699081698724,22.5,"PPD",3,3,6,0.00750126082519839,0.00779449098377054,0.0110880724292289,0.00915935722549685,220.799,NA
28,1,0.392699081698724,22.5,"PPD",3,3,6,0.00771421359925955,0.00833093684391469,0.0116898053387252,0.00914755077522016,215.03,NA
29,1,0.392699081698724,22.5,"PPD",3,3,6,0.00651742522068798,0.00736573111223367,0.0106315370772046,0.00889985025336353,215.486999999999,NA
30,1,0.392699081698724,22.5,"PPD",3,3,6,0.00649118721265793,0.00714231440001142,0.0100786660132504,0.00900305239253013,220.784,NA
31,1,0.392699081698724,22.5,"PPD",3,3,6,0.00821396754598323,0.00795563022852064,0.0112293788515049,0.00973250836032116,217.947999999999,NA
32,1,0.392699081698724,22.5,"PPD",3,3,6,0.00691065174734864,0.00786494238413502,0.0102099419996721,0.00886895678823305,220.749,NA
33,1,0.392699081698724,22.5,"PPD",3,3,6,0.00727479756838801,0.00768409689323444,0.0108377551814877,0.00918247029850604,219.01,NA
34,1,0.392699081698724,22.5,"PPD",3,3,6,0.00710888293563053,0.00738064041353392,0.0102355318404041,0.00906764652653464,225.519,NA
35,1,0.392699081698724,22.5,"PPD",3,3,6,0.00701587549745784,0.00761368951497672,0.0105021126769316,0.00903268004746663,220.241999999999,NA
36,1,0.392699081698724,22.5,"PPD",3,3,6,0.00715170321727924,0.0072331681723018,0.0107397628330091,0.00907395715807817,204.202,NA
37,1,0.392699081698724,22.5,"PPD",3,3,6,0.00690866583780136,0.00793904817308148,0.0106739589291368,0.00934326757413092,222.463,NA
38,1,0.392699081698724,22.5,"PPD",3,3,6,0.00740310305864312,0.00813996930470389,0.0105489679962736,0.00950785777969748,203.683,NA
39,1,0.392699081698724,22.5,"PPD",3,3,6,0.00735014865597939,0.00790442215150673,0.010732407439168,0.0092604809558521,221.33,NA
40,1,0.392699081698724,22.5,"PPD",3,3,6,0.0067500759201546,0.00708646199984436,0.0101293877575156,0.00890020507282312,219.828,NA
41,1,0.392699081698724,22.5,"PPD",3,3,6,0.00662072961325983,0.0074335674084977,0.0105602373302527,0.00898288866633886,214.859,NA
42,1,0.392699081698724,22.5,"PPD",3,3,6,0.00766424179813137,0.00767119494850492,0.0110866231328635,0.00898923636328789,227.487,NA
43,1,0.392699081698724,22.5,"PPD",3,3,6,0.00737697398127194,0.00796116698287877,0.0105335718908174,0.0092264273384563,207.684999999999,NA
44,1,0.392699081698724,22.5,"PPD",3,3,6,0.0071697097185478,0.00787286350724717,0.0107063415390027,0.00921993641751159,194.477999999999,NA
45,1,0.392699081698724,22.5,"PPD",3,3,6,0.00728531932489817,0.00762370656823637,0.0114444478358095,0.00911273323307467,252.044,NA
46,1,0.392699081698724,22.5,"PPD",3,3,6,0.00781754328979597,0.00804857143271772,0.011500358065682,0.00934347862917834,216.268,NA
47,1,0.392699081698724,22.5,"PPD",3,3,6,0.0075833437951803,0.00797721979783768,0.0110370256634077,0.00949584379161926,220.243,NA
48,1,0.392699081698724,22.5,"PPD",3,3,6,0.00735649634350109,0.00786991612581058,0.0109517414916029,0.00923144945729446,218.373,NA
49,1,0.392699081698724,22.5,"PPD",3,3,6,0.00745800726336644,0.0080547414932108,0.0111499330932592,0.00932963594032396,209.358,NA
50,1,0.392699081698724,22.5,"PPD",3,3,6,0.0068761801850136,0.00743442147821522,0.0104840802240296,0.0090634440642137,240.236,NA
51,1,0.392699081698724,22.5,"PPD",3,3,6,0.00680823865693024,0.00744649936351336,0.0106778765390109,0.00932201510451114,226.592000000001,NA
52,1,0.392699081698724,22.5,"PPD",3,3,6,0.00638723047506207,0.00705557169998465,0.00981762449462859,0.00885288173762142,220.342,NA
53,1,0.392699081698724,22.5,"PPD",3,3,6,0.00721789745654093,0.0075623555475626,0.010752559755211,0.00894090370795386,217.492,NA
54,1,0.392699081698724,22.5,"PPD",3,3,6,0.00715040178201316,0.00711297052400846,0.0109276109459984,0.00895261079075755,223.534000000001,NA
55,1,0.392699081698724,22.5,"PPD",3,3,6,0.00656454869777628,0.00759173214002922,0.010755630833435,0.0088307024467004,224.594,NA
56,1,0.392699081698724,22.5,"PPD",3,3,6,0.00702358614646601,0.00750474487883432,0.0115087322002994,0.00899072950740158,219.34,NA
57,1,0.392699081698724,22.5,"PPD",3,3,6,0.00717199623023152,0.00757310718626546,0.0105250660442607,0.00947968160074581,216.026,NA
58,1,0.392699081698724,22.5,"PPD",3,3,6,0.0075526133232469,0.00777876860462754,0.0122547705673971,0.00918155427768666,200.451,NA
59,1,0.392699081698724,22.5,"PPD",3,3,6,0.00722498521506375,0.00764231175840878,0.0104688256595481,0.00949154333550037,219.809,NA
60,1,0.392699081698724,22.5,"PPD",3,3,6,0.00715756565836594,0.0078279180073625,0.010740168650818,0.00889516101720798,203.158,NA
61,1,0.392699081698724,22.5,"PPD",3,3,6,0.00705255976978962,0.00751444639881025,0.00953239950556383,0.00938654508294132,217.492,NA
62,1,0.392699081698724,22.5,"PPD",3,3,6,0.00655710983605505,0.00761346037128416,0.0101796457775552,0.0089889425184385,203.437,NA
63,1,0.392699081698724,22.5,"PPD",3,3,6,0.00727527007636662,0.00767368127722164,0.0113438185595695,0.00903522062918235,220.494,NA
64,1,0.392699081698724,22.5,"PPD",3,3,6,0.00727675050838348,0.00836580882892496,0.0111676261843205,0.00946628238674648,217.275,NA
65,1,0.392699081698724,22.5,"PPD",3,3,6,0.00802717222150713,0.00759564183019105,0.012323765510412,0.00941316527031642,203.54,NA
66,1,0.392699081698724,22.5,"PPD",3,3,6,0.0099576528473765,0.00896700706421365,0.0145923789705552,0.00953599033861426,215.857,NA
67,1,0.392699081698724,22.5,"PPD",3,3,6,0.00720892830134967,0.00724643126479038,0.0104773697726914,0.00947233789704587,223.197,NA
68,1,0.392699081698724,22.5,"PPD",3,3,6,0.00732840069457506,0.00721245045836338,0.0106164513223786,0.00907835777092521,200.303,NA
69,1,0.392699081698724,22.5,"PPD",3,3,6,0.00693283882453625,0.00768569008702883,0.0104207486189075,0.00912621485782215,246.718,NA
70,1,0.392699081698724,22.5,"PPD",3,3,6,0.00691889347382761,0.00766274751551519,0.0105105987281918,0.0092291533987419,251.146,NA
71,1,0.392699081698724,22.5,"PPD",3,3,6,0.00666456759551714,0.00702988957014903,0.00997904977127606,0.00888624653020003,201.872,NA
72,1,0.392699081698724,22.5,"PPD",3,3,6,0.00745443422535181,0.00783847800212042,0.0107536908423553,0.00937852167995254,213.914000000001,NA
73,1,0.392699081698724,22.5,"PPD",3,3,6,0.00716595208005733,0.00777099932411918,0.010457214811879,0.00909458151743885,222.98,NA
74,1,0.392699081698724,22.5,"PPD",3,3,6,0.00916214751827245,0.00893123176809994,0.0127839138706852,0.00923017669067636,214.242,NA
75,1,0.392699081698724,22.5,"PPD",3,3,6,0.00770832060351726,0.00755354199062006,0.0114260715305975,0.00933483102628582,251.965999999999,NA
76,1,0.392699081698724,22.5,"PPD",3,3,6,0.00760404559442564,0.00733252111327365,0.0108446713106104,0.00929534077879515,207.772,NA
77,1,0.392699081698724,22.5,"PPD",3,3,6,0.00655010342899857,0.0070363648626592,0.0100669166461084,0.00915484286650443,218.643,NA
78,1,0.392699081698724,22.5,"PPD",3,3,6,0.00688667071330005,0.00764374266579146,0.0104866100372794,0.00875646162335429,219.244,NA
79,1,0.392699081698724,22.5,"PPD",3,3,6,0.00692775424849395,0.00735099293981923,0.0101231926043402,0.00901859790090188,216.242999999999,NA
80,1,0.392699081698724,22.5,"PPD",3,3,6,0.00725748720995748,0.0076036718346918,0.0108035390845708,0.00889688143447304,223.170999999999,NA
81,1,0.392699081698724,22.5,"PPD",3,3,6,0.00777945873487382,0.00777714309108558,0.0109629130130413,0.00942784176435573,212.264,NA
82,1,0.392699081698724,22.5,"PPD",3,3,6,0.0084084378328706,0.00842570561631645,0.0124332721891026,0.00891207724131664,218.279,NA
83,1,0.392699081698724,22.5,"PPD",3,3,6,0.00764692344092313,0.00774494303669536,0.0111656326359272,0.00935748714853587,214.128,NA
84,1,0.392699081698724,22.5,"PPD",3,3,6,0.0073935754921463,0.00811635538197292,0.0110837786733056,0.00887227014645889,234.006,NA
85,1,0.392699081698724,22.5,"PPD",3,3,6,0.00658692153485691,0.00740870753553777,0.010041284259945,0.00893511129192297,221.038,NA
86,1,0.392699081698724,22.5,"PPD",3,3,6,0.00695634137363321,0.00751666950171177,0.0104170555607163,0.00936118587117954,208.352,NA
87,1,0.392699081698724,22.5,"PPD",3,3,6,0.00741832663830558,0.00777772997819361,0.0106599935266488,0.00905578191960086,218.762000000001,NA
88,1,0.392699081698724,22.5,"PPD",3,3,6,0.0072000501717302,0.00786283344455184,0.0108552719210545,0.00911538734239496,217.081,NA
89,1,0.392699081698724,22.5,"PPD",3,3,6,0.00709258657049202,0.00727963064535993,0.0103357575293749,0.00873264456594195,202.137000000001,NA
90,1,0.392699081698724,22.5,"PPD",3,3,6,0.00768537322364829,0.00784812767135712,0.0112367551411151,0.00922868739968969,221.125,NA
91,1,0.392699081698724,22.5,"PPD",3,3,6,0.00787864309502693,0.00858053813151365,0.0124824441812022,0.00934677171183919,219.811,NA
92,1,0.392699081698724,22.5,"PPD",3,3,6,0.00740213815436569,0.00857022400544554,0.0113051352120221,0.00956241604680459,203.833,NA
93,1,0.392699081698724,22.5,"PPD",3,3,6,0.00720425734698411,0.00762344428652439,0.0109657531670164,0.00863086958017242,208.266000000001,NA
94,1,0.392699081698724,22.5,"PPD",3,3,6,0.00701357692931114,0.00759359992829349,0.0102599901014753,0.00886808577992979,199.516,NA
95,1,0.392699081698724,22.5,"PPD",3,3,6,0.00910381779729203,0.00847892648640407,0.0128595634220107,0.00952834707280934,215.733999999999,NA
96,1,0.392699081698724,22.5,"PPD",3,3,6,0.00664756262318807,0.00751759183955306,0.00993066561524042,0.00903178635598531,249.392,NA
97,1,0.392699081698724,22.5,"PPD",3,3,6,0.00871625024083131,0.00821487488827237,0.0117647376819283,0.00912805225767715,217.965999999999,NA
98,1,0.392699081698724,22.5,"PPD",3,3,6,0.00706087247688399,0.00754452912932743,0.010384076703096,0.0091015702657912,226.067,NA
99,1,0.392699081698724,22.5,"PPD",3,3,6,0.00678915707358925,0.00761625305454999,0.0102122510322804,0.00876800306852835,212.411,NA
100,1,0.392699081698724,22.5,"PPD",3,3,6,0.00657951324315922,0.00739956278499365,0.00971253280895219,0.00906076916239788,244.735,NA
1,2,0.392699081698724,22.5,"PPD",3,3,6,0.00186074329437077,0.00192334159834123,0.00267940205511969,0.00221249995346104,218.909,NA
2,2,0.392699081698724,22.5,"PPD",3,3,6,0.00179507288746547,0.00194730250640963,0.0025842388763134,0.00226050913425116,219.857999999999,NA
3,2,0.392699081698724,22.5,"PPD",3,3,6,0.00175069140252816,0.00191989202149862,0.00263664785410745,0.00223495323182608,263.541,NA
4,2,0.392699081698724,22.5,"PPD",3,3,6,0.00167109752129731,0.0018531124060429,0.00263508994041832,0.0022912191146028,222.239,NA
5,2,0.392699081698724,22.5,"PPD",3,3,6,0.00168307427465864,0.00185155422498658,0.0026121061092205,0.00218285923851045,231.111,NA
6,2,0.392699081698724,22.5,"PPD",3,3,6,0.00182691326007758,0.00183836832720045,0.00263388422812501,0.00226208336791152,224.88,NA
7,2,0.392699081698724,22.5,"PPD",3,3,6,0.00166205846168079,0.00191586500362909,0.00263143309512056,0.00220400249036732,213.312,NA
8,2,0.392699081698724,22.5,"PPD",3,3,6,0.00194962327974461,0.00208972726506319,0.0028202656841688,0.0022533870151274,218.309,NA
9,2,0.392699081698724,22.5,"PPD",3,3,6,0.00170126829163186,0.00175271139778488,0.00254119541414143,0.00230072375691227,204.453,NA
10,2,0.392699081698724,22.5,"PPD",3,3,6,0.00175001857766257,0.00193115680715562,0.00280333186932298,0.00222664942421901,232.13,NA
11,2,0.392699081698724,22.5,"PPD",3,3,6,0.00168572904199734,0.00178573116408889,0.00279008593170761,0.00217380950576723,214.568,NA
12,2,0.392699081698724,22.5,"PPD",3,3,6,0.00177470450105707,0.00180841574732409,0.00263799761620744,0.00217039228026942,218.013000000001,NA
13,2,0.392699081698724,22.5,"PPD",3,3,6,0.00176101660328302,0.00185257356192733,0.00269170560333787,0.00217832014646573,205.446,NA
14,2,0.392699081698724,22.5,"PPD",3,3,6,0.00182258710158818,0.00198188733217238,0.00272392089273939,0.00217369538106372,213.804999999999,NA
15,2,0.392699081698724,22.5,"PPD",3,3,6,0.00192766829582187,0.00189793319304611,0.00274713873552356,0.00224413437714227,199.967,NA
16,2,0.392699081698724,22.5,"PPD",3,3,6,0.00206469945864801,0.00206092554426234,0.00293141921878381,0.00234020723920298,213.649,NA
17,2,0.392699081698724,22.5,"PPD",3,3,6,0.00191774286684634,0.00196990739264098,0.00282306278061291,0.00223880384589262,220.472,NA
18,2,0.392699081698724,22.5,"PPD",3,3,6,0.00189560843448873,0.00205114168156305,0.00273735546757535,0.00232427259454576,202.577,NA
19,2,0.392699081698724,22.5,"PPD",3,3,6,0.00177005469748323,0.00187934260510766,0.00259756524341506,0.00222591727787609,203.125,NA
20,2,0.392699081698724,22.5,"PPD",3,3,6,0.00172067960872114,0.00182651234705135,0.00255446236941491,0.00221858354774398,220.549,NA
21,2,0.392699081698724,22.5,"PPD",3,3,6,0.0017601074608794,0.0018268135431844,0.00262708046235891,0.00225199973993837,215.916999999999,NA
22,2,0.392699081698724,22.5,"PPD",3,3,6,0.00174854262368439,0.00184621860442781,0.00283887898407786,0.00220192268648237,211.3,NA
23,2,0.392699081698724,22.5,"PPD",3,3,6,0.00209243603617652,0.00206140158095769,0.00314184793053774,0.00221225544981438,243.321,NA
24,2,0.392699081698724,22.5,"PPD",3,3,6,0.00181767174602913,0.00181251578889752,0.00280119338567042,0.00219315764505696,251.198,NA
25,2,0.392699081698724,22.5,"PPD",3,3,6,0.00181452791860436,0.00186616773979079,0.00267548856476009,0.00222401960243882,211.034000000001,NA
26,2,0.392699081698724,22.5,"PPD",3,3,6,0.00167606207246252,0.00185844383494893,0.00257510050144658,0.00224638477094892,214.196000000001,NA
27,2,0.392699081698724,22.5,"PPD",3,3,6,0.00168700550162677,0.00176633382114829,0.00242182819257136,0.00217371566640041,239.215,NA
28,2,0.392699081698724,22.5,"PPD",3,3,6,0.00171633260314568,0.00171876866168569,0.0025442179878235,0.00217078569723966,215.440000000001,NA
29,2,0.392699081698724,22.5,"PPD",3,3,6,0.00180092710517405,0.0018595568818542,0.00252276192498872,0.00225235299124691,216.590999999999,NA
30,2,0.392699081698724,22.5,"PPD",3,3,6,0.00166435247414337,0.00188856947868405,0.00248704449502452,0.00222067506384544,214.221,NA
31,2,0.392699081698724,22.5,"PPD",3,3,6,0.00165332637710891,0.00181765069180036,0.00242256170688002,0.00219975142496767,211.757000000001,NA
32,2,0.392699081698724,22.5,"PPD",3,3,6,0.00164660407928457,0.0017612218775713,0.00258888488939046,0.00221398467676351,224.929,NA
33,2,0.392699081698724,22.5,"PPD",3,3,6,0.00174728246880917,0.00193742784063414,0.00269496586921331,0.00222100786625862,201.975,NA
34,2,0.392699081698724,22.5,"PPD",3,3,6,0.00183260808956304,0.00194029900512138,0.00264640473419326,0.00218650596194425,217.041,NA
35,2,0.392699081698724,22.5,"PPD",3,3,6,0.0018317135669818,0.00196886043770283,0.00279512587157507,0.00228702212490163,202.724,NA
36,2,0.392699081698724,22.5,"PPD",3,3,6,0.0017043824945886,0.00181823846694161,0.00247450011443613,0.00218639211190029,234.013,NA
37,2,0.392699081698724,22.5,"PPD",3,3,6,0.00172709196485268,0.00186739362585699,0.0024140548425576,0.00216957671363438,213.74,NA
38,2,0.392699081698724,22.5,"PPD",3,3,6,0.00179120944030454,0.00204312494065048,0.002629167253887,0.00230859943941021,201.696,NA
39,2,0.392699081698724,22.5,"PPD",3,3,6,0.00165187946280362,0.00178506668071459,0.00255384937126677,0.00218334533834841,224.975,NA
40,2,0.392699081698724,22.5,"PPD",3,3,6,0.00187138514734339,0.00191402936466059,0.00266376498392284,0.00225970766576003,218.578,NA
41,2,0.392699081698724,22.5,"PPD",3,3,6,0.00204013240651356,0.0021023018234257,0.00288015084193908,0.00223446616143172,216.918000000001,NA
42,2,0.392699081698724,22.5,"PPD",3,3,6,0.00165201411600688,0.00182973762253587,0.00254898917250221,0.00216350535827206,205.985,NA
43,2,0.392699081698724,22.5,"PPD",3,3,6,0.00182401622692161,0.00187707221544641,0.00282913275699958,0.00221607927390151,213.558,NA
44,2,0.392699081698724,22.5,"PPD",3,3,6,0.00157826911489389,0.00184361684577613,0.00253067564396483,0.00218658530227729,206.811,NA
45,2,0.392699081698724,22.5,"PPD",3,3,6,0.00167178182794284,0.00181057310808042,0.00257528634079975,0.00225703563179875,214.948,NA
46,2,0.392699081698724,22.5,"PPD",3,3,6,0.00188330624740064,0.00199701012804916,0.00259553658128966,0.00222163559389002,218.79,NA
47,2,0.392699081698724,22.5,"PPD",3,3,6,0.00161342978722024,0.00182200338508429,0.00242329317772251,0.00220688921872321,211.839,NA
48,2,0.392699081698724,22.5,"PPD",3,3,6,0.00164530886704237,0.00182570048320063,0.00269533052858218,0.00224582254751695,215.205,NA
49,2,0.392699081698724,22.5,"PPD",3,3,6,0.00163049857165939,0.00188379963304368,0.00236806195205454,0.00222774110331021,220.339,NA
50,2,0.392699081698724,22.5,"PPD",3,3,6,0.00182246296406958,0.00191213273331069,0.0025834140786197,0.00229356277098667,225.743,NA
51,2,0.392699081698724,22.5,"PPD",3,3,6,0.0016753308565879,0.00184603334891737,0.00240146738612553,0.00222357705633333,230.05,NA
52,2,0.392699081698724,22.5,"PPD",3,3,6,0.00159817240784582,0.00181714522167744,0.00252228414908824,0.00221628557936832,216.592000000001,NA
53,2,0.392699081698724,22.5,"PPD",3,3,6,0.00161989676421466,0.00184520868130362,0.00237203593676755,0.00228524893338026,200.621999999999,NA
54,2,0.392699081698724,22.5,"PPD",3,3,6,0.00164427522018702,0.00172271348996793,0.00258535823070023,0.00219197537435,220.003000000001,NA
55,2,0.392699081698724,22.5,"PPD",3,3,6,0.00192251071131862,0.00211099332768705,0.00267078268527062,0.00226720992449549,256.527,NA
56,2,0.392699081698724,22.5,"PPD",3,3,6,0.00171528123106332,0.00200312969391783,0.00257645001152741,0.0022375664718254,198.240000000001,NA
57,2,0.392699081698724,22.5,"PPD",3,3,6,0.00230590102256541,0.00216961523659224,0.00329169916237488,0.002344016781236,219.12,NA
58,2,0.392699081698724,22.5,"PPD",3,3,6,0.00179655376919294,0.00195187444289079,0.00277452427253279,0.00223883552504875,229.754,NA
59,2,0.392699081698724,22.5,"PPD",3,3,6,0.00169307983836945,0.00187967030528601,0.00260831165317965,0.0021951556491934,206.956,NA
60,2,0.392699081698724,22.5,"PPD",3,3,6,0.0018072530290945,0.0019967639531818,0.00260165236456675,0.00233931207895172,206.998,NA
61,2,0.392699081698724,22.5,"PPD",3,3,6,0.00169490554889319,0.001895627732882,0.00245290160468431,0.00223339137499776,220.645,NA
62,2,0.392699081698724,22.5,"PPD",3,3,6,0.0017934359559151,0.00191664994366648,0.00249230323195059,0.00221989513145408,221.049,NA
63,2,0.392699081698724,22.5,"PPD",3,3,6,0.00172140821208603,0.00187859894853301,0.00251444680706713,0.00217457980437241,250.49,NA
64,2,0.392699081698724,22.5,"PPD",3,3,6,0.00166046569945557,0.00181308189466987,0.00254556489600526,0.00217039737364689,229.175999999999,NA
65,2,0.392699081698724,22.5,"PPD",3,3,6,0.00190536419415588,0.00197484735446725,0.00265765593477346,0.00220595064840562,217.952,NA
66,2,0.392699081698724,22.5,"PPD",3,3,6,0.00168135566705517,0.00194892298395692,0.00257586878387431,0.00222485894442203,204.808,NA
67,2,0.392699081698724,22.5,"PPD",3,3,6,0.00162141604568513,0.00182601731127541,0.0025293719877627,0.00219958915616465,220.526,NA
68,2,0.392699081698724,22.5,"PPD",3,3,6,0.00187386423127927,0.00189275481894251,0.00272249425532532,0.00223884833730819,219.619,NA
69,2,0.392699081698724,22.5,"PPD",3,3,6,0.00189718336443069,0.00189205158101683,0.00295017935565663,0.0023484693746187,209.052,NA
70,2,0.392699081698724,22.5,"PPD",3,3,6,0.0017311416212506,0.00185062847593946,0.0026562829173259,0.00219309995959174,221.51,NA
71,2,0.392699081698724,22.5,"PPD",3,3,6,0.00186220482154209,0.00188381705149906,0.00276608463979529,0.00227329338134876,222.107,NA
72,2,0.392699081698724,22.5,"PPD",3,3,6,0.00195425744170123,0.00205904440019445,0.00282291769085673,0.00223084999567215,218.684999999999,NA
73,2,0.392699081698724,22.5,"PPD",3,3,6,0.0016950856899098,0.00187388349591492,0.00249290584417151,0.00216950595849896,217.902,NA
74,2,0.392699081698724,22.5,"PPD",3,3,6,0.00172685141036948,0.00169194537586802,0.0026592535704033,0.00218409785122424,220.303,NA
75,2,0.392699081698724,22.5,"PPD",3,3,6,0.00185815066097914,0.00188220966188267,0.00259387381115398,0.0022532190893314,209.714,NA
76,2,0.392699081698724,22.5,"PPD",3,3,6,0.001770014119715,0.00180237192402248,0.00262919940008017,0.00229399934416454,239.747,NA
77,2,0.392699081698724,22.5,"PPD",3,3,6,0.00197751666926095,0.00212033221510392,0.00306390679097182,0.00222209301352308,213.766000000001,NA
78,2,0.392699081698724,22.5,"PPD",3,3,6,0.00150525444253457,0.00175807239201579,0.00248880583175425,0.00217643134475916,215.273999999999,NA
79,2,0.392699081698724,22.5,"PPD",3,3,6,0.00160608986186952,0.00182642542544356,0.00251437144307205,0.00219023914393071,224.199000000001,NA
80,2,0.392699081698724,22.5,"PPD",3,3,6,0.00184191317658974,0.00195575918789207,0.00267307784585219,0.00220200661561854,215.682,NA
81,2,0.392699081698724,22.5,"PPD",3,3,6,0.00175105926251537,0.0019366675769434,0.00269330139191252,0.00229285379567051,216.232999999999,NA
82,2,0.392699081698724,22.5,"PPD",3,3,6,0.0017308222606697,0.00188499700245068,0.00262783652189741,0.00227026011936417,228.629,NA
83,2,0.392699081698724,22.5,"PPD",3,3,6,0.0017936311066082,0.00191629453050118,0.0026582560874434,0.00217941030374842,201.142,NA
84,2,0.392699081698724,22.5,"PPD",3,3,6,0.00180641122699234,0.00194756093369778,0.00263840225643598,0.00233979610930534,224.925,NA
85,2,0.392699081698724,22.5,"PPD",3,3,6,0.00179527533974343,0.00187335721645589,0.00279826293371566,0.00236080792473059,219.818,NA
86,2,0.392699081698724,22.5,"PPD",3,3,6,0.00181131834537996,0.00194371208922152,0.00256825602214205,0.00224328302065873,221.647,NA
87,2,0.392699081698724,22.5,"PPD",3,3,6,0.00176214915260405,0.00189471550767037,0.00267032000560345,0.00221849857408497,235.689,NA
88,2,0.392699081698724,22.5,"PPD",3,3,6,0.00172549875456095,0.00189417860262531,0.00268007460965082,0.00224565696739074,208.474999999999,NA
89,2,0.392699081698724,22.5,"PPD",3,3,6,0.00174205557409098,0.00180483084442208,0.00248699335649988,0.00232002704619821,218.964,NA
90,2,0.392699081698724,22.5,"PPD",3,3,6,0.00171902332017551,0.00187394752418548,0.00253086467764446,0.00220456740441945,217.207,NA
91,2,0.392699081698724,22.5,"PPD",3,3,6,0.00194817715360146,0.0020699310613926,0.00276680018867458,0.0022187443467633,219.266,NA
92,2,0.392699081698724,22.5,"PPD",3,3,6,0.00174258129835448,0.0019517137880875,0.00275912174653137,0.0022687850759039,203.238,NA
93,2,0.392699081698724,22.5,"PPD",3,3,6,0.00170325973586545,0.00181721034164213,0.00254631061056537,0.00221688083436985,220.542,NA
94,2,0.392699081698724,22.5,"PPD",3,3,6,0.00191420696659134,0.0019275235550457,0.00278049756362525,0.00227756117366174,246.249,NA
95,2,0.392699081698724,22.5,"PPD",3,3,6,0.00180943854313956,0.00195714024486772,0.00274056962857946,0.00221982381140232,217.306,NA
96,2,0.392699081698724,22.5,"PPD",3,3,6,0.00175650940304952,0.00190280008450954,0.0025316840493513,0.00217714548454778,212.156,NA
97,2,0.392699081698724,22.5,"PPD",3,3,6,0.00169265946828868,0.0018633066750865,0.00238141061122014,0.00220143898512674,220.591,NA
98,2,0.392699081698724,22.5,"PPD",3,3,6,0.00184520055290685,0.0018677085819311,0.00269954233363202,0.00229838174134997,215.858,NA
99,2,0.392699081698724,22.5,"PPD",3,3,6,0.00176665261523132,0.00188632771463946,0.00250926513755765,0.00220720878735042,208.516,NA
100,2,0.392699081698724,22.5,"PPD",3,3,6,0.00169592469361137,0.00181404535367309,0.00258557012153443,0.00224240001597277,208.862,NA
1,0.1,0.785398163397448,45,"PPD",1,5,8,0.819218414734691,0.898410626704605,3.36094161750277,2.09315002396698,221.335,NA
2,0.1,0.785398163397448,45,"PPD",1,5,8,0.83788595413786,0.917149765125562,3.20029595134316,2.10890530850122,216.914000000001,NA
3,0.1,0.785398163397448,45,"PPD",1,5,8,0.929666458136017,0.995759465782048,3.38823423395973,2.1221538770829,219.014,NA
4,0.1,0.785398163397448,45,"PPD",1,5,8,0.886976872473443,1.07790284361949,3.30177823698603,2.15623277105331,203.248,NA
5,0.1,0.785398163397448,45,"PPD",1,5,8,0.91467398143673,1.05048093948852,3.37464752755547,2.12700817316339,220.798,NA
6,0.1,0.785398163397448,45,"PPD",1,5,8,0.93562290392141,0.936385746081237,3.41396500697679,2.10701005197662,232.228999999999,NA
7,0.1,0.785398163397448,45,"PPD",1,5,8,0.9493134813997,0.981903092529896,3.46965867574012,2.11929904133041,248.830000000001,NA
8,0.1,0.785398163397448,45,"PPD",1,5,8,0.826558443777855,0.90423394236706,3.30429108233644,2.0581267410177,229.208,NA
9,0.1,0.785398163397448,45,"PPD",1,5,8,0.867294196464432,1.03731711012015,3.35631526408978,2.11837870280902,220.433,NA
10,0.1,0.785398163397448,45,"PPD",1,5,8,0.859614940600871,0.974412158882236,3.36891420437336,2.03676396571648,228.713,NA
11,0.1,0.785398163397448,45,"PPD",1,5,8,0.976137848390039,0.922222830699765,3.40747038494428,2.09320742052734,209.697,NA
12,0.1,0.785398163397448,45,"PPD",2,4,7,0.779245490434897,0.993290280305018,2.47047148794448,1.77210271244252,213.994,NA
13,0.1,0.785398163397448,45,"PPD",1,5,8,1.05534506346436,1.04314448680457,3.47830349185568,2.08582786547398,233.564,NA
14,0.1,0.785398163397448,45,"PPD",1,5,8,0.923169184703137,0.994946765173603,3.4789512897266,2.07262705167471,201.483999999999,NA
15,0.1,0.785398163397448,45,"PPD",1,5,8,0.878350287483258,0.998966930172978,3.4012387972651,2.07561225631331,219.817,NA
16,0.1,0.785398163397448,45,"PPD",1,5,8,0.843114352425606,1.04696415069403,3.33297201755133,2.09414577649314,218.554,NA
17,0.1,0.785398163397448,45,"PPD",1,5,8,0.863565146894098,0.930364265174531,3.36206992755219,2.07699166785142,215.860000000001,NA
18,0.1,0.785398163397448,45,"PPD",1,5,8,0.894452559258842,0.938764071853082,3.44222441358994,2.09598973727247,217.743,NA
19,0.1,0.785398163397448,45,"PPD",1,5,8,0.856040434081876,0.945649574943109,3.32071417236019,2.0770181365111,235.741,NA
20,0.1,0.785398163397448,45,"PPD",1,5,8,0.903280465508617,0.954111135620779,3.42158917391227,2.04557727932833,219.095,NA
21,0.1,0.785398163397448,45,"PPD",1,5,8,0.870907450987149,0.994839970462668,3.350265377345,2.09207989768428,207.286,NA
22,0.1,0.785398163397448,45,"PPD",1,5,8,0.875181154585499,1.03014997194422,3.26496188594099,2.06425726508149,217.678000000001,NA
23,0.1,0.785398163397448,45,"PPD",1,5,8,0.947441078616239,0.950357379138906,3.50982473552367,2.14988290351883,207.261,NA
24,0.1,0.785398163397448,45,"PPD",1,5,8,0.853426623901721,1.03571955890718,3.27342238725021,2.12796916550113,218.584,NA
25,0.1,0.785398163397448,45,"PPD",1,5,8,0.843338593286185,0.918119035502626,3.40020654085928,2.06323992300697,225.566,NA
26,0.1,0.785398163397448,45,"PPD",1,5,8,0.851858988413679,0.928527882943372,3.22818193379485,2.11161591854631,212.285,NA
27,0.1,0.785398163397448,45,"PPD",1,5,8,0.992267951031018,0.928297679417372,3.43585421721914,2.06824097231734,204.379,NA
28,0.1,0.785398163397448,45,"PPD",1,5,8,0.926705629978822,0.991343567163724,3.44486586187677,2.13080020808211,220.521,NA
29,0.1,0.785398163397448,45,"PPD",1,5,8,0.932884916654488,0.97726755840363,3.40864488654657,2.10598921287986,216.152999999999,NA
30,0.1,0.785398163397448,45,"PPD",1,5,8,0.960395676512602,1.02069006353544,3.38124870557774,2.11821842487991,219.296,NA
31,0.1,0.785398163397448,45,"PPD",1,5,8,0.94560947845815,1.00241217380462,3.41064757395709,2.10580334668094,210.907,NA
32,0.1,0.785398163397448,45,"PPD",1,5,8,0.905598253021197,0.894747647130857,3.33513937618218,2.0701559596857,204.96,NA
33,0.1,0.785398163397448,45,"PPD",1,5,8,0.885983178461273,0.95204217342821,3.36538624542806,2.07825537547324,247.156000000001,NA
34,0.1,0.785398163397448,45,"PPD",1,5,8,0.827715721060652,0.886306282961794,3.26006786845442,2.0998600553822,217.275,NA
35,0.1,0.785398163397448,45,"PPD",1,5,8,0.94540733511018,0.951100514712289,3.38426708424713,2.1114570193277,215.652,NA
36,0.1,0.785398163397448,45,"PPD",1,5,8,0.802689622588545,0.878930814690826,3.27034755856921,2.06239616028828,228.034000000001,NA
37,0.1,0.785398163397448,45,"PPD",1,5,8,0.854036041200784,0.927997281834492,3.36565865030188,2.097157102162,210.766,NA
38,0.1,0.785398163397448,45,"PPD",1,5,8,0.924281050618892,0.961815994992023,3.51273094070883,2.08996547210344,239.467,NA
39,0.1,0.785398163397448,45,"PPD",1,5,8,0.913616263325363,0.887204364662293,3.39407935122759,2.0100114087867,222.910000000001,NA
40,0.1,0.785398163397448,45,"PPD",1,5,8,0.94207394550441,0.970687416184233,3.34159721737783,2.10256239049837,216.090999999999,NA
41,0.1,0.785398163397448,45,"PPD",1,5,8,0.873179912848014,0.936497984127728,3.44500992856106,2.08882007381965,218.225,NA
42,0.1,0.785398163397448,45,"PPD",1,5,8,0.820956078421398,0.945958187619781,3.30111555411164,2.09769424890367,241.586,NA
43,0.1,0.785398163397448,45,"PPD",1,5,8,0.929700764238354,1.03453834400433,3.22066527097764,2.15675503148984,214.803,NA
44,0.1,0.785398163397448,45,"PPD",1,5,8,0.870006157999191,0.945562739931799,3.34230962265926,2.08282134249036,243.360000000001,NA
45,0.1,0.785398163397448,45,"PPD",1,5,8,0.932436265467584,0.956196823131266,3.43898472996829,2.10283481287748,228.856000000001,NA
46,0.1,0.785398163397448,45,"PPD",1,5,8,0.844352638984292,0.960267094656515,3.29131519230271,2.12208616863704,219.204,NA
47,0.1,0.785398163397448,45,"PPD",1,5,8,0.847351135629289,0.935155654751577,3.4129488602381,2.09218944297242,214.982,NA
48,0.1,0.785398163397448,45,"PPD",1,5,8,0.887212902763729,1.00278132140392,3.33374750496951,2.09894505231163,224.084,NA
49,0.1,0.785398163397448,45,"PPD",1,5,8,0.922546913614486,0.87808735182977,3.35852983346873,2.04579630840759,212.928,NA
50,0.1,0.785398163397448,45,"PPD",1,5,8,0.888925394080548,0.979276095757184,3.28850673588604,2.08233221731775,205.986,NA
51,0.1,0.785398163397448,45,"PPD",1,5,8,0.833570199182005,0.933675188658144,3.26482133698206,2.15733765632156,217.86,NA
52,0.1,0.785398163397448,45,"PPD",1,5,8,0.928531780475051,0.98089266943942,3.36146037220733,2.09334391171398,220.035,NA
53,0.1,0.785398163397448,45,"PPD",1,5,8,0.957274767206601,1.02643957404133,3.42096062078156,2.072644091023,218.564,NA
54,0.1,0.785398163397448,45,"PPD",1,5,8,0.916604661689123,0.95413541951632,3.35621768078015,2.12947909610584,214.674,NA
55,0.1,0.785398163397448,45,"PPD",1,5,8,0.992078583024722,1.04640127448976,3.43335305066402,2.1249868207681,219.068,NA
56,0.1,0.785398163397448,45,"PPD",1,5,8,0.976949357399679,0.960386239836337,3.44994172356552,2.04396212422875,211.696,NA
57,0.1,0.785398163397448,45,"PPD",1,5,8,0.909353621989604,0.951632730567653,3.39357072804918,2.11692386967967,212.326,NA
58,0.1,0.785398163397448,45,"PPD",1,5,8,0.868832577687879,0.930740254845875,3.35886794608492,2.11712366939663,200.287,NA
59,0.1,0.785398163397448,45,"PPD",1,5,8,0.852456137100286,0.94169521633939,3.21917172238657,2.10147513665862,217.647,NA
60,0.1,0.785398163397448,45,"PPD",1,5,8,0.951904424895759,0.938925690356914,3.47218268984309,2.02501647311836,217.998000000001,NA
61,0.1,0.785398163397448,45,"PPD",1,5,8,0.964799624296074,1.11459082928892,3.49013571414764,2.09835526036141,227.299,NA
62,0.1,0.785398163397448,45,"PPD",1,5,8,0.809741816059293,1.03128652735545,3.31613333462657,2.10594301525299,242.817,NA
63,0.1,0.785398163397448,45,"PPD",1,5,8,0.84498226982566,0.928200349238718,3.43675715808992,2.10327420840096,211.958,NA
64,0.1,0.785398163397448,45,"PPD",1,5,8,0.822427067715195,0.934977903585627,3.33776609250929,2.0619161185328,217.121,NA
65,0.1,0.785398163397448,45,"PPD",1,5,8,0.84907253690549,0.920377123941956,3.32713428760387,2.01461867263845,214.532,NA
66,0.1,0.785398163397448,45,"PPD",1,5,8,0.861725296358267,0.928016576632143,3.33210974341483,2.06272714058047,214.243,NA
67,0.1,0.785398163397448,45,"PPD",1,5,8,0.881603968989448,0.921236392184101,3.30426533615751,2.12019207884844,215.974,NA
68,0.1,0.785398163397448,45,"PPD",1,5,8,0.859728333844516,0.91701639183129,3.38691810200746,2.08561795910657,251.286,NA
69,0.1,0.785398163397448,45,"PPD",1,5,8,0.871664218151987,0.90499568040611,3.31539376425196,2.10220893028831,217.531,NA
70,0.1,0.785398163397448,45,"PPD",1,5,8,0.982995363692153,0.988898958091189,3.53437651070516,2.05729717192268,232.485000000001,NA
71,0.1,0.785398163397448,45,"PPD",1,5,8,0.875513308910841,1.04769821910983,3.36063059124921,2.09514788914821,212.704,NA
72,0.1,0.785398163397448,45,"PPD",1,5,8,0.830987657401549,0.9332963515383,3.29383980985697,2.10545998493248,247.88,NA
73,0.1,0.785398163397448,45,"PPD",1,5,8,1.00009926548785,1.00237948832577,3.4506245215438,2.07698443377095,238.341,NA
74,0.1,0.785398163397448,45,"PPD",1,5,8,0.852373774824461,1.04920288545288,3.30022292193176,2.12993498557026,213.229,NA
75,0.1,0.785398163397448,45,"PPD",1,5,8,0.850798195395464,0.898821743240074,3.30879279537764,2.03905180880586,200.811,NA
76,0.1,0.785398163397448,45,"PPD",1,5,8,0.9497581428567,1.00219706756186,3.39222604060906,2.10072388076619,218.854,NA
77,0.1,0.785398163397448,45,"PPD",1,5,8,0.903092437424585,0.928124110446542,3.24671538417813,2.0703656581137,224.635,NA
78,0.1,0.785398163397448,45,"PPD",1,5,8,0.910408821226157,1.04403628721663,3.39792424637943,2.12036005224324,216.785,NA
79,0.1,0.785398163397448,45,"PPD",1,5,8,0.941894263560506,0.966616747828644,3.37125284217372,2.06882662453328,218.571,NA
80,0.1,0.785398163397448,45,"PPD",1,5,8,0.825770546189759,0.907989474442436,3.29395507932094,2.01685185401233,201.69,NA
81,0.1,0.785398163397448,45,"PPD",1,5,8,0.879293106396388,0.910702365358205,3.38175685691124,2.0776500341689,218.106,NA
82,0.1,0.785398163397448,45,"PPD",1,5,8,0.851938487051681,1.01131205480946,3.31714460515056,2.09355845116461,214.166,NA
83,0.1,0.785398163397448,45,"PPD",1,5,8,0.925368374377861,0.929113144232023,3.45865258910665,2.02221159569673,259.442,NA
84,0.1,0.785398163397448,45,"PPD",1,5,8,0.835989564019775,0.950055540922832,3.26793310287902,2.04308682624313,219.500999999999,NA
85,0.1,0.785398163397448,45,"PPD",1,5,8,0.81360035109078,0.92992692737104,3.24604555916476,2.09278182298634,218.021000000001,NA
86,0.1,0.785398163397448,45,"PPD",1,5,8,0.840455715758981,1.07182862164526,3.32582783657001,2.05157627060176,226.107,NA
87,0.1,0.785398163397448,45,"PPD",1,5,8,0.856236575637106,1.00281824575693,3.32225497547812,2.07977822687925,226.525,NA
88,0.1,0.785398163397448,45,"PPD",1,5,8,1.00738646244738,1.14213898202111,3.39762255768233,2.16213797769988,221.651000000001,NA
89,0.1,0.785398163397448,45,"PPD",1,5,8,0.945710501130738,0.946614006400185,3.31553527410674,2.06838825699949,218.429999999999,NA
90,0.1,0.785398163397448,45,"PPD",1,5,8,0.965651271481801,1.059029919395,3.35788911735886,2.09116736597007,222.982,NA
91,0.1,0.785398163397448,45,"PPD",1,5,8,0.86878800690173,0.962992101894334,3.29042272771953,2.10781546732797,217.953,NA
92,0.1,0.785398163397448,45,"PPD",1,5,8,0.837476188670444,0.915531673235272,3.2311558493361,2.12570354338867,218.214,NA
93,0.1,0.785398163397448,45,"PPD",1,5,8,0.831260956927131,1.01039493552711,3.30316104077328,2.14673678044899,281.58,NA
94,0.1,0.785398163397448,45,"PPD",1,5,8,0.926181354557382,1.00302712321754,3.31360579561625,2.09828979117561,217.895,NA
95,0.1,0.785398163397448,45,"PPD",1,5,8,0.831425029305066,0.938973386462148,3.31721215593291,2.13271743004323,216.881,NA
96,0.1,0.785398163397448,45,"PPD",2,4,7,0.816063155436295,1.00143783042951,2.48032105800929,1.7706415169916,202.683,NA
97,0.1,0.785398163397448,45,"PPD",1,5,8,0.892967832158984,0.957493604511007,3.45582567975719,2.10185350249091,212.305,NA
98,0.1,0.785398163397448,45,"PPD",1,5,8,0.882579033605694,0.943297419180161,3.4275749800518,2.0929984413357,215.011,NA
99,0.1,0.785398163397448,45,"PPD",1,5,8,0.819720836531696,0.906984598108461,3.32288950783086,2.03083218543731,250.507,NA
100,0.1,0.785398163397448,45,"PPD",1,5,8,0.811584318572487,0.924114985084189,3.25074213863282,2.07188647416884,233.51,NA
1,0.25,0.785398163397448,45,"PPD",3,3,6,0.115563766102967,0.130273419389024,0.21732982087204,0.18854954286222,216.477,NA
2,0.25,0.785398163397448,45,"PPD",3,3,6,0.107001861687751,0.126049063923178,0.200656716652404,0.192921602941844,247.466,NA
3,0.25,0.785398163397448,45,"PPD",3,3,6,0.105493607061361,0.123130785431965,0.203847480074868,0.19300834654966,201.709000000001,NA
4,0.25,0.785398163397448,45,"PPD",3,3,6,0.113655161716243,0.134000327824865,0.212055909992964,0.177283913034304,211.867,NA
5,0.25,0.785398163397448,45,"PPD",3,3,6,0.10733738240905,0.123437230883558,0.212546142296923,0.194851415097257,219.381,NA
6,0.25,0.785398163397448,45,"PPD",3,3,6,0.111720243494947,0.12764494586497,0.201315687222899,0.184320747473979,218.803000000001,NA
7,0.25,0.785398163397448,45,"PPD",3,3,6,0.107457497552458,0.121287897485003,0.204286337996093,0.182667942571427,217.766,NA
8,0.25,0.785398163397448,45,"PPD",3,3,6,0.105493858537333,0.126375116988665,0.208161133312754,0.183987367557936,217.729,NA
9,0.25,0.785398163397448,45,"PPD",3,3,6,0.109863725749379,0.127440231902383,0.203577657739122,0.183380979133168,215.206,NA
10,0.25,0.785398163397448,45,"PPD",3,3,6,0.113124979763886,0.120758987212471,0.201605386633233,0.185899747543874,257.309999999999,NA
11,0.25,0.785398163397448,45,"PPD",3,3,6,0.113609975949535,0.136079446570514,0.209683335253649,0.197096596372544,219.561000000001,NA
12,0.25,0.785398163397448,45,"PPD",3,3,6,0.112152900318858,0.127955590967517,0.209329546082984,0.176989758879373,216.354,NA
13,0.25,0.785398163397448,45,"PPD",3,3,6,0.114135520709465,0.129203995412188,0.211709931542783,0.182748202648051,216.335,NA
14,0.25,0.785398163397448,45,"PPD",3,3,6,0.114642450271534,0.127258648294892,0.212725348028203,0.195798811128841,210.779,NA
15,0.25,0.785398163397448,45,"PPD",3,3,6,0.110711822086656,0.123849908835724,0.198384963385149,0.185947386266501,222.933,NA
16,0.25,0.785398163397448,45,"PPD",3,3,6,0.112076178321356,0.126463311851978,0.214297594314943,0.202120845968472,222.536,NA
17,0.25,0.785398163397448,45,"PPD",3,3,6,0.11485751779086,0.126393384488115,0.195805731174486,0.182512348893952,214.34,NA
18,0.25,0.785398163397448,45,"PPD",3,3,6,0.111599268353906,0.138737792715606,0.195795555670666,0.18432555388546,217.708000000001,NA
19,0.25,0.785398163397448,45,"PPD",3,3,6,0.111507973151115,0.141748210593,0.216068481526968,0.180739427784814,205.301,NA
20,0.25,0.785398163397448,45,"PPD",3,3,6,0.107148151658336,0.122648452281725,0.195109643624173,0.188665051888691,215.099,NA
21,0.25,0.785398163397448,45,"PPD",3,3,6,0.114189799797069,0.126557206994043,0.211392222713625,0.193833697615847,207.818,NA
22,0.25,0.785398163397448,45,"PPD",3,3,6,0.10957302046775,0.12989514750599,0.208800127305139,0.1982463291538,215.955,NA
23,0.25,0.785398163397448,45,"PPD",3,3,6,0.111273247428714,0.126828283211329,0.196575926201408,0.187598912535638,203.389,NA
24,0.25,0.785398163397448,45,"PPD",3,3,6,0.116454249056151,0.137121629610831,0.201955677105678,0.191772339947007,279.069,NA
25,0.25,0.785398163397448,45,"PPD",3,3,6,0.11197710385877,0.123126819224217,0.203498535734233,0.187514905050809,215.650000000001,NA
26,0.25,0.785398163397448,45,"PPD",3,3,6,0.117196976938828,0.125847070327612,0.211348003858944,0.187140614458898,220.612,NA
27,0.25,0.785398163397448,45,"PPD",3,3,6,0.108262529497674,0.125542192426925,0.19620404744254,0.188723079283819,242.924999999999,NA
28,0.25,0.785398163397448,45,"PPD",3,3,6,0.108898561042423,0.13074831702138,0.208868013439124,0.191360356287576,217.441,NA
29,0.25,0.785398163397448,45,"PPD",3,3,6,0.11560710025227,0.127131225091914,0.210078258843737,0.184460634410048,240.237,NA
30,0.25,0.785398163397448,45,"PPD",3,3,6,0.108376063565842,0.117412966988043,0.207391124755594,0.198898769769824,256.650000000001,NA
31,0.25,0.785398163397448,45,"PPD",3,3,6,0.111368128687316,0.123307280794546,0.209842238033984,0.182012915845747,220.243,NA
32,0.25,0.785398163397448,45,"PPD",3,3,6,0.115468250668181,0.123426275870173,0.200732493019569,0.186178134609256,229.68,NA
33,0.25,0.785398163397448,45,"PPD",3,3,6,0.11731557462563,0.133508746674853,0.201730563409283,0.183450024760379,215.309,NA
34,0.25,0.785398163397448,45,"PPD",3,3,6,0.115231659517389,0.12745521108589,0.202266321823301,0.187773633921956,219.518,NA
35,0.25,0.785398163397448,45,"PPD",3,3,6,0.110076098688137,0.124305327108695,0.199231694422096,0.201015256628725,217.624,NA
36,0.25,0.785398163397448,45,"PPD",3,3,6,0.111236589628787,0.125840653694851,0.202997642833523,0.190409565739264,239.259,NA
37,0.25,0.785398163397448,45,"PPD",3,3,6,0.109679214986637,0.127202473473989,0.198623030537654,0.198792511547414,215.78,NA
38,0.25,0.785398163397448,45,"PPD",3,3,6,0.107013401766073,0.132003672940147,0.21006215268441,0.191972058802679,215.675999999999,NA
39,0.25,0.785398163397448,45,"PPD",3,3,6,0.110249205400633,0.119748011051726,0.20736091318944,0.188438622008748,220.360000000001,NA
40,0.25,0.785398163397448,45,"PPD",3,3,6,0.117979121158369,0.132405635432853,0.211815796703944,0.185439628011636,211.349999999999,NA
41,0.25,0.785398163397448,45,"PPD",3,3,6,0.110924106999763,0.124166427896513,0.210688762475721,0.18444574538629,229.916,NA
42,0.25,0.785398163397448,45,"PPD",3,3,6,0.114361218556614,0.127670372926727,0.211804381491603,0.185029023652037,241.372,NA
43,0.25,0.785398163397448,45,"PPD",3,3,6,0.113547671945557,0.13397551373238,0.207121993090631,0.183390899693678,218.137,NA
44,0.25,0.785398163397448,45,"PPD",3,3,6,0.112437723160052,0.119269976856747,0.217689611859782,0.186512254201589,205.241999999999,NA
45,0.25,0.785398163397448,45,"PPD",3,3,6,0.105892763889579,0.124429998482143,0.20401454628033,0.186046981292158,217.996,NA
46,0.25,0.785398163397448,45,"PPD",3,3,6,0.106908845261111,0.123609578334941,0.20101306694514,0.192353096188138,204.811000000001,NA
47,0.25,0.785398163397448,45,"PPD",3,3,6,0.115508863022506,0.122981795256192,0.21600764644135,0.184316044520389,211.986999999999,NA
48,0.25,0.785398163397448,45,"PPD",3,3,6,0.111515277054675,0.131057727903872,0.20289158377111,0.184584308685026,216.123000000001,NA
49,0.25,0.785398163397448,45,"PPD",3,3,6,0.10373457782485,0.128899206064097,0.196741884386692,0.19938746806901,218.485,NA
50,0.25,0.785398163397448,45,"PPD",3,3,6,0.108083027032352,0.128511739737273,0.202067682871806,0.188753948270404,216.904,NA
51,0.25,0.785398163397448,45,"PPD",3,3,6,0.110181620353379,0.123354448571204,0.191196133798454,0.186848110595782,215.734,NA
52,0.25,0.785398163397448,45,"PPD",3,3,6,0.107998976460877,0.128567587914613,0.200906330297045,0.191201553260254,215.161999999999,NA
53,0.25,0.785398163397448,45,"PPD",3,3,6,0.122182593097182,0.127933379489867,0.219086247032809,0.196558289204677,227.246,NA
54,0.25,0.785398163397448,45,"PPD",3,3,6,0.111354280379678,0.138828866849994,0.197034621528491,0.181496666767169,248.495,NA
55,0.25,0.785398163397448,45,"PPD",3,3,6,0.114477246067041,0.126149657369709,0.215549155019313,0.179083506020669,225.37,NA
56,0.25,0.785398163397448,45,"PPD",3,3,6,0.111223860735028,0.124231677701698,0.203320446461136,0.180816747588633,213.852000000001,NA
57,0.25,0.785398163397448,45,"PPD",3,3,6,0.110368205596395,0.118700642130726,0.208438886478793,0.173149779109627,219.376,NA
58,0.25,0.785398163397448,45,"PPD",3,3,6,0.110349117963752,0.121845235423809,0.203777403555599,0.173567391283249,216.81,NA
59,0.25,0.785398163397448,45,"PPD",3,3,6,0.112307294485642,0.126773639864062,0.20678466263286,0.186521949313225,247.405999999999,NA
60,0.25,0.785398163397448,45,"PPD",3,3,6,0.110408880710853,0.12492388239922,0.200242347260802,0.177699990480871,212.613,NA
61,0.25,0.785398163397448,45,"PPD",3,3,6,0.110820472689177,0.13256557652932,0.212078327256829,0.190745020000573,214.329,NA
62,0.25,0.785398163397448,45,"PPD",3,3,6,0.11208534788987,0.127796600978626,0.197511418571752,0.19545879590657,215.561,NA
63,0.25,0.785398163397448,45,"PPD",3,3,6,0.107671011049985,0.12679071820846,0.206433316723133,0.183251360823507,215.043000000001,NA
64,0.25,0.785398163397448,45,"PPD",3,3,6,0.113416752737963,0.125584496604181,0.199530242633111,0.17533783165174,223.34,NA
65,0.25,0.785398163397448,45,"PPD",3,3,6,0.108206499904624,0.123611851277723,0.198971191716162,0.186329052622279,229.541000000001,NA
66,0.25,0.785398163397448,45,"PPD",3,3,6,0.1162417341292,0.12899242400537,0.208041539376448,0.185447995262222,204.897999999999,NA
67,0.25,0.785398163397448,45,"PPD",3,3,6,0.122413571502464,0.132881281819904,0.219036275633971,0.185070950643803,231.034,NA
68,0.25,0.785398163397448,45,"PPD",3,3,6,0.111764675135972,0.130047876968939,0.205168482984976,0.181372141182862,216.859,NA
69,0.25,0.785398163397448,45,"PPD",3,3,6,0.108609111425191,0.126609734538473,0.187941828590898,0.180033188773518,217.728000000001,NA
70,0.25,0.785398163397448,45,"PPD",3,3,6,0.107709387772918,0.127680607248583,0.197589136787443,0.196386973877766,203.952,NA
71,0.25,0.785398163397448,45,"PPD",3,3,6,0.106015775707357,0.122432835987065,0.20179656875925,0.179095982527886,213.871000000001,NA
72,0.25,0.785398163397448,45,"PPD",3,3,6,0.112412325641329,0.125214598030995,0.207906546500242,0.187527021118773,216.562,NA
73,0.25,0.785398163397448,45,"PPD",3,3,6,0.111642631910789,0.134914542447459,0.203265912307657,0.185933739522979,216.009,NA
74,0.25,0.785398163397448,45,"PPD",3,3,6,0.111130444463426,0.122537241835442,0.188031148403061,0.17716066475319,221.947,NA
75,0.25,0.785398163397448,45,"PPD",3,3,6,0.11327999793465,0.12543543385087,0.208068978378572,0.184871030058355,216.713,NA
76,0.25,0.785398163397448,45,"PPD",3,3,6,0.114231710990456,0.124337273654187,0.19532874401956,0.193054864298633,219.966,NA
77,0.25,0.785398163397448,45,"PPD",3,3,6,0.106602691611869,0.126833162296185,0.194404970909293,0.191129586335796,215.466,NA
78,0.25,0.785398163397448,45,"PPD",3,3,6,0.115675928784386,0.125814381399857,0.211677352825328,0.190447820120248,216.677000000001,NA
79,0.25,0.785398163397448,45,"PPD",3,3,6,0.117612606413033,0.123775605649462,0.208710075670964,0.185956747127627,209.618999999999,NA
80,0.25,0.785398163397448,45,"PPD",3,3,6,0.109801962408089,0.120874903222009,0.192753900665915,0.176004669255324,222.205,NA
81,0.25,0.785398163397448,45,"PPD",3,3,6,0.117983734024507,0.130446508371679,0.215112055469457,0.195832852921944,212.855,NA
82,0.25,0.785398163397448,45,"PPD",3,3,6,0.111594737511933,0.121873529020624,0.203859875093596,0.186669887719122,227.255000000001,NA
83,0.25,0.785398163397448,45,"PPD",3,3,6,0.113881631248146,0.128640987321503,0.213079274359843,0.190835529693912,223.344000000001,NA
84,0.25,0.785398163397448,45,"PPD",3,3,6,0.105787979491542,0.126578475692675,0.204445306271948,0.18521085577068,212.558000000001,NA
85,0.25,0.785398163397448,45,"PPD",3,3,6,0.108789414437596,0.120054639054662,0.195973461657733,0.191682119397679,220.496999999999,NA
86,0.25,0.785398163397448,45,"PPD",3,3,6,0.113604547585546,0.128579190583742,0.20492204086978,0.18876188600781,218.666999999999,NA
87,0.25,0.785398163397448,45,"PPD",3,3,6,0.107911932938213,0.115585152568774,0.202817718178767,0.184428408599547,220.876,NA
88,0.25,0.785398163397448,45,"PPD",3,3,6,0.110339676998838,0.124970861853368,0.206056115000191,0.183223446226233,237.358,NA
89,0.25,0.785398163397448,45,"PPD",3,3,6,0.120547671018055,0.128155791160096,0.19971527399625,0.18490808643114,222.471000000001,NA
90,0.25,0.785398163397448,45,"PPD",3,3,6,0.109187167158112,0.121457699512213,0.212066262458293,0.190595169944088,210.444,NA
91,0.25,0.785398163397448,45,"PPD",3,3,6,0.113193182336247,0.129446028276442,0.209130885740996,0.198093535482582,227.604000000001,NA
92,0.25,0.785398163397448,45,"PPD",3,3,6,0.116567982634247,0.133840068674605,0.214415295719648,0.188283154669754,223.348,NA
93,0.25,0.785398163397448,45,"PPD",3,3,6,0.114477410619308,0.129930963781713,0.203888060171871,0.18505428273694,217.923999999999,NA
94,0.25,0.785398163397448,45,"PPD",3,3,6,0.114344888817407,0.130197059375437,0.20800144941845,0.184361623205809,216.694,NA
95,0.25,0.785398163397448,45,"PPD",3,3,6,0.102159812896569,0.121559094644838,0.201973229519864,0.184798574194452,216.575000000001,NA
96,0.25,0.785398163397448,45,"PPD",3,3,6,0.106889635076598,0.123145029228347,0.202777915820297,0.191742631470212,218.582,NA
97,0.25,0.785398163397448,45,"PPD",3,3,6,0.114330137202475,0.125774162899112,0.212077680504771,0.183596016991011,218.999,NA
98,0.25,0.785398163397448,45,"PPD",3,3,6,0.103826728248185,0.130345757694513,0.203331545478517,0.18282286542402,215.843000000001,NA
99,0.25,0.785398163397448,45,"PPD",3,3,6,0.101789472834441,0.125274146400843,0.208521268209789,0.183081384523451,215.098,NA
100,0.25,0.785398163397448,45,"PPD",3,3,6,0.107247381219077,0.129130543062593,0.205095857242837,0.186393815506106,217.145999999999,NA
1,0.5,0.785398163397448,45,"PPD",3,3,6,0.0259911013416178,0.0285181908491224,0.0422156033006341,0.0377023865917945,221.353000000001,NA
2,0.5,0.785398163397448,45,"PPD",3,3,6,0.0258905598396195,0.0277976919529653,0.0403172138944305,0.0379206891202605,213.182999999999,NA
3,0.5,0.785398163397448,45,"PPD",3,3,6,0.026860371818285,0.0295774470043641,0.0406432913544503,0.0367426799524093,221.574000000001,NA
4,0.5,0.785398163397448,45,"PPD",3,3,6,0.0269780225151884,0.0296349119444089,0.0417279778761559,0.0383059565922062,213.508,NA
5,0.5,0.785398163397448,45,"PPD",3,3,6,0.0271751420076366,0.0298730346774728,0.0419603831062516,0.0380804258837758,229.555,NA
6,0.5,0.785398163397448,45,"PPD",3,3,6,0.0267691438740776,0.0291956119096675,0.0419232440865342,0.0368452300217218,219.816000000001,NA
7,0.5,0.785398163397448,45,"PPD",3,3,6,0.0288406577478343,0.0310663463951379,0.0440589608243374,0.0388826576905185,214.966,NA
8,0.5,0.785398163397448,45,"PPD",3,3,6,0.026610432811785,0.0295403717930586,0.0424039358216443,0.0388074226153454,223.523000000001,NA
9,0.5,0.785398163397448,45,"PPD",3,3,6,0.0289107193258258,0.0309847964891118,0.0397910920559645,0.0378539527190346,239.648999999999,NA
10,0.5,0.785398163397448,45,"PPD",3,3,6,0.0268722043748676,0.0291794264114298,0.0408135589696939,0.0362686467107953,214.431,NA
11,0.5,0.785398163397448,45,"PPD",3,3,6,0.0261311897772744,0.0296709417382888,0.0426726573530831,0.0371099253798267,215.620000000001,NA
12,0.5,0.785398163397448,45,"PPD",3,3,6,0.0266079830915532,0.0303634525538512,0.0441372675465973,0.0374983630999855,216.450999999999,NA
13,0.5,0.785398163397448,45,"PPD",3,3,6,0.026539478043324,0.0295907565192324,0.0412646924634105,0.0363885578335533,220.890000000001,NA
14,0.5,0.785398163397448,45,"PPD",3,3,6,0.0261872947947609,0.0298822542697629,0.0418510822567231,0.0378548398274859,211.09,NA
15,0.5,0.785398163397448,45,"PPD",3,3,6,0.0274903336509499,0.031972983022386,0.0417557684006046,0.0373939632639755,241.916999999999,NA
16,0.5,0.785398163397448,45,"PPD",3,3,6,0.0269774848173346,0.0288516185982619,0.0420807351963004,0.0379330225614745,241.007,NA
17,0.5,0.785398163397448,45,"PPD",3,3,6,0.0259819541534439,0.0311741735716078,0.0422272621559635,0.038539291462348,232.404,NA
18,0.5,0.785398163397448,45,"PPD",3,3,6,0.0258800979969788,0.0283738964274524,0.0404790690616692,0.0378314676567705,212.296,NA
19,0.5,0.785398163397448,45,"PPD",3,3,6,0.0260191300575165,0.0295493954537818,0.0412948588657969,0.0380012836253887,202.519,NA
20,0.5,0.785398163397448,45,"PPD",3,3,6,0.0266799605098126,0.0297857387854213,0.0433487135574955,0.0377586716068858,238.809000000001,NA
21,0.5,0.785398163397448,45,"PPD",3,3,6,0.0283512375530885,0.0316591459342768,0.0425623526854274,0.0377361402346387,219.616,NA
22,0.5,0.785398163397448,45,"PPD",3,3,6,0.0263399120291102,0.0283878160838544,0.0430395711021467,0.0376416389098863,218.74,NA
23,0.5,0.785398163397448,45,"PPD",3,3,6,0.0269806946393898,0.0300860589112599,0.0412239052545275,0.0373735978559412,206.355,NA
24,0.5,0.785398163397448,45,"PPD",3,3,6,0.0280416328783324,0.0281433023631503,0.0422717397130713,0.0380349580888506,214.943000000001,NA
25,0.5,0.785398163397448,45,"PPD",3,3,6,0.0283729143949755,0.0294508901858038,0.0442351385323728,0.0395356019160194,217.213,NA
26,0.5,0.785398163397448,45,"PPD",3,3,6,0.0269659349751689,0.0298778436940979,0.0449686726111451,0.0389542812053655,220.724,NA
27,0.5,0.785398163397448,45,"PPD",3,3,6,0.0277974354889425,0.0291038260933964,0.042520736501372,0.0368128913900698,214.401000000002,NA
28,0.5,0.785398163397448,45,"PPD",3,3,6,0.0265233862277782,0.0286054178450041,0.0428899137895955,0.0392207553635743,219.676000000001,NA
29,0.5,0.785398163397448,45,"PPD",3,3,6,0.0253218636090317,0.029192933573518,0.0413953707785654,0.0368520903172833,208.333999999999,NA
30,0.5,0.785398163397448,45,"PPD",3,3,6,0.0263588547437352,0.0288372064283451,0.0435726705947659,0.0386121453302532,218.078,NA
31,0.5,0.785398163397448,45,"PPD",3,3,6,0.0267133323723434,0.029501148420066,0.0402609506553305,0.0381403852249294,218.411,NA
32,0.5,0.785398163397448,45,"PPD",3,3,6,0.0275471516254561,0.0306574362612016,0.0406596584524129,0.0370182777311494,230.677,NA
33,0.5,0.785398163397448,45,"PPD",3,3,6,0.0269849908988909,0.0308074854685753,0.0414012036544721,0.0379419244043818,219.648999999999,NA
34,0.5,0.785398163397448,45,"PPD",3,3,6,0.0262482003226089,0.0282868328777025,0.0433069599185126,0.0392508779928205,212.751,NA
35,0.5,0.785398163397448,45,"PPD",3,3,6,0.026709337965884,0.0297689473829534,0.0424438496287398,0.0379654944403325,215.823,NA
36,0.5,0.785398163397448,45,"PPD",3,3,6,0.0264689291159234,0.0314247259195241,0.0461824381710403,0.0384758130920633,214.474,NA
37,0.5,0.785398163397448,45,"PPD",3,3,6,0.0254545154775475,0.0275417844765652,0.0415236812508197,0.0385261847578253,215.889999999999,NA
38,0.5,0.785398163397448,45,"PPD",3,3,6,0.0280503738389667,0.0298441352510559,0.0424812602984633,0.0378297578794868,219.484,NA
39,0.5,0.785398163397448,45,"PPD",3,3,6,0.0261711589900432,0.0289780549859224,0.0386668847793505,0.0383482640924557,242.271000000001,NA
40,0.5,0.785398163397448,45,"PPD",3,3,6,0.0269435082965499,0.0302340390385039,0.0411250002229695,0.0377245248920338,214.553,NA
41,0.5,0.785398163397448,45,"PPD",3,3,6,0.0269598648143758,0.0296003754006109,0.0403938726719737,0.0378404189123016,224.68,NA
42,0.5,0.785398163397448,45,"PPD",3,3,6,0.0259644012777209,0.0291582778941017,0.0426476093536999,0.0389082174362755,218.219000000001,NA
43,0.5,0.785398163397448,45,"PPD",3,3,6,0.0266471511028358,0.0301157524368716,0.042538732282408,0.038450864262699,225.596,NA
44,0.5,0.785398163397448,45,"PPD",3,3,6,0.0281268147915784,0.0305164176405009,0.0432937879957951,0.0380558066430479,203.946,NA
45,0.5,0.785398163397448,45,"PPD",3,3,6,0.0260431804454188,0.0313580194566411,0.0440933991704927,0.0375690847235874,213.001,NA
46,0.5,0.785398163397448,45,"PPD",3,3,6,0.0259483240174214,0.0286152403651623,0.0426347507140897,0.0376549212776959,255.848,NA
47,0.5,0.785398163397448,45,"PPD",3,3,6,0.0261147441033393,0.0282909147891639,0.0434735491156981,0.0379360672882992,246.732,NA
48,0.5,0.785398163397448,45,"PPD",3,3,6,0.0265708821076145,0.0292502830502753,0.0429985692170102,0.0373087701700308,214.248,NA
49,0.5,0.785398163397448,45,"PPD",3,3,6,0.0244094650348098,0.0282772585602194,0.0408826550102322,0.0382197888117545,214.377,NA
50,0.5,0.785398163397448,45,"PPD",3,3,6,0.0250932783464292,0.0300032272830345,0.0437919978591586,0.0367580819377593,220.332,NA
51,0.5,0.785398163397448,45,"PPD",3,3,6,0.0258364198237822,0.0290762013375105,0.0422583260355626,0.0381904309812111,215.886,NA
52,0.5,0.785398163397448,45,"PPD",3,3,6,0.0258073440976106,0.0285491736022257,0.0413490775864546,0.0378945174139913,217.227000000001,NA
53,0.5,0.785398163397448,45,"PPD",3,3,6,0.0263545794425167,0.0303861544159199,0.0436459433056354,0.0362950946743584,227.58,NA
54,0.5,0.785398163397448,45,"PPD",3,3,6,0.0263849801083708,0.0302053287531689,0.0398447712567164,0.0380383770007831,216.790000000001,NA
55,0.5,0.785398163397448,45,"PPD",3,3,6,0.0279739525473407,0.0294151285677079,0.0442285989328724,0.0377281373463652,214.960999999999,NA
56,0.5,0.785398163397448,45,"PPD",3,3,6,0.0275242385462283,0.0324755469460074,0.0424364860410042,0.0373690996328486,232.266,NA
57,0.5,0.785398163397448,45,"PPD",3,3,6,0.0268827663953123,0.029211146445901,0.041384628944376,0.0380695488638927,211.458000000001,NA
58,0.5,0.785398163397448,45,"PPD",3,3,6,0.0268496703144626,0.028144277569529,0.0424219014979819,0.0386501656703985,217.76,NA
59,0.5,0.785398163397448,45,"PPD",3,3,6,0.0260135936719898,0.0300167310797426,0.0439964622705032,0.0377777213703165,237.511,NA
60,0.5,0.785398163397448,45,"PPD",3,3,6,0.0272820693822787,0.031106701777557,0.0445201541017838,0.037045695240259,211.239,NA
61,0.5,0.785398163397448,45,"PPD",3,3,6,0.0250891934757865,0.0274741725635628,0.044231635490316,0.0384268901536018,216.712,NA
62,0.5,0.785398163397448,45,"PPD",3,3,6,0.025877431884858,0.0273603840939707,0.0408041147510211,0.0383778519286584,220.893,NA
63,0.5,0.785398163397448,45,"PPD",3,3,6,0.0283291570560983,0.0295937600193795,0.0437604575518534,0.0393196818494058,233.264999999999,NA
64,0.5,0.785398163397448,45,"PPD",3,3,6,0.0261928050512997,0.0302965871038194,0.0428809938217397,0.0362158405484155,251.918,NA
65,0.5,0.785398163397448,45,"PPD",3,3,6,0.0257841103459527,0.0295084860329302,0.0430942152585822,0.0372676673945196,209.829000000002,NA
66,0.5,0.785398163397448,45,"PPD",3,3,6,0.0269721763755896,0.0299690811924547,0.042670449011806,0.0385472433219226,216.007,NA
67,0.5,0.785398163397448,45,"PPD",3,3,6,0.0284447709058604,0.0307107082327337,0.0423953154804947,0.038477043238692,213.901,NA
68,0.5,0.785398163397448,45,"PPD",3,3,6,0.0278319694966424,0.0314707698063086,0.0447855205311247,0.0380208214502315,221.788,NA
69,0.5,0.785398163397448,45,"PPD",3,3,6,0.0275056550782734,0.0312216787379334,0.0422618021738853,0.0381893057736298,216.697,NA
70,0.5,0.785398163397448,45,"PPD",3,3,6,0.0261023312566563,0.0321728364601836,0.0422222156222094,0.0371820069359519,214.911,NA
71,0.5,0.785398163397448,45,"PPD",3,3,6,0.0253253802813258,0.0289133495770402,0.0423690337804532,0.0381329418702022,220.239,NA
72,0.5,0.785398163397448,45,"PPD",3,3,6,0.0262372870039752,0.0305491630848308,0.0413919570281391,0.0374856108562294,217.835999999999,NA
73,0.5,0.785398163397448,45,"PPD",3,3,6,0.0262997954140156,0.0281806065191625,0.0425849249599652,0.0389101357002555,209.591,NA
74,0.5,0.785398163397448,45,"PPD",3,3,6,0.0259488439046132,0.0309532123487971,0.0447366813556281,0.0375138573425348,228.016,NA
75,0.5,0.785398163397448,45,"PPD",3,3,6,0.0268611915747207,0.0305817047197586,0.0438632928431006,0.0385053284571495,218.58,NA
76,0.5,0.785398163397448,45,"PPD",3,3,6,0.0273590017588859,0.0290997790596553,0.0418822569702825,0.0375464355504772,213.427,NA
77,0.5,0.785398163397448,45,"PPD",3,3,6,0.0259475494947331,0.02888044973548,0.0433784934941134,0.0377129734254817,220.208000000001,NA
78,0.5,0.785398163397448,45,"PPD",3,3,6,0.0286081046705249,0.0300719788941069,0.0412365588558536,0.0394196741133309,218.229000000001,NA
79,0.5,0.785398163397448,45,"PPD",3,3,6,0.0265463588431958,0.0290544689857898,0.0408275335970924,0.0381999770314748,213.078,NA
80,0.5,0.785398163397448,45,"PPD",3,3,6,0.0281007842681943,0.0310093103984002,0.0418923759812137,0.0373795982603746,217.145,NA
81,0.5,0.785398163397448,45,"PPD",3,3,6,0.025576347259843,0.0282745117087003,0.0431592091880254,0.0383770652963556,218.728999999999,NA
82,0.5,0.785398163397448,45,"PPD",3,3,6,0.0262933594756905,0.0286096711027141,0.0435783355974138,0.0377697428443226,218.782999999999,NA
83,0.5,0.785398163397448,45,"PPD",3,3,6,0.0279357516077434,0.0308645858857545,0.044182706236084,0.0384003875458194,227.528,NA
84,0.5,0.785398163397448,45,"PPD",3,3,6,0.0261105769156903,0.0282820524278742,0.0423768028236277,0.0375358031742386,236.977999999999,NA
85,0.5,0.785398163397448,45,"PPD",3,3,6,0.025902700196474,0.0272663402195055,0.0406407758371807,0.0382808498280871,216.929,NA
86,0.5,0.785398163397448,45,"PPD",3,3,6,0.0261401905809931,0.0289837557999721,0.0418155980483972,0.0380313701418379,222.494000000001,NA
87,0.5,0.785398163397448,45,"PPD",3,3,6,0.0281020603818837,0.0311161641948882,0.0432879925236746,0.0382305793404499,213.698,NA
88,0.5,0.785398163397448,45,"PPD",3,3,6,0.0283248988963421,0.0286006060063863,0.0424303819831385,0.0392615291887755,223.028,NA
89,0.5,0.785398163397448,45,"PPD",3,3,6,0.0263218021248643,0.0290078582302162,0.0448261680051409,0.0373029625055762,219.133000000002,NA
90,0.5,0.785398163397448,45,"PPD",3,3,6,0.0256369883536241,0.0285000017666514,0.0404199880230192,0.0370314465934899,216.200000000001,NA
91,0.5,0.785398163397448,45,"PPD",3,3,6,0.0271398764331067,0.0289333827866202,0.0439626606261252,0.0374366421363197,205.591999999999,NA
92,0.5,0.785398163397448,45,"PPD",3,3,6,0.0270559460356131,0.0293630615321852,0.0417622469675921,0.0385083503287822,210.999,NA
93,0.5,0.785398163397448,45,"PPD",3,3,6,0.0270404529665732,0.0299445904031109,0.0418567230158736,0.0371950033494186,210.099,NA
94,0.5,0.785398163397448,45,"PPD",3,3,6,0.0264175409016283,0.0293839219282377,0.0419236982482129,0.0385261940278303,220.120999999999,NA
95,0.5,0.785398163397448,45,"PPD",3,3,6,0.0257184866258939,0.0292334487978022,0.0397657727184637,0.0377277510395933,239.165000000001,NA
96,0.5,0.785398163397448,45,"PPD",3,3,6,0.0277643926445797,0.0299961434901223,0.0416527752104152,0.0384914394282445,213.948,NA
97,0.5,0.785398163397448,45,"PPD",3,3,6,0.0268623764310812,0.0314809163603532,0.0427196509463728,0.037353023593677,221.455,NA
98,0.5,0.785398163397448,45,"PPD",3,3,6,0.0265586574495077,0.0293901292095271,0.0410861575279535,0.0375734683246256,209.505999999999,NA
99,0.5,0.785398163397448,45,"PPD",3,3,6,0.027417903150951,0.0292028332494223,0.0440182587634863,0.0379846374646507,248.618,NA
100,0.5,0.785398163397448,45,"PPD",3,3,6,0.0280881883179445,0.0302968940192869,0.0440635575886984,0.0376643394297515,215.656999999999,NA
1,1,0.785398163397448,45,"PPD",3,3,6,0.00628579408053748,0.00656618163126698,0.00979585624884838,0.00921572982594833,215.165999999999,NA
2,1,0.785398163397448,45,"PPD",3,3,6,0.00656105448266614,0.00743804752733291,0.0102629197582609,0.00868722393459962,215.505999999999,NA
3,1,0.785398163397448,45,"PPD",3,3,6,0.00674910358154541,0.0076241418599381,0.0101158244181124,0.00866811860979637,206.883,NA
4,1,0.785398163397448,45,"PPD",3,3,6,0.00661754047003371,0.00752584306825385,0.0102809272546457,0.00886343033139851,217.048000000001,NA
5,1,0.785398163397448,45,"PPD",3,3,6,0.00657874243406539,0.00686165271497277,0.0102091230187668,0.00926223193886148,215.474,NA
6,1,0.785398163397448,45,"PPD",3,3,6,0.00670310301166142,0.00742453097151305,0.0102686096658437,0.00859379270956751,222.852000000001,NA
7,1,0.785398163397448,45,"PPD",3,3,6,0.00638237626411691,0.0070798351909022,0.0101513834819497,0.00890966015712486,216.184000000001,NA
8,1,0.785398163397448,45,"PPD",3,3,6,0.0065577063558159,0.00735435025250085,0.0099217644878581,0.00898613797912711,216.937,NA
9,1,0.785398163397448,45,"PPD",3,3,6,0.00646793636614607,0.0069012529825249,0.00998810620060965,0.00896415775186881,213.668,NA
10,1,0.785398163397448,45,"PPD",3,3,6,0.00716156273373816,0.0071267156715807,0.0101612409173972,0.00883021286990595,220.290999999999,NA
11,1,0.785398163397448,45,"PPD",3,3,6,0.00650856142899998,0.00710156098358211,0.00944902460332099,0.00890251823565135,219.43,NA
12,1,0.785398163397448,45,"PPD",3,3,6,0.00672620424484164,0.00718680113908251,0.0106886483722211,0.0088499532557697,223.262000000001,NA
13,1,0.785398163397448,45,"PPD",3,3,6,0.00669568788382645,0.00741663992415622,0.0104492170334547,0.00898390409636384,217.226000000001,NA
14,1,0.785398163397448,45,"PPD",3,3,6,0.00676630501226532,0.00708676734046414,0.0100311426173147,0.00897562661749805,200.880999999999,NA
15,1,0.785398163397448,45,"PPD",3,3,6,0.00686730991577262,0.00695927036600788,0.0100985200775801,0.0090032353569535,206.406000000001,NA
16,1,0.785398163397448,45,"PPD",3,3,6,0.00693717008503581,0.00720754000109549,0.0098189561116882,0.00880316964210778,218.639999999999,NA
17,1,0.785398163397448,45,"PPD",3,3,6,0.00642073673761689,0.00668903525021994,0.00951833315423241,0.00894337150750953,201.328000000001,NA
18,1,0.785398163397448,45,"PPD",3,3,6,0.00662458712095168,0.00693778691522258,0.00961633637472274,0.00866726368673347,219.190999999999,NA
19,1,0.785398163397448,45,"PPD",3,3,6,0.00692549957905003,0.00736023697000632,0.0099022650462468,0.00874051203809252,222.591999999999,NA
20,1,0.785398163397448,45,"PPD",3,3,6,0.00634240672591372,0.00718063573604311,0.0097302080972332,0.00886572048089324,216.049999999999,NA
21,1,0.785398163397448,45,"PPD",3,3,6,0.0064929217549501,0.0068098311836534,0.00948593257999673,0.00889555058793065,242.561,NA
22,1,0.785398163397448,45,"PPD",3,3,6,0.00699199377704808,0.0073591873023723,0.00995652441360681,0.00908779613000442,199.931,NA
23,1,0.785398163397448,45,"PPD",3,3,6,0.00652500689215641,0.00686078881462913,0.00958579876400441,0.00876444393272429,218.77,NA
24,1,0.785398163397448,45,"PPD",3,3,6,0.00665907936980743,0.00769108371462958,0.0100315931263101,0.0090993947900845,218.772999999999,NA
25,1,0.785398163397448,45,"PPD",3,3,6,0.00600605777636749,0.00736156955700436,0.0100070864314142,0.00885593238261385,212.502,NA
26,1,0.785398163397448,45,"PPD",3,3,6,0.00669834916829579,0.00696026420474493,0.0103114883917283,0.00885614287481365,220.036,NA
27,1,0.785398163397448,45,"PPD",3,3,6,0.00649048798338576,0.00719804001482499,0.00997258029566455,0.00864461189789156,208.970000000001,NA
28,1,0.785398163397448,45,"PPD",3,3,6,0.00685356567506472,0.00728299934629166,0.00987723139120479,0.00918507248331131,244.681,NA
29,1,0.785398163397448,45,"PPD",3,3,6,0.00658530466688601,0.00737494030298202,0.00990315794577049,0.00858368262138831,216.808999999999,NA
30,1,0.785398163397448,45,"PPD",3,3,6,0.00659485752648967,0.00738636193680166,0.00995175373426298,0.00878905661868515,219.061,NA
31,1,0.785398163397448,45,"PPD",3,3,6,0.00666234248111035,0.00756265344047871,0.0102446486335148,0.00929315148921716,220.626,NA
32,1,0.785398163397448,45,"PPD",3,3,6,0.00683700976194042,0.00708068557334363,0.0101453221950024,0.00917156221617405,221.710000000001,NA
33,1,0.785398163397448,45,"PPD",3,3,6,0.00644900407368579,0.00749245099122705,0.0100353508011201,0.00896693449954194,215.084000000001,NA
34,1,0.785398163397448,45,"PPD",3,3,6,0.006956708782232,0.0070436787811111,0.0102128188741518,0.0090818297125375,223.373000000001,NA
35,1,0.785398163397448,45,"PPD",3,3,6,0.00717746323511693,0.00756918747040617,0.00997247603667543,0.00881652945634414,222.127,NA
36,1,0.785398163397448,45,"PPD",3,3,6,0.00636730600480378,0.00740651733244052,0.0100913470423126,0.00891255879054202,205.517,NA
37,1,0.785398163397448,45,"PPD",3,3,6,0.00651052552245339,0.00703710060851481,0.0105174836554333,0.00891297057988806,239.729000000001,NA
38,1,0.785398163397448,45,"PPD",3,3,6,0.00737391008832383,0.00803743957466405,0.00989689763948846,0.00902599242953009,207.599,NA
39,1,0.785398163397448,45,"PPD",3,3,6,0.00694585794835227,0.00741559335916092,0.0100514855640608,0.00894004226249651,206.855,NA
40,1,0.785398163397448,45,"PPD",3,3,6,0.0068827669730252,0.00712156170743691,0.0101984726558706,0.00915872590830523,222.128000000001,NA
41,1,0.785398163397448,45,"PPD",3,3,6,0.00651491081182049,0.00737764933166027,0.00982826641790506,0.00901998462603873,237.598,NA
42,1,0.785398163397448,45,"PPD",3,3,6,0.0061983014230846,0.0070163563498222,0.00961229411119439,0.00932258673111858,217.156000000001,NA
43,1,0.785398163397448,45,"PPD",3,3,6,0.00668676122609514,0.00746311170870874,0.0101836997751126,0.00896378437693336,222.679,NA
44,1,0.785398163397448,45,"PPD",3,3,6,0.00650290647547747,0.0068774683780673,0.0100384128071411,0.0090573907830488,213.733,NA
45,1,0.785398163397448,45,"PPD",3,3,6,0.00641062075925905,0.00707468194688161,0.0101169324211457,0.00901435215536959,219.922,NA
46,1,0.785398163397448,45,"PPD",3,3,6,0.00671218550967798,0.00713677973858619,0.00976776545504949,0.00893235859502599,202.706,NA
47,1,0.785398163397448,45,"PPD",3,3,6,0.00630405370270285,0.00696090310846534,0.0099932926885078,0.00882427314467603,232.714,NA
48,1,0.785398163397448,45,"PPD",3,3,6,0.00669305261070241,0.00707755522630069,0.00964723964284075,0.00884856933869764,223.708999999999,NA
49,1,0.785398163397448,45,"PPD",3,3,6,0.00650418856175613,0.00745411717637978,0.00978330374394328,0.0088330128582656,214.437,NA
50,1,0.785398163397448,45,"PPD",3,3,6,0.00678780736177235,0.00716907176674765,0.00977694609691528,0.00888899197662485,212.092000000001,NA
51,1,0.785398163397448,45,"PPD",3,3,6,0.00657661635159107,0.00734368169801598,0.0093276558956249,0.00854871060906702,229.004999999999,NA
52,1,0.785398163397448,45,"PPD",3,3,6,0.0067505481936447,0.00705736116089192,0.00976146394259048,0.00916813334372263,216.24,NA
53,1,0.785398163397448,45,"PPD",3,3,6,0.00694817037158632,0.00706305255367228,0.00989726144673879,0.00913116988966104,219.285,NA
54,1,0.785398163397448,45,"PPD",3,3,6,0.0064141788390694,0.00706678647697498,0.0104186236849616,0.00874850568472841,213.890000000001,NA
55,1,0.785398163397448,45,"PPD",3,3,6,0.00645643049266402,0.00701903743907684,0.00962518094929612,0.00899459982452209,227.529999999999,NA
56,1,0.785398163397448,45,"PPD",3,3,6,0.00650706434919862,0.00700526936708194,0.0100732185687432,0.00890123973228967,213.107,NA
57,1,0.785398163397448,45,"PPD",3,3,6,0.00672296738146251,0.00737395979816778,0.0100764642122439,0.0088562429202634,217.058999999999,NA
58,1,0.785398163397448,45,"PPD",3,3,6,0.00655889322062179,0.00727188050215894,0.0102011982332008,0.00893716138439255,217.212000000001,NA
59,1,0.785398163397448,45,"PPD",3,3,6,0.00620841219338355,0.00681358727558738,0.00986504441792578,0.00891036888385891,216.021999999999,NA
60,1,0.785398163397448,45,"PPD",3,3,6,0.00649918578245168,0.00687895804451616,0.00999190466057086,0.0088573704124244,227.003999999999,NA
61,1,0.785398163397448,45,"PPD",3,3,6,0.00638268177260323,0.00693784645267438,0.0102020636404997,0.00864647740766481,208.993,NA
62,1,0.785398163397448,45,"PPD",3,3,6,0.00655880783569735,0.0069452577228907,0.00987602721457422,0.00913416729619869,209.375,NA
63,1,0.785398163397448,45,"PPD",3,3,6,0.00675328405611584,0.00737168718754397,0.0101423431854465,0.00870974516993,207.588,NA
64,1,0.785398163397448,45,"PPD",3,3,6,0.00668201310189428,0.00732812343805615,0.0101652792508757,0.00889796854313724,216.584000000001,NA
65,1,0.785398163397448,45,"PPD",3,3,6,0.0068431779440521,0.0072558447646524,0.0100317157111925,0.00888076366582319,211.927000000001,NA
66,1,0.785398163397448,45,"PPD",3,3,6,0.00632181600579569,0.00711725675202779,0.0100583009500711,0.00878590235862329,215.214,NA
67,1,0.785398163397448,45,"PPD",3,3,6,0.00634750559145257,0.00702988249744368,0.00971552133166009,0.00878864362340884,225.136,NA
68,1,0.785398163397448,45,"PPD",3,3,6,0.0064974891094492,0.00694590595969609,0.0103608876904234,0.00874312780217405,216.782999999999,NA
69,1,0.785398163397448,45,"PPD",3,3,6,0.00691563958563769,0.00758282335174838,0.0101558058614852,0.00889789699582292,215.99,NA
70,1,0.785398163397448,45,"PPD",3,3,6,0.0067819403180307,0.00720678767514925,0.0107755524079107,0.00871635507757069,212.509,NA
71,1,0.785398163397448,45,"PPD",3,3,6,0.0060416378069135,0.00677062749911079,0.0100063456347596,0.00853659894809243,212.628000000001,NA
72,1,0.785398163397448,45,"PPD",3,3,6,0.00666022716779823,0.00720107988116137,0.009731200813767,0.00926818923538573,215.52,NA
73,1,0.785398163397448,45,"PPD",3,3,6,0.00615799943007629,0.0068414079655956,0.0101741548858244,0.00890205355262868,220.898000000001,NA
74,1,0.785398163397448,45,"PPD",3,3,6,0.00646596144886749,0.00718457526146679,0.00998783013622564,0.00875656163615534,232.431,NA
75,1,0.785398163397448,45,"PPD",3,3,6,0.00669531655178679,0.0075615369395443,0.0103392472755295,0.00873087812610024,215.444,NA
76,1,0.785398163397448,45,"PPD",3,3,6,0.00668320262465908,0.00739884144299804,0.00972131822625071,0.00875051813788486,222.712,NA
77,1,0.785398163397448,45,"PPD",3,3,6,0.00645984690232836,0.00753305832533094,0.0100767138207022,0.00900754136216717,205.156999999999,NA
78,1,0.785398163397448,45,"PPD",3,3,6,0.00689647096755417,0.0072854844089038,0.0100444175652666,0.00884106960046803,218.065000000001,NA
79,1,0.785398163397448,45,"PPD",3,3,6,0.00640834611992758,0.00691190409075099,0.0103576693583849,0.00934193553413869,216.242,NA
80,1,0.785398163397448,45,"PPD",3,3,6,0.00674061453349786,0.00713317636948394,0.0104151216306167,0.0089791591138929,212.154,NA
81,1,0.785398163397448,45,"PPD",3,3,6,0.00704466351162488,0.00759157920593089,0.00963006488309225,0.00911413846045134,232.165999999999,NA
82,1,0.785398163397448,45,"PPD",3,3,6,0.00634400283131922,0.00695995405904686,0.00939207142773216,0.00911002805940253,222.628000000001,NA
83,1,0.785398163397448,45,"PPD",3,3,6,0.00636292834472333,0.0072625042519439,0.0101408216385817,0.00881823540361167,217.436000000002,NA
84,1,0.785398163397448,45,"PPD",3,3,6,0.00657204025686821,0.00744400984070785,0.0103337510060228,0.00912104730968281,220.743999999999,NA
85,1,0.785398163397448,45,"PPD",3,3,6,0.00651882105883938,0.0071971809925972,0.00969765186739937,0.00929229515137088,206.691000000001,NA
86,1,0.785398163397448,45,"PPD",3,3,6,0.0067303953619406,0.00732658637950999,0.00986045287829074,0.00879590000872225,222.337,NA
87,1,0.785398163397448,45,"PPD",3,3,6,0.00668331195588926,0.00715248244294722,0.00997610456452732,0.00879863179268383,201.337,NA
88,1,0.785398163397448,45,"PPD",3,3,6,0.0065805381567085,0.00718179992021523,0.010257483602791,0.00905269356736474,209.309000000001,NA
89,1,0.785398163397448,45,"PPD",3,3,6,0.0064877341009344,0.00703119558411257,0.0095517137622877,0.00896085164531768,242.271999999999,NA
90,1,0.785398163397448,45,"PPD",3,3,6,0.00644422112120093,0.00713802331480293,0.00998367183971981,0.00855919399722939,261.341,NA
91,1,0.785398163397448,45,"PPD",3,3,6,0.00643204938600553,0.00675779415687106,0.0101227629753488,0.00886377652460745,212.400000000001,NA
92,1,0.785398163397448,45,"PPD",3,3,6,0.00674199612630172,0.0072405772036246,0.0097067928203835,0.0090961391953092,215.351000000001,NA
93,1,0.785398163397448,45,"PPD",3,3,6,0.0066267137282291,0.00691009154319964,0.0101093163295479,0.00887696287320626,206.92,NA
94,1,0.785398163397448,45,"PPD",3,3,6,0.0065713117052444,0.00717892801575833,0.0101224069881837,0.00902644754643431,217.883,NA
95,1,0.785398163397448,45,"PPD",3,3,6,0.00650946997848562,0.00704612880084609,0.010291384419386,0.00889799933435879,240.701999999999,NA
96,1,0.785398163397448,45,"PPD",3,3,6,0.00660028752069871,0.00736530254916321,0.00997414350519702,0.00891649608167518,215.849,NA
97,1,0.785398163397448,45,"PPD",3,3,6,0.00665084864821651,0.00716599530650877,0.0102648729185602,0.00901090688069232,215.323999999999,NA
98,1,0.785398163397448,45,"PPD",3,3,6,0.00681986323061661,0.00734171000981564,0.0103314190767132,0.00912472358882795,220.762999999999,NA
99,1,0.785398163397448,45,"PPD",3,3,6,0.00632556469593939,0.00728939316279873,0.0097743465430345,0.00879967903958528,216.822999999999,NA
100,1,0.785398163397448,45,"PPD",3,3,6,0.00662087054847178,0.0071622669235045,0.0101825239484831,0.00893404265930985,246.972,NA
1,2,0.785398163397448,45,"PPD",3,3,6,0.00161581817065368,0.00179699686441029,0.00252478596443676,0.00216597625024709,219.178,NA
2,2,0.785398163397448,45,"PPD",3,3,6,0.00167385447067855,0.00174525887854305,0.00250891989195124,0.00220007481414442,212.562,NA
3,2,0.785398163397448,45,"PPD",3,3,6,0.00167018425236063,0.00180934514852047,0.00242833400242298,0.00220907473500406,217.212000000001,NA
4,2,0.785398163397448,45,"PPD",3,3,6,0.00173562869052593,0.00179662394684328,0.00250414974436495,0.00220719045574951,216.738000000001,NA
5,2,0.785398163397448,45,"PPD",3,3,6,0.00163887194957197,0.00185444520680748,0.00249845663802154,0.00217603878891345,213.473,NA
6,2,0.785398163397448,45,"PPD",3,3,6,0.00158656355969765,0.00183399956334644,0.00245658491970848,0.00223292319304128,214.48,NA
7,2,0.785398163397448,45,"PPD",3,3,6,0.00167990746432689,0.00173748620612786,0.00243346735518805,0.00223458645978322,220.237000000001,NA
8,2,0.785398163397448,45,"PPD",3,3,6,0.00161057056193642,0.00172653908882099,0.00241496965300248,0.00222968838895927,213.475,NA
9,2,0.785398163397448,45,"PPD",3,3,6,0.00157808272411505,0.00170005837510683,0.00252931043366594,0.0021771697865626,216.795,NA
10,2,0.785398163397448,45,"PPD",3,3,6,0.00169333842850116,0.00175770415374428,0.00243437733174304,0.00217596075637556,237.512999999999,NA
11,2,0.785398163397448,45,"PPD",3,3,6,0.00164355387443974,0.00186478884695552,0.00243547560225319,0.0021909313705393,206.811,NA
12,2,0.785398163397448,45,"PPD",3,3,6,0.00159553090576654,0.00180415265190587,0.00238833024411285,0.00221907455514068,214.376999999999,NA
13,2,0.785398163397448,45,"PPD",3,3,6,0.00157281302264284,0.00179274940599812,0.00241848659381037,0.00217489250268636,214.721,NA
14,2,0.785398163397448,45,"PPD",3,3,6,0.00155013421957227,0.0017351553309071,0.0026354368837622,0.00221298524593857,220.581,NA
15,2,0.785398163397448,45,"PPD",3,3,6,0.0016370599812067,0.00179671629221769,0.00244057901196883,0.00222356824603187,223.387999999999,NA
16,2,0.785398163397448,45,"PPD",3,3,6,0.0016848809716588,0.0018497637785717,0.00252687742367627,0.00215599961902353,226.557000000001,NA
17,2,0.785398163397448,45,"PPD",3,3,6,0.00154816166570892,0.00174915281743564,0.00241923830511704,0.00222872148123249,212.195000000002,NA
18,2,0.785398163397448,45,"PPD",3,3,6,0.00160668907508683,0.00183034273843155,0.00248013538877801,0.0022337657215402,210.49,NA
19,2,0.785398163397448,45,"PPD",3,3,6,0.00166694739800898,0.00182829519332176,0.00245711794382158,0.00211144530517618,260.854000000001,NA
20,2,0.785398163397448,45,"PPD",3,3,6,0.00170953564112149,0.00184245374349197,0.00247363922762457,0.00221053214140172,218.345000000001,NA
21,2,0.785398163397448,45,"PPD",3,3,6,0.0016531682227021,0.00197874447383414,0.00255460763562226,0.00222452188662089,233.272000000001,NA
22,2,0.785398163397448,45,"PPD",3,3,6,0.00163716032759012,0.00184000484464898,0.00240991820585801,0.00214534236747596,219.327000000001,NA
23,2,0.785398163397448,45,"PPD",3,3,6,0.0016220556592377,0.00162512871876722,0.00235732524654274,0.00221443317864265,217.481,NA
24,2,0.785398163397448,45,"PPD",3,3,6,0.00168296726291739,0.00177422853897789,0.00242994003715565,0.002213865787548,218.807000000001,NA
25,2,0.785398163397448,45,"PPD",3,3,6,0.00174448644985147,0.001872228632909,0.00249753622018067,0.00217623573245459,216.898999999999,NA
26,2,0.785398163397448,45,"PPD",3,3,6,0.0016132245669843,0.00175269986712536,0.00244602837574762,0.00224489164799526,218.741,NA
27,2,0.785398163397448,45,"PPD",3,3,6,0.00173865920609086,0.00186834720643452,0.00261526876082701,0.00211313317470266,220.346,NA
28,2,0.785398163397448,45,"PPD",3,3,6,0.00157367018619464,0.00174232748477668,0.00244103612904737,0.00221986568366567,218.858999999999,NA
29,2,0.785398163397448,45,"PPD",3,3,6,0.00166003732315412,0.00183049387860883,0.00246419539630098,0.00221533164079289,214.718000000001,NA
30,2,0.785398163397448,45,"PPD",3,3,6,0.00173025542048031,0.0018648653043521,0.00258241511461213,0.00220337568267477,219.356000000002,NA
31,2,0.785398163397448,45,"PPD",3,3,6,0.00165993150750319,0.00175992161402654,0.00242004160589899,0.00213154835008028,198.741,NA
32,2,0.785398163397448,45,"PPD",3,3,6,0.00166054407507141,0.00179556939743364,0.00245347113213289,0.00217378257004365,215.293,NA
33,2,0.785398163397448,45,"PPD",3,3,6,0.00175430711766491,0.00178060209435312,0.00239304656929488,0.00219533397111893,235.18,NA
34,2,0.785398163397448,45,"PPD",3,3,6,0.00163231070441624,0.00179663828533701,0.00240646840481358,0.00217080669770878,216.614,NA
35,2,0.785398163397448,45,"PPD",3,3,6,0.00164486803388007,0.00184900815068501,0.00249072565903443,0.00218470216360467,220.436,NA
36,2,0.785398163397448,45,"PPD",3,3,6,0.00162319174252745,0.00185249284258432,0.0026531780385811,0.00228824610010532,210.639999999999,NA
37,2,0.785398163397448,45,"PPD",3,3,6,0.0016387209627173,0.0017918457064709,0.00231373795997299,0.00218244603848244,216.502,NA
38,2,0.785398163397448,45,"PPD",3,3,6,0.00170520862446213,0.0018197945246333,0.00237682280180882,0.00216507665606381,239.322,NA
39,2,0.785398163397448,45,"PPD",3,3,6,0.00161104780111704,0.00175961412391611,0.0024783891604985,0.00220355067588215,221.688,NA
40,2,0.785398163397448,45,"PPD",3,3,6,0.00164047588448624,0.00182541331289755,0.00255531364142674,0.00223134225736798,232.915000000001,NA
41,2,0.785398163397448,45,"PPD",3,3,6,0.00161109183987669,0.00185183695364037,0.00250722272457486,0.00227283497108829,226.457,NA
42,2,0.785398163397448,45,"PPD",3,3,6,0.00165315354421859,0.00183998025823557,0.00245930655345489,0.00220771850996839,214.282999999999,NA
43,2,0.785398163397448,45,"PPD",3,3,6,0.00170489129651575,0.00176820096493683,0.00248408104416154,0.00223225482401368,234.894,NA
44,2,0.785398163397448,45,"PPD",3,3,6,0.00165090038211288,0.00191987904387878,0.00256078040772293,0.00225434914812622,214.273999999999,NA
45,2,0.785398163397448,45,"PPD",3,3,6,0.00165212779298278,0.00183651139994439,0.002406597543659,0.00213365524487273,220.833999999999,NA
46,2,0.785398163397448,45,"PPD",3,3,6,0.00170365947399014,0.00183876138394522,0.00253584345985149,0.00221249579546282,216.619000000001,NA
47,2,0.785398163397448,45,"PPD",3,3,6,0.00168131674876389,0.00186725618289107,0.00237018146493934,0.00227813433843686,211.062,NA
48,2,0.785398163397448,45,"PPD",3,3,6,0.00153320974728066,0.00183566590959124,0.00246414155030132,0.00218373046301785,211.562999999998,NA
49,2,0.785398163397448,45,"PPD",3,3,6,0.00163654991624505,0.00184859262576177,0.00247735501705779,0.00222407288475626,217.255999999999,NA
50,2,0.785398163397448,45,"PPD",3,3,6,0.00161723825148984,0.00186920131848289,0.00245575611821881,0.00226872498198679,225.591,NA
51,2,0.785398163397448,45,"PPD",3,3,6,0.00159935784477058,0.00169360020378778,0.00246377422978866,0.00222559382368771,217.973,NA
52,2,0.785398163397448,45,"PPD",3,3,6,0.00158994431770027,0.00181440796116018,0.00238706353249762,0.00218269992736759,219.284,NA
53,2,0.785398163397448,45,"PPD",3,3,6,0.0015133260471792,0.001779713019291,0.00240737876393577,0.00228198379404737,259.287,NA
54,2,0.785398163397448,45,"PPD",3,3,6,0.00156089359685484,0.00175273983961912,0.00236089171551942,0.00217260704451096,218.959999999999,NA
55,2,0.785398163397448,45,"PPD",3,3,6,0.00170868812414709,0.0017932236856226,0.00247029951011715,0.00223277838289993,207.045,NA
56,2,0.785398163397448,45,"PPD",3,3,6,0.00160799864336371,0.00171417115846985,0.00246919855105891,0.00214365564225171,213.084999999999,NA
57,2,0.785398163397448,45,"PPD",3,3,6,0.00158313319584226,0.00173177505749661,0.00235694531377668,0.00214459433094558,204.437,NA
58,2,0.785398163397448,45,"PPD",3,3,6,0.00164835818506629,0.00173898278950857,0.00252919040080012,0.00221891417312369,217.964,NA
59,2,0.785398163397448,45,"PPD",3,3,6,0.00164126840730347,0.00189276408375398,0.00262399818282444,0.00228104457315947,208.405999999999,NA
60,2,0.785398163397448,45,"PPD",3,3,6,0.00168487614843772,0.00181808208550891,0.00253159718972298,0.00225549664876823,211.155000000001,NA
61,2,0.785398163397448,45,"PPD",3,3,6,0.0017403870050672,0.00181801141313519,0.00253149825748397,0.00217271205902689,220.192000000001,NA
62,2,0.785398163397448,45,"PPD",3,3,6,0.00162168182291276,0.00175657936246023,0.00250336998837347,0.00225497145673431,228.755999999999,NA
63,2,0.785398163397448,45,"PPD",3,3,6,0.00164103299140291,0.00177092903472196,0.00258385800803285,0.00220405196164824,227.607999999998,NA
64,2,0.785398163397448,45,"PPD",3,3,6,0.00179974603936569,0.00188351028421911,0.00251375727730064,0.00226884060338859,217.797,NA
65,2,0.785398163397448,45,"PPD",3,3,6,0.00168202316101408,0.00176308135103359,0.00248755803748102,0.0022490039021584,215.300000000001,NA
66,2,0.785398163397448,45,"PPD",3,3,6,0.00167963049098857,0.00185752595358394,0.00249901046078935,0.00217781056274807,202.620000000001,NA
67,2,0.785398163397448,45,"PPD",3,3,6,0.00166708721266228,0.0017981372830413,0.00240032176755078,0.00218100469979346,229.794000000002,NA
68,2,0.785398163397448,45,"PPD",3,3,6,0.00167127930228984,0.00186538685818997,0.00266827692150707,0.00218151542515688,217.927,NA
69,2,0.785398163397448,45,"PPD",3,3,6,0.00154200050109925,0.00172184524287985,0.00253634741567075,0.00217523525789355,218.369999999999,NA
70,2,0.785398163397448,45,"PPD",3,3,6,0.00158900337905679,0.00180782491406969,0.0024646669977868,0.00220831283840924,208.951000000001,NA
71,2,0.785398163397448,45,"PPD",3,3,6,0.00163749205984307,0.00177013929386515,0.00243321806051338,0.00218339058444925,238.912,NA
72,2,0.785398163397448,45,"PPD",3,3,6,0.00168701938765011,0.00172900819755357,0.00262772697603536,0.00225967521669589,216.17,NA
73,2,0.785398163397448,45,"PPD",3,3,6,0.00160903199971463,0.00185062742090307,0.0024905801082214,0.0021995000125707,222.912,NA
74,2,0.785398163397448,45,"PPD",3,3,6,0.00163139031793805,0.00176698501877445,0.00256976706967058,0.00215893678358256,217.146999999999,NA
75,2,0.785398163397448,45,"PPD",3,3,6,0.00161488782216279,0.00181453071340742,0.00245590006381495,0.00218953101316892,227.137999999999,NA
76,2,0.785398163397448,45,"PPD",3,3,6,0.00160926841466667,0.00181423185086137,0.00245576846929337,0.00211341989240475,215.802,NA
77,2,0.785398163397448,45,"PPD",3,3,6,0.00168220015581897,0.00178503759836062,0.00264795673313309,0.00223883242003992,217.135,NA
78,2,0.785398163397448,45,"PPD",3,3,6,0.00170135624609778,0.00181358044556849,0.00246290625084681,0.00226877984860695,202.35,NA
79,2,0.785398163397448,45,"PPD",3,3,6,0.00167708561546688,0.00181251580628939,0.00248193302101823,0.00219265772047553,213.356,NA
80,2,0.785398163397448,45,"PPD",3,3,6,0.00166978003924745,0.00179525721291672,0.00251652718261367,0.00216147284060402,213.955,NA
81,2,0.785398163397448,45,"PPD",3,3,6,0.00181882855727844,0.00178257372634612,0.00261342046713157,0.00221213479542902,199.393,NA
82,2,0.785398163397448,45,"PPD",3,3,6,0.00170523018388787,0.00174300004967418,0.00235311691805887,0.0021713995892751,216.947,NA
83,2,0.785398163397448,45,"PPD",3,3,6,0.00166588180652729,0.00188355149804493,0.0024415695124423,0.00221030487936877,218.401,NA
84,2,0.785398163397448,45,"PPD",3,3,6,0.00151229318093055,0.00182649620478337,0.0026000871821792,0.00224584562973698,212.507,NA
85,2,0.785398163397448,45,"PPD",3,3,6,0.0017079357278908,0.00190119962524332,0.00235155106282072,0.00217240480494338,216.502,NA
86,2,0.785398163397448,45,"PPD",3,3,6,0.00154818660854437,0.00176190145469177,0.00243284345836594,0.00227943316200524,208.236999999999,NA
87,2,0.785398163397448,45,"PPD",3,3,6,0.0016471630377542,0.00187123630599017,0.00249095492177402,0.00229392294721359,220.696,NA
88,2,0.785398163397448,45,"PPD",3,3,6,0.00150548628712637,0.0018409125329061,0.00244773654416759,0.00219373643005712,216.805,NA
89,2,0.785398163397448,45,"PPD",3,3,6,0.00180085272335257,0.00184204510152707,0.00253877883615402,0.00223287567932189,248.843000000001,NA
90,2,0.785398163397448,45,"PPD",3,3,6,0.0015991308814941,0.00187102730189204,0.00246497728295419,0.00220273316821678,213.195000000002,NA
91,2,0.785398163397448,45,"PPD",3,3,6,0.00157111374616487,0.00173984466296204,0.00244527847441161,0.00221973551186807,218.971,NA
92,2,0.785398163397448,45,"PPD",3,3,6,0.00161149429053961,0.00176068299890988,0.00245677664843293,0.00220628583353008,217.306999999999,NA
93,2,0.785398163397448,45,"PPD",3,3,6,0.00161123574505226,0.00169597592003358,0.00246373029429556,0.00223605440436161,218.589,NA
94,2,0.785398163397448,45,"PPD",3,3,6,0.00161736142041679,0.00182140696672512,0.00246549610166971,0.0022493301409115,227.015000000001,NA
95,2,0.785398163397448,45,"PPD",3,3,6,0.00173789638074561,0.00191919852316632,0.00254820959981719,0.00216877652771868,216.534,NA
96,2,0.785398163397448,45,"PPD",3,3,6,0.00166088714661005,0.00180231518188934,0.00243628657233497,0.00224619492053593,211.244000000001,NA
97,2,0.785398163397448,45,"PPD",3,3,6,0.00156093717557945,0.00183980605460506,0.00244353075076911,0.00214014749178321,216.159,NA
98,2,0.785398163397448,45,"PPD",3,3,6,0.00160460387653512,0.00183072096435017,0.00251140578547369,0.00215789777458974,215.718999999999,NA
99,2,0.785398163397448,45,"PPD",3,3,6,0.00159799616946675,0.00179864039398587,0.00250168563745736,0.00216307342642727,214.305,NA
100,2,0.785398163397448,45,"PPD",3,3,6,0.00168682079446254,0.00173500605586657,0.00257432473081816,0.0022084957373432,210.465,NA
1,0.1,1.17809724509617,67.5,"PPD",1,5,8,0.850474938296777,0.962646727729814,3.19879290362459,2.05300033243449,207.388000000001,NA
2,0.1,1.17809724509617,67.5,"PPD",1,5,8,0.845644295550601,0.955713075927951,3.33792303667977,2.09996294294863,207.261,NA
3,0.1,1.17809724509617,67.5,"PPD",1,5,8,0.93301975979179,0.956902116804969,3.39064878776573,2.11539933109886,202.825999999999,NA
4,0.1,1.17809724509617,67.5,"PPD",1,5,8,0.932775025063895,0.933946146109479,3.45096515341308,2.07094623720473,217.879999999999,NA
5,0.1,1.17809724509617,67.5,"PPD",1,5,8,0.897730251408933,0.945022069875609,3.37599766244493,2.11390849675656,216.280999999999,NA
6,0.1,1.17809724509617,67.5,"PPD",1,5,8,0.969679467021109,1.0072213045075,3.4431372623084,2.10277810482822,218.735999999999,NA
7,0.1,1.17809724509617,67.5,"PPD",1,5,8,0.909549258402908,0.958380742395192,3.41487128066796,2.03157645263224,226.654,NA
8,0.1,1.17809724509617,67.5,"PPD",1,5,8,0.959091347491786,0.897192817554856,3.51175964901199,2.06311958471316,213.041999999999,NA
9,0.1,1.17809724509617,67.5,"PPD",1,5,8,0.838949293384477,0.967562356256856,3.34940532106955,2.0817245238342,218.266,NA
10,0.1,1.17809724509617,67.5,"PPD",1,5,8,0.952926476111431,1.03708079053557,3.40623561221409,2.09453680498757,205.48,NA
11,0.1,1.17809724509617,67.5,"PPD",1,5,8,0.899431545272839,0.874766680676486,3.49080676425598,2.06310669707167,250.582,NA
12,0.1,1.17809724509617,67.5,"PPD",1,5,8,0.855519270474227,0.970519286056941,3.37250451717586,2.10905036033158,221.028,NA
13,0.1,1.17809724509617,67.5,"PPD",1,5,8,0.790946293308793,0.897073373759372,3.27117836622194,2.09369632825244,220.151,NA
14,0.1,1.17809724509617,67.5,"PPD",1,5,8,0.840444108722549,1.00583649105881,3.28202198074182,2.09634838474545,207.309999999999,NA
15,0.1,1.17809724509617,67.5,"PPD",1,5,8,0.985362726151482,0.98908869007962,3.38988938477093,2.04751542657878,210.947999999999,NA
16,0.1,1.17809724509617,67.5,"PPD",1,5,8,0.944577159188826,0.978666662206579,3.44289260008208,2.13876411378101,243.164999999999,NA
17,0.1,1.17809724509617,67.5,"PPD",1,5,8,0.87328596219347,0.949616306105486,3.34877892766878,2.05692043298101,216.897000000001,NA
18,0.1,1.17809724509617,67.5,"PPD",1,5,8,0.89071338927799,0.920131496098429,3.36684229324932,2.11964414856534,223.379000000001,NA
19,0.1,1.17809724509617,67.5,"PPD",1,5,8,0.907375796663893,0.953991927819084,3.37210382218053,2.1220354238409,216.589999999998,NA
20,0.1,1.17809724509617,67.5,"PPD",1,5,8,0.983275474377893,1.02590546418147,3.46377140100695,2.09049770189018,202.225999999999,NA
21,0.1,1.17809724509617,67.5,"PPD",1,5,8,0.954923746041723,0.932137257800612,3.46400483184562,2.07731925156415,219.346,NA
22,0.1,1.17809724509617,67.5,"PPD",1,5,8,0.977861514863979,0.982864220713913,3.4110843332095,2.05045672116836,216.547,NA
23,0.1,1.17809724509617,67.5,"PPD",1,5,8,0.870151947092071,0.97826879272171,3.34227857355142,2.07859806019768,219.178,NA
24,0.1,1.17809724509617,67.5,"PPD",1,5,8,0.910805707598648,1.0507008452739,3.35800208191928,2.07627359846044,247.746000000001,NA
25,0.1,1.17809724509617,67.5,"PPD",1,5,8,0.841530463790347,0.901701738260027,3.31495123725547,2.0631151616005,217.404999999999,NA
26,0.1,1.17809724509617,67.5,"PPD",1,5,8,0.942086801632389,0.956083581976447,3.46139981102682,2.07777324767107,212.123,NA
27,0.1,1.17809724509617,67.5,"PPD",1,5,8,0.867433721009678,0.928898657833886,3.36311457243252,2.10168222686833,219.059000000001,NA
28,0.1,1.17809724509617,67.5,"PPD",1,5,8,0.831046537784288,0.903058661085596,3.44115587062001,2.05047865234768,205.959999999999,NA
29,0.1,1.17809724509617,67.5,"PPD",1,5,8,0.843544432259651,0.927945632878797,3.30283084853413,2.12147522517217,220.487000000001,NA
30,0.1,1.17809724509617,67.5,"PPD",1,5,8,0.814592574300023,0.894805060035542,3.25681482368635,2.08274627733981,220.223,NA
31,0.1,1.17809724509617,67.5,"PPD",1,5,8,0.921192944868125,1.01054853828848,3.46748662232134,2.07712419331494,218.103999999999,NA
32,0.1,1.17809724509617,67.5,"PPD",1,5,8,0.976660963529905,0.937328695997434,3.49365071130607,2.06602915962445,217.117,NA
33,0.1,1.17809724509617,67.5,"PPD",1,5,8,0.916976467922816,0.905236957489524,3.38928571509108,2.11016487002226,203.945,NA
34,0.1,1.17809724509617,67.5,"PPD",1,5,8,0.932724125423654,0.961768799109921,3.40361406608418,2.08997193356904,216.494000000001,NA
35,0.1,1.17809724509617,67.5,"PPD",1,5,8,0.890551248114483,0.960594696556194,3.39963538149538,2.06913772664909,231.714,NA
36,0.1,1.17809724509617,67.5,"PPD",1,5,8,0.871285048906258,0.998535707333345,3.356503238798,2.18079140958802,230.668,NA
37,0.1,1.17809724509617,67.5,"PPD",1,5,8,0.811705554825727,0.931081146508939,3.30572673249697,2.04503699896772,222.084000000001,NA
38,0.1,1.17809724509617,67.5,"PPD",1,5,8,0.877751396064798,0.917048473342512,3.3648625884321,2.09298530115178,235.191999999999,NA
39,0.1,1.17809724509617,67.5,"PPD",1,5,8,0.919633345969469,1.0005440682877,3.35511188201926,2.12889657075246,219.918,NA
40,0.1,1.17809724509617,67.5,"PPD",1,5,8,0.857651552604674,0.982196088527711,3.37561813639993,2.15872626537876,217.804,NA
41,0.1,1.17809724509617,67.5,"PPD",1,5,8,0.902841344981363,0.893778638553813,3.39311782637778,2.11205695217487,215.497000000001,NA
42,0.1,1.17809724509617,67.5,"PPD",1,5,8,0.828344542948535,0.91771327178858,3.19767250252647,2.06893300896315,206.546,NA
43,0.1,1.17809724509617,67.5,"PPD",1,5,8,0.979301706305661,0.962500613225081,3.51301966755484,2.07321058678998,220.130999999999,NA
44,0.1,1.17809724509617,67.5,"PPD",1,5,8,0.947087510849348,0.91992959282216,3.4669749155208,2.08591037795209,224.42,NA
45,0.1,1.17809724509617,67.5,"PPD",1,5,8,0.880126036642107,1.05043689505637,3.38907191034755,2.11013036580066,239.26,NA
46,0.1,1.17809724509617,67.5,"PPD",1,5,8,0.799642397412785,0.891978925147842,3.26544366019654,2.07324097378878,211.897000000001,NA
47,0.1,1.17809724509617,67.5,"PPD",1,5,8,0.824867172899868,0.939892042786692,3.3325421943145,2.05286827433475,214.259,NA
48,0.1,1.17809724509617,67.5,"PPD",1,5,8,0.848571379338179,1.00703166549658,3.35523133687466,2.08915377040806,219.081,NA
49,0.1,1.17809724509617,67.5,"PPD",1,5,8,0.838618941535206,0.940368752353456,3.29616126432899,2.05865542746898,207.912,NA
50,0.1,1.17809724509617,67.5,"PPD",1,5,8,0.870628978627596,0.960204779392201,3.25248950908245,2.08923534172492,214.891,NA
51,0.1,1.17809724509617,67.5,"PPD",1,5,8,0.932270905414784,0.90177450462505,3.47060918002363,2.12470082504877,214.174999999999,NA
52,0.1,1.17809724509617,67.5,"PPD",1,5,8,0.974632143168521,0.990953263130985,3.41032435760463,2.09728990581306,219.232,NA
53,0.1,1.17809724509617,67.5,"PPD",1,5,8,0.94884478952714,1.04009663956389,3.42470933061707,2.133781476676,245.032999999999,NA
54,0.1,1.17809724509617,67.5,"PPD",1,5,8,0.94874776789213,0.974779166356047,3.37576609831449,2.13212015176249,217.469999999999,NA
55,0.1,1.17809724509617,67.5,"PPD",1,5,8,0.873949131109651,0.979618726082135,3.38085192022503,2.10186468153488,215.800000000001,NA
56,0.1,1.17809724509617,67.5,"PPD",1,5,8,0.806465867013146,1.0213473231642,3.37998892613331,2.1406470254444,214.691999999999,NA
57,0.1,1.17809724509617,67.5,"PPD",1,5,8,0.881351615455929,0.878902198532965,3.45463047876604,2.04789830324423,204.955,NA
58,0.1,1.17809724509617,67.5,"PPD",1,5,8,0.85675656638918,0.967552791449764,3.36556588173889,2.06632858112211,211.904,NA
59,0.1,1.17809724509617,67.5,"PPD",1,5,8,0.866498220271142,0.939393404837891,3.32773838247633,2.10314917507873,220.831,NA
60,0.1,1.17809724509617,67.5,"PPD",1,5,8,0.943544078235242,0.983949324213733,3.30984003970857,2.09899456922666,236.322,NA
61,0.1,1.17809724509617,67.5,"PPD",1,5,8,0.958238795493781,0.959361037744601,3.34286210620662,2.096931622496,221.778,NA
62,0.1,1.17809724509617,67.5,"PPD",1,5,8,0.809980487549491,0.913330739398159,3.33342596083896,2.08264127221998,224.727999999999,NA
63,0.1,1.17809724509617,67.5,"PPD",1,5,8,0.863742073051345,0.91347062141019,3.3140196461101,2.06219716886487,219.589,NA
64,0.1,1.17809724509617,67.5,"PPD",1,5,8,0.79184333203896,0.895368425138887,3.26948308895468,2.06587435813341,216.516,NA
65,0.1,1.17809724509617,67.5,"PPD",1,5,8,0.844353993563502,1.01346772090114,3.30693608187208,2.12706938005057,212.342000000001,NA
66,0.1,1.17809724509617,67.5,"PPD",1,5,8,0.83013810105799,0.90262040398446,3.33836073227269,2.07908561324607,214.778,NA
67,0.1,1.17809724509617,67.5,"PPD",1,5,8,0.889003172277929,0.933458380470586,3.27465847669584,2.04678175358424,204.767,NA
68,0.1,1.17809724509617,67.5,"PPD",1,5,8,0.901861051154703,0.929254305131696,3.29176030669409,2.10179839247562,210.75,NA
69,0.1,1.17809724509617,67.5,"PPD",1,5,8,0.869047627661396,0.929821335298323,3.27414379790677,2.08448492725852,223.069000000001,NA
70,0.1,1.17809724509617,67.5,"PPD",1,5,8,0.896498459682509,0.958016305191828,3.38267690245158,2.09007155362793,218.379999999999,NA
71,0.1,1.17809724509617,67.5,"PPD",1,5,8,0.857880390834105,0.922108672739035,3.28622020098214,2.10390641802032,215.868,NA
72,0.1,1.17809724509617,67.5,"PPD",1,5,8,0.962397293500206,0.976894194099848,3.409815467059,2.13200362255096,234.439,NA
73,0.1,1.17809724509617,67.5,"PPD",1,5,8,0.921801091641268,0.909039267450073,3.40760687217994,2.05931408914463,220.812,NA
74,0.1,1.17809724509617,67.5,"PPD",1,5,8,0.889316476030142,0.942266762303199,3.45720597086667,2.05985108427865,203.996999999999,NA
75,0.1,1.17809724509617,67.5,"PPD",2,4,7,0.842470080174137,1.01116500201936,2.51167802616681,1.77113236739934,201.737999999999,NA
76,0.1,1.17809724509617,67.5,"PPD",1,5,8,0.840999490581139,1.00799467257529,3.20452702794732,2.07018471958858,215.844999999999,NA
77,0.1,1.17809724509617,67.5,"PPD",1,5,8,0.801652889043896,0.961153409730583,3.37211495319604,2.06983437533603,223.508,NA
78,0.1,1.17809724509617,67.5,"PPD",1,5,8,0.961902092112247,0.947366520645244,3.3955597004834,2.06811944396107,221.941000000001,NA
79,0.1,1.17809724509617,67.5,"PPD",1,5,8,0.857668400388818,0.934304755615862,3.34613096675092,2.07638975516087,216.396000000001,NA
80,0.1,1.17809724509617,67.5,"PPD",1,5,8,0.919070968700872,0.995432683028818,3.42111464257848,2.10699731280255,214.322,NA
81,0.1,1.17809724509617,67.5,"PPD",1,5,8,0.919647597823822,0.918797306520154,3.36438353394234,2.08275753354748,216.947999999999,NA
82,0.1,1.17809724509617,67.5,"PPD",1,5,8,1.00184273191926,0.961911163940641,3.40727210426413,2.09416748002348,220.558999999999,NA
83,0.1,1.17809724509617,67.5,"PPD",1,5,8,0.924143439579964,0.907559129695971,3.47280122326173,2.14414018962626,223.758,NA
84,0.1,1.17809724509617,67.5,"PPD",1,5,8,0.803791281849779,0.89752041912413,3.25687585389138,2.07198149873739,222.033000000001,NA
85,0.1,1.17809724509617,67.5,"PPD",1,5,8,0.812063197662037,0.927451775303138,3.29946449416465,2.07621605231902,224.297,NA
86,0.1,1.17809724509617,67.5,"PPD",1,5,8,0.886492477154758,0.987263266234961,3.33239230762622,2.07643524151672,225.596000000001,NA
87,0.1,1.17809724509617,67.5,"PPD",1,5,8,0.981250734070463,0.930260625593315,3.35134778040799,2.07815369173856,213.013999999999,NA
88,0.1,1.17809724509617,67.5,"PPD",1,5,8,0.845958888789904,0.903739200612594,3.25852819302297,2.06348341764242,221.944,NA
89,0.1,1.17809724509617,67.5,"PPD",1,5,8,0.831320699865141,0.916213878944009,3.27412012975872,2.02043121068442,214.342999999999,NA
90,0.1,1.17809724509617,67.5,"PPD",1,5,8,1.0242687258179,1.07483901601275,3.5287865782326,2.14094151478403,221.388999999999,NA
91,0.1,1.17809724509617,67.5,"PPD",1,5,8,0.829988202456117,0.942205177806053,3.26273871651751,2.07220939969293,202.811,NA
92,0.1,1.17809724509617,67.5,"PPD",1,5,8,0.818585591485641,0.922949821582619,3.38038142904546,2.09321768057637,210.188,NA
93,0.1,1.17809724509617,67.5,"PPD",1,5,8,0.960906911829631,0.93019159135307,3.50027202085269,2.12495654794285,228.249000000002,NA
94,0.1,1.17809724509617,67.5,"PPD",1,5,8,0.846966923085736,0.929416531361147,3.31910359800556,2.11485166008343,228.329000000002,NA
95,0.1,1.17809724509617,67.5,"PPD",1,5,8,0.841708848262305,0.893949693927542,3.22972510347767,2.03768393405765,223.118,NA
96,0.1,1.17809724509617,67.5,"PPD",1,5,8,0.938075838811747,0.951516283184125,3.30580484240235,2.07290404840049,207.496999999999,NA
97,0.1,1.17809724509617,67.5,"PPD",1,5,8,0.82427667637091,0.909362896699312,3.15208179949765,2.08656199882887,221.596,NA
98,0.1,1.17809724509617,67.5,"PPD",1,5,8,0.940021407466071,0.955541757887538,3.5076900842029,2.08557556789104,203.339,NA
99,0.1,1.17809724509617,67.5,"PPD",1,5,8,0.857899147967203,1.02013216482657,3.49469253915202,2.08097739312362,218.121000000001,NA
100,0.1,1.17809724509617,67.5,"PPD",1,5,8,0.873226602687242,0.946364869263326,3.36434057847117,2.03995842006822,216.031999999999,NA
1,0.25,1.17809724509617,67.5,"PPD",3,3,6,0.110107780513203,0.117980817862395,0.188855097584414,0.189961242864992,252.543,NA
2,0.25,1.17809724509617,67.5,"PPD",3,3,6,0.113864552933038,0.126723903572024,0.194920442360742,0.189766891768603,204.102999999999,NA
3,0.25,1.17809724509617,67.5,"PPD",3,3,6,0.115521657487583,0.123819667800923,0.213216460267958,0.192463006434395,203.567999999999,NA
4,0.25,1.17809724509617,67.5,"PPD",3,3,6,0.109735310936806,0.121526104857133,0.195227294657002,0.191640656665839,213.281999999999,NA
5,0.25,1.17809724509617,67.5,"PPD",3,3,6,0.109532880386629,0.117681205468683,0.20275591780487,0.182442861547982,216.031000000001,NA
6,0.25,1.17809724509617,67.5,"PPD",3,3,6,0.103743915075418,0.125635898024658,0.201323499087801,0.185202661258396,216.255999999999,NA
7,0.25,1.17809724509617,67.5,"PPD",3,3,6,0.106681705653751,0.123656042437225,0.199626629816912,0.179846950331287,226.891,NA
8,0.25,1.17809724509617,67.5,"PPD",3,3,6,0.10650945866807,0.121997220476016,0.198387798584499,0.18215821839807,216.761,NA
9,0.25,1.17809724509617,67.5,"PPD",3,3,6,0.112973025034127,0.132292904764825,0.208945056122031,0.179888385661211,215.08,NA
10,0.25,1.17809724509617,67.5,"PPD",3,3,6,0.111608435548402,0.130520038683431,0.201339802550918,0.179797507064507,219.704,NA
11,0.25,1.17809724509617,67.5,"PPD",3,3,6,0.106266376784901,0.126186482324087,0.201517048551202,0.189339235300481,207.477000000001,NA
12,0.25,1.17809724509617,67.5,"PPD",3,3,6,0.109739109056854,0.11982485350674,0.200851426738143,0.197339446860449,226.173000000001,NA
13,0.25,1.17809724509617,67.5,"PPD",3,3,6,0.107427566344893,0.123668603047983,0.196546253117962,0.183423921167346,214.904,NA
14,0.25,1.17809724509617,67.5,"PPD",3,3,6,0.109934899390624,0.125536868674969,0.20397378014717,0.18851364012053,208.438,NA
15,0.25,1.17809724509617,67.5,"PPD",3,3,6,0.110290880195438,0.120876128815152,0.195579816389061,0.190367163661909,215.407999999999,NA
16,0.25,1.17809724509617,67.5,"PPD",3,3,6,0.104969314566971,0.122283234434369,0.191451940475466,0.179339624611639,213,NA
17,0.25,1.17809724509617,67.5,"PPD",3,3,6,0.108335469419077,0.126883232929315,0.200947531202847,0.188303211025461,218.155000000001,NA
18,0.25,1.17809724509617,67.5,"PPD",3,3,6,0.114541888958054,0.130296674266656,0.20847788828683,0.189713356070136,204.421,NA
19,0.25,1.17809724509617,67.5,"PPD",3,3,6,0.110643319675051,0.129875111027401,0.199038679158697,0.189158422765795,203.646000000001,NA
20,0.25,1.17809724509617,67.5,"PPD",3,3,6,0.110814879876296,0.12494510204377,0.210000029867783,0.184076821061813,203.014999999999,NA
21,0.25,1.17809724509617,67.5,"PPD",3,3,6,0.112838954522438,0.13001434429182,0.194976202160918,0.187171451284208,218.155999999999,NA
22,0.25,1.17809724509617,67.5,"PPD",3,3,6,0.108830162325737,0.123345894165896,0.194652921814096,0.194191315766369,230.948999999999,NA
23,0.25,1.17809724509617,67.5,"PPD",3,3,6,0.11298698580028,0.132609018919198,0.20181180734366,0.184437281219159,217.760999999999,NA
24,0.25,1.17809724509617,67.5,"PPD",3,3,6,0.105680470509537,0.122917016703672,0.192758723605503,0.190590412215275,214.279999999999,NA
25,0.25,1.17809724509617,67.5,"PPD",3,3,6,0.113254430817476,0.124683091342881,0.201765803158856,0.197120119788971,213.105,NA
26,0.25,1.17809724509617,67.5,"PPD",3,3,6,0.110063102753185,0.112812835593333,0.203499374106367,0.189056440969025,227.401000000002,NA
27,0.25,1.17809724509617,67.5,"PPD",3,3,6,0.103882937916032,0.123122399858401,0.207174108787883,0.182828285788044,220.325999999999,NA
28,0.25,1.17809724509617,67.5,"PPD",3,3,6,0.108014017516302,0.125942999300542,0.210746790026026,0.180315706195534,215.501,NA
29,0.25,1.17809724509617,67.5,"PPD",3,3,6,0.108390637539211,0.126313153240485,0.194482342621491,0.189509660748848,216.368,NA
30,0.25,1.17809724509617,67.5,"PPD",3,3,6,0.115255702787251,0.124020158149739,0.196632217892029,0.187108516239385,218.112000000001,NA
31,0.25,1.17809724509617,67.5,"PPD",3,3,6,0.113437951739725,0.12340203936522,0.197840600240505,0.192222019217677,258.823,NA
32,0.25,1.17809724509617,67.5,"PPD",3,3,6,0.113720747683303,0.127392117464927,0.203105120550572,0.190380304101277,218.603999999999,NA
33,0.25,1.17809724509617,67.5,"PPD",3,3,6,0.109335624051038,0.124940087219324,0.203790855850115,0.198337909907833,247.565000000001,NA
34,0.25,1.17809724509617,67.5,"PPD",3,3,6,0.114298258823661,0.124253424331756,0.189961269617311,0.186241934804942,217.940000000001,NA
35,0.25,1.17809724509617,67.5,"PPD",3,3,6,0.107441214388009,0.125578539893459,0.199403221740127,0.199375278256334,226.815999999999,NA
36,0.25,1.17809724509617,67.5,"PPD",3,3,6,0.113610455792488,0.121413165309248,0.204643259471406,0.176712737626098,241.699999999999,NA
37,0.25,1.17809724509617,67.5,"PPD",3,3,6,0.115465126916952,0.124897541896692,0.2069679836003,0.182501816643607,213.013000000001,NA
38,0.25,1.17809724509617,67.5,"PPD",3,3,6,0.108733665784458,0.127364071784094,0.201882650349217,0.183369493768957,232.887000000001,NA
39,0.25,1.17809724509617,67.5,"PPD",3,3,6,0.104437559796788,0.126043032149671,0.202651006925305,0.187719758510532,217.174999999999,NA
40,0.25,1.17809724509617,67.5,"PPD",3,3,6,0.111972422069834,0.123848866159187,0.20140749836345,0.182173032845808,212.169,NA
41,0.25,1.17809724509617,67.5,"PPD",3,3,6,0.107809570722489,0.126351191527473,0.211397412128884,0.189259792110223,222.384999999998,NA
42,0.25,1.17809724509617,67.5,"PPD",3,3,6,0.101423131294686,0.123194876657281,0.18762124802702,0.195196858495781,220.555999999999,NA
43,0.25,1.17809724509617,67.5,"PPD",3,3,6,0.110480538114966,0.12912209928312,0.209995114282435,0.187662280272042,208.463,NA
44,0.25,1.17809724509617,67.5,"PPD",3,3,6,0.11064523640419,0.13263801242605,0.20451836887175,0.192313571008766,212.893,NA
45,0.25,1.17809724509617,67.5,"PPD",3,3,6,0.115432197055148,0.125161504635908,0.20787178606001,0.178452441381366,231.862000000001,NA
46,0.25,1.17809724509617,67.5,"PPD",3,3,6,0.112967237682711,0.125150189867478,0.200970608902919,0.187890633859581,219.281999999999,NA
47,0.25,1.17809724509617,67.5,"PPD",3,3,6,0.10884463963459,0.127555755528888,0.202098115947393,0.190264407318307,220.829,NA
48,0.25,1.17809724509617,67.5,"PPD",3,3,6,0.109462169014134,0.124377958131761,0.202062467673732,0.182477349805721,222.453000000001,NA
49,0.25,1.17809724509617,67.5,"PPD",3,3,6,0.108306455615801,0.119312281327126,0.203431435851348,0.191082856426524,217.972,NA
50,0.25,1.17809724509617,67.5,"PPD",3,3,6,0.111279210995546,0.131181214406542,0.206822088065298,0.190183182482912,214.634,NA
51,0.25,1.17809724509617,67.5,"PPD",3,3,6,0.116115607933094,0.125314348712014,0.199094523428019,0.191115070583816,214.933000000001,NA
52,0.25,1.17809724509617,67.5,"PPD",3,3,6,0.109061570760746,0.123111097652725,0.212694992475088,0.180128827575896,207.749,NA
53,0.25,1.17809724509617,67.5,"PPD",3,3,6,0.103765783278927,0.123486929297482,0.205467886114035,0.189780067544379,214.709000000001,NA
54,0.25,1.17809724509617,67.5,"PPD",3,3,6,0.11326238782665,0.122159613079063,0.201946172758697,0.19394412862577,216.275,NA
55,0.25,1.17809724509617,67.5,"PPD",3,3,6,0.103662221880873,0.122674745333931,0.214854957915982,0.190122758215119,215.619000000001,NA
56,0.25,1.17809724509617,67.5,"PPD",3,3,6,0.107145199679958,0.135068010087135,0.19249642151595,0.181961809238925,218.614,NA
57,0.25,1.17809724509617,67.5,"PPD",3,3,6,0.106849064087404,0.124344188765035,0.210044713556807,0.178846024117908,221.414999999999,NA
58,0.25,1.17809724509617,67.5,"PPD",3,3,6,0.107432632802468,0.11319056470469,0.200935533124138,0.184566774611927,246.514999999999,NA
59,0.25,1.17809724509617,67.5,"PPD",3,3,6,0.120298853130124,0.126519233446422,0.203601135160376,0.187919205388487,226.112999999999,NA
60,0.25,1.17809724509617,67.5,"PPD",3,3,6,0.11039950005964,0.12836676114216,0.207981492154305,0.186558668008791,203.218999999999,NA
61,0.25,1.17809724509617,67.5,"PPD",3,3,6,0.114546302672058,0.125171403018363,0.196202102658947,0.199648897814933,239.205,NA
62,0.25,1.17809724509617,67.5,"PPD",3,3,6,0.111681374015891,0.118790678275778,0.206024139294297,0.178295836455366,220.099,NA
63,0.25,1.17809724509617,67.5,"PPD",3,3,6,0.11352605600553,0.124728187737212,0.193033016648093,0.180418117278572,214.843000000001,NA
64,0.25,1.17809724509617,67.5,"PPD",3,3,6,0.110618983715884,0.126691377377027,0.210832621988385,0.196281822420998,244.026,NA
65,0.25,1.17809724509617,67.5,"PPD",3,3,6,0.10915912408621,0.122769470410803,0.209197939665551,0.174264141925399,223.068000000001,NA
66,0.25,1.17809724509617,67.5,"PPD",3,3,6,0.113162453975786,0.128266521734244,0.204240312645753,0.19699571419223,218.574000000001,NA
67,0.25,1.17809724509617,67.5,"PPD",3,3,6,0.113157449391171,0.124398433189609,0.207430105189387,0.183552858380497,219.964,NA
68,0.25,1.17809724509617,67.5,"PPD",3,3,6,0.110378669344706,0.125282815485304,0.191283218379561,0.179220752947806,212.147999999999,NA
69,0.25,1.17809724509617,67.5,"PPD",3,3,6,0.111809741636775,0.126654041423058,0.192620631484593,0.181711807293652,209.728000000001,NA
70,0.25,1.17809724509617,67.5,"PPD",3,3,6,0.112755557024462,0.126572968250241,0.20782269979186,0.18407986468226,234.67,NA
71,0.25,1.17809724509617,67.5,"PPD",3,3,6,0.107541002347513,0.125791500191493,0.183770317208933,0.180835702873968,216.781000000001,NA
72,0.25,1.17809724509617,67.5,"PPD",3,3,6,0.107990224546844,0.123220547053535,0.198107268578573,0.176028811080613,220.619000000001,NA
73,0.25,1.17809724509617,67.5,"PPD",3,3,6,0.105296682155275,0.120005803110453,0.200807756839031,0.181586833419005,220.767,NA
74,0.25,1.17809724509617,67.5,"PPD",3,3,6,0.10600096209277,0.122463812925544,0.205763916615329,0.181351786359336,213.606,NA
75,0.25,1.17809724509617,67.5,"PPD",3,3,6,0.111523379306848,0.125990099793031,0.203272936085992,0.181887525373013,220.024000000001,NA
76,0.25,1.17809724509617,67.5,"PPD",3,3,6,0.105972168392253,0.119600428903363,0.202750295646019,0.179687784407376,206.269,NA
77,0.25,1.17809724509617,67.5,"PPD",3,3,6,0.109226460897863,0.125033759701934,0.194975861254041,0.191769266976401,223.385,NA
78,0.25,1.17809724509617,67.5,"PPD",3,3,6,0.106379681454281,0.124499155183439,0.202767104910246,0.178991074388846,219.589000000002,NA
79,0.25,1.17809724509617,67.5,"PPD",3,3,6,0.111688602854258,0.121448818858504,0.196281379484253,0.185884887710651,208.114,NA
80,0.25,1.17809724509617,67.5,"PPD",3,3,6,0.105103037068256,0.117044563753954,0.206056873315004,0.181744884255272,217.656999999999,NA
81,0.25,1.17809724509617,67.5,"PPD",3,3,6,0.112832325573598,0.125549654736802,0.212493671441761,0.180265145285875,220.583000000001,NA
82,0.25,1.17809724509617,67.5,"PPD",3,3,6,0.107016364831194,0.12204617203995,0.199961640826515,0.188980517430094,217.709999999999,NA
83,0.25,1.17809724509617,67.5,"PPD",3,3,6,0.108242178517246,0.125527477179944,0.196443013270649,0.193583139293221,210.468000000001,NA
84,0.25,1.17809724509617,67.5,"PPD",3,3,6,0.116410879269284,0.124561468225838,0.194295530503806,0.179106001646593,249.241,NA
85,0.25,1.17809724509617,67.5,"PPD",3,3,6,0.106760203685799,0.127373666627387,0.193750007791301,0.179336039896743,261.314999999999,NA
86,0.25,1.17809724509617,67.5,"PPD",3,3,6,0.113181942244422,0.124961535374222,0.193112907120189,0.1814215118683,219.049999999999,NA
87,0.25,1.17809724509617,67.5,"PPD",3,3,6,0.112075987079908,0.126023984867993,0.205574703312354,0.183175900055422,220.148999999999,NA
88,0.25,1.17809724509617,67.5,"PPD",3,3,6,0.11200786963234,0.127754460831744,0.21014771964065,0.184456018957224,243.011999999999,NA
89,0.25,1.17809724509617,67.5,"PPD",3,3,6,0.111521312946448,0.127374614814325,0.205994604082606,0.183216592581624,209.103999999999,NA
90,0.25,1.17809724509617,67.5,"PPD",3,3,6,0.113937956648111,0.131127195048972,0.212875636424604,0.192452092733712,200.202000000001,NA
91,0.25,1.17809724509617,67.5,"PPD",3,3,6,0.110915339880775,0.12712885704581,0.195815140810665,0.183759269463912,221.227000000001,NA
92,0.25,1.17809724509617,67.5,"PPD",3,3,6,0.111753551382896,0.127834008683707,0.20894424515189,0.187572692327265,216.875,NA
93,0.25,1.17809724509617,67.5,"PPD",3,3,6,0.111092535334748,0.132982543429278,0.212143113876426,0.19200418896569,206.916999999999,NA
94,0.25,1.17809724509617,67.5,"PPD",3,3,6,0.108090167316141,0.124149743301593,0.196211236715895,0.187264379758881,209.714999999998,NA
95,0.25,1.17809724509617,67.5,"PPD",3,3,6,0.114266928220235,0.124781901244841,0.201857016546442,0.184965989572776,220.097,NA
96,0.25,1.17809724509617,67.5,"PPD",3,3,6,0.116233456689929,0.124444145193047,0.203461409457577,0.1826244736266,218.186,NA
97,0.25,1.17809724509617,67.5,"PPD",3,3,6,0.103757421255441,0.12644989655159,0.199687870819113,0.191800241028543,217.655000000001,NA
98,0.25,1.17809724509617,67.5,"PPD",3,3,6,0.109508517775176,0.123294924094861,0.196659659618184,0.180097700815487,216.232,NA
99,0.25,1.17809724509617,67.5,"PPD",3,3,6,0.107119548276331,0.134311322578185,0.209461268518337,0.17775843647516,212.655000000001,NA
100,0.25,1.17809724509617,67.5,"PPD",3,3,6,0.114126666850941,0.124983996450292,0.204950287240589,0.186888456331247,227.786,NA
1,0.5,1.17809724509617,67.5,"PPD",3,3,6,0.0269157228513067,0.0293873294567576,0.0416974479459574,0.0387351102093027,214.332,NA
2,0.5,1.17809724509617,67.5,"PPD",3,3,6,0.0256118426956677,0.0285290512601663,0.0402889357719505,0.0399741912278092,209.84,NA
3,0.5,1.17809724509617,67.5,"PPD",3,3,6,0.0270309605216486,0.0293450006319286,0.042828055104367,0.0381242983194246,217.703,NA
4,0.5,1.17809724509617,67.5,"PPD",3,3,6,0.0274259921321766,0.0278115261773367,0.0408908208877599,0.0370219020015231,220.341,NA
5,0.5,1.17809724509617,67.5,"PPD",3,3,6,0.0260521710652944,0.0292065461397709,0.0425151167436596,0.0382459075109671,215.442999999999,NA
6,0.5,1.17809724509617,67.5,"PPD",3,3,6,0.0262109001477626,0.0282161043776091,0.0430603277015262,0.0378773753152934,215.413999999999,NA
7,0.5,1.17809724509617,67.5,"PPD",3,3,6,0.0266491222731349,0.0280594203609809,0.0424447402120393,0.0382494623445563,218.307000000001,NA
8,0.5,1.17809724509617,67.5,"PPD",3,3,6,0.0269277993879469,0.0290085128804269,0.0407984675088889,0.0389518259315644,217.877,NA
9,0.5,1.17809724509617,67.5,"PPD",3,3,6,0.0261795655330555,0.0289210081055058,0.0414905707403518,0.0377987798452978,203.982,NA
10,0.5,1.17809724509617,67.5,"PPD",3,3,6,0.0273681734946136,0.0322418622473895,0.0429206429990187,0.0392227022125878,218.876,NA
11,0.5,1.17809724509617,67.5,"PPD",3,3,6,0.0264809145940511,0.0289794826862171,0.0422493532373683,0.0389744890143245,219.081,NA
12,0.5,1.17809724509617,67.5,"PPD",3,3,6,0.0268504476122125,0.0303065347812791,0.042004684711276,0.0372188246918927,252.306,NA
13,0.5,1.17809724509617,67.5,"PPD",3,3,6,0.0259836896196746,0.0275232304697717,0.0404023505329564,0.0390299569113196,278.825000000001,NA
14,0.5,1.17809724509617,67.5,"PPD",3,3,6,0.026651334826102,0.0303818688678533,0.0414931511858014,0.0384320832164819,214.661,NA
15,0.5,1.17809724509617,67.5,"PPD",3,3,6,0.0260592104071692,0.0282231690475676,0.0415194736806464,0.0372790756303035,214.316000000001,NA
16,0.5,1.17809724509617,67.5,"PPD",3,3,6,0.025694494567374,0.0301264150742911,0.0407749027179873,0.0385459912681035,231.805,NA
17,0.5,1.17809724509617,67.5,"PPD",3,3,6,0.0281421544998038,0.0291142574940713,0.041429011608078,0.0376485263858778,250.996999999999,NA
18,0.5,1.17809724509617,67.5,"PPD",3,3,6,0.0268790244336815,0.0281396856148779,0.0423649274704051,0.0368690065363524,203.249,NA
19,0.5,1.17809724509617,67.5,"PPD",3,3,6,0.0257863364205947,0.0279059535179934,0.0425716936836832,0.0377626166598774,205.797,NA
20,0.5,1.17809724509617,67.5,"PPD",3,3,6,0.026451384540175,0.0294626174728051,0.0403513146015985,0.0381673069392977,218.464,NA
21,0.5,1.17809724509617,67.5,"PPD",3,3,6,0.0258354570487261,0.0295235061231763,0.0422841742292724,0.038120932598384,220.236999999999,NA
22,0.5,1.17809724509617,67.5,"PPD",3,3,6,0.0255631706142605,0.0284609552447651,0.0423025188210991,0.0376655758580019,215.768,NA
23,0.5,1.17809724509617,67.5,"PPD",3,3,6,0.0264631694212764,0.0283042416316037,0.0407600533855068,0.0371702485660957,221.739,NA
24,0.5,1.17809724509617,67.5,"PPD",3,3,6,0.0272743417230571,0.031331589130082,0.0403392219346034,0.0371998572590738,215.924000000001,NA
25,0.5,1.17809724509617,67.5,"PPD",3,3,6,0.0265987558823087,0.0288546259054229,0.0407151600316926,0.0368599656186434,204.828000000001,NA
26,0.5,1.17809724509617,67.5,"PPD",3,3,6,0.0266935491633362,0.0283712524149916,0.0415579110932817,0.0402336922089589,217.413,NA
27,0.5,1.17809724509617,67.5,"PPD",3,3,6,0.024443670608655,0.0270868113003617,0.0420717268452913,0.0365532520225513,224.454,NA
28,0.5,1.17809724509617,67.5,"PPD",3,3,6,0.0253136519773495,0.0277439326792879,0.0410261944961657,0.0377755962265921,216.690000000001,NA
29,0.5,1.17809724509617,67.5,"PPD",3,3,6,0.0262980859822861,0.0290622245232062,0.0423350684908415,0.0383981059953619,221.815999999999,NA
30,0.5,1.17809724509617,67.5,"PPD",3,3,6,0.0261642711384808,0.0289710731715259,0.0430377220883637,0.038341229789977,219.962,NA
31,0.5,1.17809724509617,67.5,"PPD",3,3,6,0.0271315512443486,0.028479346495458,0.0425744118393781,0.0373213122707945,217.523000000001,NA
32,0.5,1.17809724509617,67.5,"PPD",3,3,6,0.0258499296005251,0.0289073507689674,0.0436732234477197,0.0385962051909481,211.293,NA
33,0.5,1.17809724509617,67.5,"PPD",3,3,6,0.0256518936856494,0.0274906816270593,0.0424621738129354,0.0392480167665765,210.087,NA
34,0.5,1.17809724509617,67.5,"PPD",3,3,6,0.0264523797165898,0.0288651105928965,0.0410020543514725,0.0384951727058481,215.814,NA
35,0.5,1.17809724509617,67.5,"PPD",3,3,6,0.026406362521876,0.0288797086360478,0.0393130735775455,0.0371069469991126,212.949000000001,NA
36,0.5,1.17809724509617,67.5,"PPD",3,3,6,0.0264073036183295,0.0294491389029674,0.0428374497338287,0.0376742578043145,218.675999999999,NA
37,0.5,1.17809724509617,67.5,"PPD",3,3,6,0.0261435988892523,0.0285349198701075,0.0405831634691121,0.0388298549918273,208.300999999999,NA
38,0.5,1.17809724509617,67.5,"PPD",3,3,6,0.0246907001631759,0.0282158034410704,0.0424018438450614,0.0385109004512134,219.92,NA
39,0.5,1.17809724509617,67.5,"PPD",3,3,6,0.0272429363488694,0.0293466620943588,0.0424144104198816,0.0368976276139738,218.445,NA
40,0.5,1.17809724509617,67.5,"PPD",3,3,6,0.0268691773687215,0.0295539092518976,0.0412638520215332,0.0385643563582747,216.366,NA
41,0.5,1.17809724509617,67.5,"PPD",3,3,6,0.0266902232628939,0.0295189777077327,0.0410405821065005,0.0369474032664525,237.794,NA
42,0.5,1.17809724509617,67.5,"PPD",3,3,6,0.0262337098364824,0.0288603194981594,0.0421695572334091,0.0383180507502567,232.575999999999,NA
43,0.5,1.17809724509617,67.5,"PPD",3,3,6,0.0259206195471372,0.0275460766025085,0.0434471941236489,0.0393706366258421,247.140000000001,NA
44,0.5,1.17809724509617,67.5,"PPD",3,3,6,0.0258561748855372,0.027364011471422,0.038553575393567,0.0385457933165523,263.142,NA
45,0.5,1.17809724509617,67.5,"PPD",3,3,6,0.0274891782869639,0.0303336180611738,0.0410944137329558,0.0371423859635233,211.372000000001,NA
46,0.5,1.17809724509617,67.5,"PPD",3,3,6,0.0263578013587529,0.028390291394975,0.0425039375085033,0.0382511628991264,210.184999999999,NA
47,0.5,1.17809724509617,67.5,"PPD",3,3,6,0.0258379934660314,0.0299533423544989,0.0416303200659274,0.0371454159863882,214.977000000001,NA
48,0.5,1.17809724509617,67.5,"PPD",3,3,6,0.0253634061069404,0.027626911375488,0.0411777439778629,0.0364799392604101,210.939999999999,NA
49,0.5,1.17809724509617,67.5,"PPD",3,3,6,0.0255017002818713,0.0282832982853244,0.0430069289906319,0.0361450201551864,211.48,NA
50,0.5,1.17809724509617,67.5,"PPD",3,3,6,0.0266562785827532,0.0285932424820076,0.0420632041357667,0.0376955876574336,214.700999999999,NA
51,0.5,1.17809724509617,67.5,"PPD",3,3,6,0.0265627982712205,0.0294240565840656,0.0446428316886618,0.0369942453304921,222.342999999999,NA
52,0.5,1.17809724509617,67.5,"PPD",3,3,6,0.0257393834348689,0.0274286493486561,0.0411111257382133,0.0373539036250374,211.412,NA
53,0.5,1.17809724509617,67.5,"PPD",3,3,6,0.0261609084330108,0.0288489561586173,0.0412595088945519,0.0374830663851023,208.085000000001,NA
54,0.5,1.17809724509617,67.5,"PPD",3,3,6,0.0265100305142413,0.0304253801163658,0.0436841117181364,0.0388402117221069,214.452000000001,NA
55,0.5,1.17809724509617,67.5,"PPD",3,3,6,0.0268806712613928,0.0291218611279224,0.0411741553019438,0.0381886414415238,216.119999999999,NA
56,0.5,1.17809724509617,67.5,"PPD",3,3,6,0.0265772173642171,0.0314115993457348,0.0411358654581383,0.0386662630011564,215.386999999999,NA
57,0.5,1.17809724509617,67.5,"PPD",3,3,6,0.0269582791564126,0.0293632417799197,0.0427647010708177,0.0375998348080244,212.997000000001,NA
58,0.5,1.17809724509617,67.5,"PPD",3,3,6,0.0267054145764744,0.0295876492419392,0.0388391395812497,0.0365072142227186,201.097,NA
59,0.5,1.17809724509617,67.5,"PPD",3,3,6,0.0260271422775358,0.0291784246802045,0.0414235040071813,0.0371334767480244,229.294,NA
60,0.5,1.17809724509617,67.5,"PPD",3,3,6,0.0272063066926558,0.0295086502938762,0.0428292389904391,0.0375610094157019,215.891,NA
61,0.5,1.17809724509617,67.5,"PPD",3,3,6,0.0271620104578967,0.0284611122586607,0.0421929828517385,0.0378169315956091,208.232,NA
62,0.5,1.17809724509617,67.5,"PPD",3,3,6,0.0251839523553194,0.0283805591537613,0.0399722022531927,0.0390711886615073,213.162,NA
63,0.5,1.17809724509617,67.5,"PPD",3,3,6,0.0265840326851632,0.0295520213923283,0.0425186910508915,0.0362823437168533,215.639000000001,NA
64,0.5,1.17809724509617,67.5,"PPD",3,3,6,0.0249693165955964,0.0283538101000166,0.0407743861386051,0.0371709102966644,207.521999999999,NA
65,0.5,1.17809724509617,67.5,"PPD",3,3,6,0.0272083924206412,0.0288172047014409,0.0416071572637887,0.0358198597867025,220.964,NA
66,0.5,1.17809724509617,67.5,"PPD",3,3,6,0.0271193667651435,0.029152824706417,0.0421849685989864,0.0377643495078553,219.858,NA
67,0.5,1.17809724509617,67.5,"PPD",3,3,6,0.0263420968477626,0.0278767962831696,0.0456022433878132,0.0369208794408153,222.288,NA
68,0.5,1.17809724509617,67.5,"PPD",3,3,6,0.0258876352336602,0.028056927133766,0.0403445097287532,0.0374954931336021,216.706,NA
69,0.5,1.17809724509617,67.5,"PPD",3,3,6,0.0265093501229116,0.028875647493317,0.0430136421005666,0.0374864983748017,208.823,NA
70,0.5,1.17809724509617,67.5,"PPD",3,3,6,0.0265598801763355,0.0285215219280661,0.0418073769613216,0.0378957235313281,217.402,NA
71,0.5,1.17809724509617,67.5,"PPD",3,3,6,0.0268325955805237,0.0293338030817807,0.0409888215972102,0.0377006190182604,209.284,NA
72,0.5,1.17809724509617,67.5,"PPD",3,3,6,0.0256424961554234,0.0292758244704494,0.041507577017557,0.0389486011165456,211.789999999999,NA
73,0.5,1.17809724509617,67.5,"PPD",3,3,6,0.0242048624884403,0.029200604635751,0.04092373668385,0.0366586764554887,215.979000000001,NA
74,0.5,1.17809724509617,67.5,"PPD",3,3,6,0.0259439270503475,0.0281081787589965,0.0424097514563381,0.0369043708151578,230.445,NA
75,0.5,1.17809724509617,67.5,"PPD",3,3,6,0.0266599971391585,0.0287967556625014,0.0414696516056314,0.0382048964845811,217.543000000001,NA
76,0.5,1.17809724509617,67.5,"PPD",3,3,6,0.027250248206047,0.0291276987958427,0.0413311536732204,0.0368249041916473,225.263999999999,NA
77,0.5,1.17809724509617,67.5,"PPD",3,3,6,0.0268604642929068,0.0303457305095375,0.0400731240872478,0.0368481007600697,214.586000000001,NA
78,0.5,1.17809724509617,67.5,"PPD",3,3,6,0.0267064606804128,0.0294665482487902,0.040034001305164,0.0387764049674659,262.339,NA
79,0.5,1.17809724509617,67.5,"PPD",3,3,6,0.0261399993825873,0.0287503709715356,0.0441346355258965,0.0373554230652939,216.689,NA
80,0.5,1.17809724509617,67.5,"PPD",3,3,6,0.0270452059182476,0.0292425163415708,0.0411364972956107,0.037466258925399,216.755999999999,NA
81,0.5,1.17809724509617,67.5,"PPD",3,3,6,0.0242302802584371,0.0273353312007496,0.0412598944656133,0.0389604059779789,215.343999999999,NA
82,0.5,1.17809724509617,67.5,"PPD",3,3,6,0.0284542717047822,0.0314173424917589,0.0394836549329125,0.0354421589885541,212.841,NA
83,0.5,1.17809724509617,67.5,"PPD",3,3,6,0.0268105100229823,0.0304245891725684,0.0425185409511421,0.0372978595793834,207.692000000001,NA
84,0.5,1.17809724509617,67.5,"PPD",3,3,6,0.0266983982438877,0.0291012738823463,0.0416327701301487,0.0377206617161024,209.722,NA
85,0.5,1.17809724509617,67.5,"PPD",3,3,6,0.0262044202115215,0.029161806857091,0.0423158680591104,0.0377261016575888,213.910000000002,NA
86,0.5,1.17809724509617,67.5,"PPD",3,3,6,0.0260086366235855,0.0286888048525389,0.0418500360001566,0.0361889757876168,209.253999999999,NA
87,0.5,1.17809724509617,67.5,"PPD",3,3,6,0.0265031853935381,0.0291997790745448,0.0422190289966058,0.0380651531074898,213.246999999999,NA
88,0.5,1.17809724509617,67.5,"PPD",3,3,6,0.025991089699708,0.029565169895388,0.0400848928244589,0.0374649053066375,212.362999999999,NA
89,0.5,1.17809724509617,67.5,"PPD",3,3,6,0.0259693526694837,0.0305236086573823,0.0417143824820155,0.0375507229349142,216.76,NA
90,0.5,1.17809724509617,67.5,"PPD",3,3,6,0.0261393420329129,0.0306623950270876,0.0435724881137771,0.0370411126719046,236.359999999999,NA
91,0.5,1.17809724509617,67.5,"PPD",3,3,6,0.0265307127208695,0.0282748854630645,0.0412895895957684,0.0384366402515361,220.977999999999,NA
92,0.5,1.17809724509617,67.5,"PPD",3,3,6,0.0259332708109203,0.0289833272454364,0.0413877743379286,0.0391318559695782,208.194000000001,NA
93,0.5,1.17809724509617,67.5,"PPD",3,3,6,0.0260909924065464,0.0284510486100313,0.0411536353988853,0.0373749227164151,216.173000000001,NA
94,0.5,1.17809724509617,67.5,"PPD",3,3,6,0.0268313357650602,0.0308863387396523,0.0432760498990868,0.0382221202240029,217.332999999999,NA
95,0.5,1.17809724509617,67.5,"PPD",3,3,6,0.0266176166763433,0.0293154031942939,0.0438571388650474,0.0379026368676005,216.248,NA
96,0.5,1.17809724509617,67.5,"PPD",3,3,6,0.0259678125847061,0.0296560806320734,0.0416366218388336,0.0397755706546852,223.484,NA
97,0.5,1.17809724509617,67.5,"PPD",3,3,6,0.0273708353245792,0.0290984638013766,0.0423445363924436,0.0367558077766608,209.325999999999,NA
98,0.5,1.17809724509617,67.5,"PPD",3,3,6,0.0265900270255652,0.0293094860145323,0.0401370033917177,0.0366178310474361,216.242,NA
99,0.5,1.17809724509617,67.5,"PPD",3,3,6,0.025539386041364,0.0287528604190111,0.0395289626228138,0.0379815137108616,242.473,NA
100,0.5,1.17809724509617,67.5,"PPD",3,3,6,0.0248928909445452,0.0291381247546699,0.0410981174205514,0.0384418729836664,216.907999999999,NA
1,1,1.17809724509617,67.5,"PPD",3,3,6,0.00646549580982935,0.00703879971335084,0.00978088175257335,0.009071861363309,216.877,NA
2,1,1.17809724509617,67.5,"PPD",3,3,6,0.00652723073142454,0.00739658326575373,0.0101063273880636,0.00895364432860275,217.486000000001,NA
3,1,1.17809724509617,67.5,"PPD",3,3,6,0.00628798584052324,0.00734006016755492,0.00974365409864648,0.00867052629191768,207.371000000001,NA
4,1,1.17809724509617,67.5,"PPD",3,3,6,0.00645944221966147,0.00685521157662351,0.00961679080204678,0.00897663825472005,212.682000000001,NA
5,1,1.17809724509617,67.5,"PPD",3,3,6,0.00658543932064961,0.00762044066419182,0.0102185608628897,0.00863469777612124,211.560000000001,NA
6,1,1.17809724509617,67.5,"PPD",3,3,6,0.0066208713016636,0.00695673010527471,0.0102233271716042,0.00888687539624951,221.251999999999,NA
7,1,1.17809724509617,67.5,"PPD",3,3,6,0.00616584379965942,0.00703724390216947,0.0103057938298342,0.00918740497261529,213.822,NA
8,1,1.17809724509617,67.5,"PPD",3,3,6,0.00639489804270851,0.00718228768998184,0.00974893055667043,0.0087682152905699,237.772999999999,NA
9,1,1.17809724509617,67.5,"PPD",3,3,6,0.00694656557467753,0.00772399582974506,0.00965875678077297,0.00891487270776893,214.948,NA
10,1,1.17809724509617,67.5,"PPD",3,3,6,0.00646742406167889,0.00761315369830858,0.0101520812903818,0.00919345119487985,221.203,NA
11,1,1.17809724509617,67.5,"PPD",3,3,6,0.00637962487854388,0.00709236037974028,0.00997330039033628,0.009058587194762,210.307000000001,NA
12,1,1.17809724509617,67.5,"PPD",3,3,6,0.00651114737219118,0.00724893945379583,0.00990610553495044,0.00900070769113406,215.380999999999,NA
13,1,1.17809724509617,67.5,"PPD",3,3,6,0.00601249546281231,0.00709050188653842,0.00966924819711418,0.00903089812061661,214.984,NA
14,1,1.17809724509617,67.5,"PPD",3,3,6,0.0062651124461575,0.00697664262898698,0.0100127131119263,0.00867739287623696,214.940000000001,NA
15,1,1.17809724509617,67.5,"PPD",3,3,6,0.00656166330140845,0.00775984860065108,0.0100592041972092,0.00894402969800302,234.352000000001,NA
16,1,1.17809724509617,67.5,"PPD",3,3,6,0.00652612613702952,0.00735991328030179,0.0105251067490779,0.00855814738876331,206.629000000001,NA
17,1,1.17809724509617,67.5,"PPD",3,3,6,0.00640933233870395,0.00716482649662204,0.00932105096040645,0.00886253841037921,216.552,NA
18,1,1.17809724509617,67.5,"PPD",3,3,6,0.00637812837825031,0.0070175963741221,0.0103223952616454,0.00888510191115522,213.475,NA
19,1,1.17809724509617,67.5,"PPD",3,3,6,0.00619424465681179,0.00686650731886117,0.00947957843539629,0.00872222489807138,222.805,NA
20,1,1.17809724509617,67.5,"PPD",3,3,6,0.00713656989995064,0.00735663435777383,0.0102151828845655,0.00882803233439807,215.138999999999,NA
21,1,1.17809724509617,67.5,"PPD",3,3,6,0.00632029318579048,0.00725995276481409,0.00982336082587626,0.00885334712599617,213.069000000001,NA
22,1,1.17809724509617,67.5,"PPD",3,3,6,0.0065548898874951,0.00709351192129018,0.00944781711075861,0.00858788277416069,215.091,NA
23,1,1.17809724509617,67.5,"PPD",3,3,6,0.00669533009478587,0.00725725691738315,0.00997980648380007,0.00916514379023724,212.751,NA
24,1,1.17809724509617,67.5,"PPD",3,3,6,0.00620905056537016,0.0070773155295179,0.0100622445127693,0.00906650722878116,211.776,NA
25,1,1.17809724509617,67.5,"PPD",3,3,6,0.00656195939878202,0.00725968006162596,0.00952976869566499,0.00884435946623338,212.576999999999,NA
26,1,1.17809724509617,67.5,"PPD",3,3,6,0.00663739718374974,0.00758217982823742,0.0103821890337072,0.00912030446683573,215.305999999999,NA
27,1,1.17809724509617,67.5,"PPD",3,3,6,0.0068046088272673,0.00722100613246678,0.0098280085971833,0.0089657746366974,220.522000000001,NA
28,1,1.17809724509617,67.5,"PPD",3,3,6,0.00692240040446421,0.00726221493820163,0.0103563502507693,0.00869022288608056,220.216,NA
29,1,1.17809724509617,67.5,"PPD",3,3,6,0.00665273825867311,0.00744630947473938,0.00958865787407017,0.00871443581990354,239.887000000001,NA
30,1,1.17809724509617,67.5,"PPD",3,3,6,0.00640765060383395,0.00703678011796971,0.00947865296943561,0.00909415027177812,213.130999999999,NA
31,1,1.17809724509617,67.5,"PPD",3,3,6,0.006218702718267,0.00668833443934642,0.00980051102461252,0.00892743844056903,212.788,NA
32,1,1.17809724509617,67.5,"PPD",3,3,6,0.00655375216074423,0.00738273632640574,0.009827712357987,0.00888582499992362,210.024000000001,NA
33,1,1.17809724509617,67.5,"PPD",3,3,6,0.00636125706829702,0.00708802955860263,0.0100456157850666,0.00889712683456756,239.415999999999,NA
34,1,1.17809724509617,67.5,"PPD",3,3,6,0.00685368821705936,0.00694668944198286,0.0101436468408661,0.00889500502012918,209.819,NA
35,1,1.17809724509617,67.5,"PPD",3,3,6,0.00668022510492975,0.00735226494544126,0.00996901499337508,0.00911461125826116,209.470000000001,NA
36,1,1.17809724509617,67.5,"PPD",3,3,6,0.00663524629564912,0.00741564030133341,0.009650792690506,0.00891698270438577,215.987000000001,NA
37,1,1.17809724509617,67.5,"PPD",3,3,6,0.00652411376801071,0.0074394843580472,0.00966619777873646,0.00901060508365858,209.698,NA
38,1,1.17809724509617,67.5,"PPD",3,3,6,0.00709469050421498,0.00748863169573932,0.00984190878619863,0.00861142921627536,212.962,NA
39,1,1.17809724509617,67.5,"PPD",3,3,6,0.00650297595854004,0.00731946906344628,0.00985057973725942,0.00871578796525633,217.039000000001,NA
40,1,1.17809724509617,67.5,"PPD",3,3,6,0.0066409556777219,0.00697972335565839,0.00969804230768237,0.00879170585076968,216.421,NA
41,1,1.17809724509617,67.5,"PPD",3,3,6,0.006748335448651,0.00733676246718828,0.0101193992450285,0.00875039375170205,214.409000000001,NA
42,1,1.17809724509617,67.5,"PPD",3,3,6,0.00651872608071783,0.00694732583025862,0.0100475410863462,0.00888969144107693,217.314999999999,NA
43,1,1.17809724509617,67.5,"PPD",3,3,6,0.00643779466803083,0.00711777147201746,0.0102700124883879,0.00859610521816292,216.361000000001,NA
44,1,1.17809724509617,67.5,"PPD",3,3,6,0.00632664600061888,0.00732264040412392,0.00966960949952376,0.00896977564958583,240.807999999999,NA
45,1,1.17809724509617,67.5,"PPD",3,3,6,0.0064047405761518,0.00730824701737308,0.00991943265500063,0.00920450378099862,213.864,NA
46,1,1.17809724509617,67.5,"PPD",3,3,6,0.00668682181473144,0.00750983954827081,0.00951089779604017,0.00871045976088661,215.794,NA
47,1,1.17809724509617,67.5,"PPD",3,3,6,0.00659639280287542,0.00721727935170008,0.0102807426047382,0.00884823168239757,211.43,NA
48,1,1.17809724509617,67.5,"PPD",3,3,6,0.00687932958441621,0.00738209199203847,0.00996292170687695,0.00911696872230498,217.573,NA
49,1,1.17809724509617,67.5,"PPD",3,3,6,0.00662043514875767,0.0072278683604661,0.0101786444001886,0.00879821206385186,210.763999999999,NA
50,1,1.17809724509617,67.5,"PPD",3,3,6,0.00654324171394126,0.00742011375336625,0.00993100864787899,0.00892936970097266,236.028,NA
51,1,1.17809724509617,67.5,"PPD",3,3,6,0.00627298610649575,0.00723709023299107,0.00987450412441236,0.0090828845972687,209.945,NA
52,1,1.17809724509617,67.5,"PPD",3,3,6,0.0067079314560625,0.00738665865437197,0.00966416908194029,0.00897390896467302,208.376,NA
53,1,1.17809724509617,67.5,"PPD",3,3,6,0.00612648435673862,0.00752500426465413,0.0100864858969501,0.0091610224905866,207.630999999999,NA
54,1,1.17809724509617,67.5,"PPD",3,3,6,0.00642719758008117,0.00710813010292459,0.00982706272265328,0.00936694862864736,213.333000000001,NA
55,1,1.17809724509617,67.5,"PPD",3,3,6,0.00621606829287081,0.00695459283046708,0.00964175499639272,0.00900417780111122,218.355,NA
56,1,1.17809724509617,67.5,"PPD",3,3,6,0.0065682494660542,0.00719232207903731,0.00945018093358999,0.00891866754107321,205.825999999999,NA
57,1,1.17809724509617,67.5,"PPD",3,3,6,0.00649927371352995,0.00718763932642973,0.00996852322990652,0.00877798171581974,245.08,NA
58,1,1.17809724509617,67.5,"PPD",3,3,6,0.00627997619556128,0.00707704491247886,0.00989769384529377,0.00927051704043985,206.783000000001,NA
59,1,1.17809724509617,67.5,"PPD",3,3,6,0.00618872498192541,0.00673477091964303,0.0099360388231041,0.0089495369457627,212.481000000002,NA
60,1,1.17809724509617,67.5,"PPD",3,3,6,0.00636100458922205,0.00692011793550459,0.0102076311240352,0.00845155048937145,229.799999999999,NA
61,1,1.17809724509617,67.5,"PPD",3,3,6,0.00660984851549302,0.00743324522255425,0.00971456032952404,0.0085947998676502,215.656000000001,NA
62,1,1.17809724509617,67.5,"PPD",3,3,6,0.0064947650585988,0.00741682701789051,0.0108062887366383,0.00902041118006802,196.219999999999,NA
63,1,1.17809724509617,67.5,"PPD",3,3,6,0.00643034994779066,0.00738899882384715,0.00900748726581573,0.00911470772528501,231.978999999999,NA
64,1,1.17809724509617,67.5,"PPD",3,3,6,0.00636856647682761,0.0070165933002212,0.0102249250818134,0.00894141608140079,211.887000000001,NA
65,1,1.17809724509617,67.5,"PPD",3,3,6,0.00602128086142468,0.0069109358414194,0.00979411016740528,0.00886890233125238,218.995999999999,NA
66,1,1.17809724509617,67.5,"PPD",3,3,6,0.00670451740250922,0.00709681951990427,0.00979620844066759,0.00906308490652492,215.636,NA
67,1,1.17809724509617,67.5,"PPD",3,3,6,0.00667009134013125,0.00723456375329379,0.00979953323773294,0.00885476160409174,225.058000000001,NA
68,1,1.17809724509617,67.5,"PPD",3,3,6,0.00657058154958108,0.00734771310914225,0.00968856714564816,0.0086827031731051,213.627999999999,NA
69,1,1.17809724509617,67.5,"PPD",3,3,6,0.00681445484325676,0.00759448829362575,0.00938419907846457,0.00877181736667836,215.132,NA
70,1,1.17809724509617,67.5,"PPD",3,3,6,0.00686675039605461,0.00704654863665225,0.0103150097214157,0.00862713938848591,209.391,NA
71,1,1.17809724509617,67.5,"PPD",3,3,6,0.00669098477401095,0.00681354201758298,0.0098825267450407,0.00896805174720032,203.931999999999,NA
72,1,1.17809724509617,67.5,"PPD",3,3,6,0.00655774847239687,0.00689793036035317,0.00977543379104154,0.00883067473921815,220.672999999999,NA
73,1,1.17809724509617,67.5,"PPD",3,3,6,0.00622892864885098,0.00749618590583178,0.00953681992555875,0.00880933260882397,230.421,NA
74,1,1.17809724509617,67.5,"PPD",3,3,6,0.00631564814583755,0.00678727290820337,0.0097369443149343,0.00903351740593211,211.025,NA
75,1,1.17809724509617,67.5,"PPD",3,3,6,0.00666496845834184,0.00711170146477911,0.00980867535925099,0.00864447107111093,208.641,NA
76,1,1.17809724509617,67.5,"PPD",3,3,6,0.00645019154071159,0.00721831512111279,0.0104027399031697,0.00896533210775873,215.884,NA
77,1,1.17809724509617,67.5,"PPD",3,3,6,0.00641739311521253,0.00748537136146475,0.00965589251022397,0.00912784463906488,216.312,NA
78,1,1.17809724509617,67.5,"PPD",3,3,6,0.00668288144998408,0.00730123143123446,0.0100364034757506,0.00862408777100854,218.017,NA
79,1,1.17809724509617,67.5,"PPD",3,3,6,0.00688799040828912,0.00731652210720337,0.0102648947635882,0.00879488322610914,211.852999999999,NA
80,1,1.17809724509617,67.5,"PPD",3,3,6,0.00667410883237679,0.00703688956778614,0.00984862323596969,0.00920030946490092,213.424000000001,NA
81,1,1.17809724509617,67.5,"PPD",3,3,6,0.0065822860519827,0.00733393164051925,0.010223529334227,0.00908551750666481,214.299999999999,NA
82,1,1.17809724509617,67.5,"PPD",3,3,6,0.0064626524811403,0.00720845928325596,0.00981660210102604,0.00907597913468282,234.829,NA
83,1,1.17809724509617,67.5,"PPD",3,3,6,0.00664907219616616,0.00737580296686623,0.00950271362242389,0.00875630140314357,204.312000000002,NA
84,1,1.17809724509617,67.5,"PPD",3,3,6,0.00626819696376432,0.00738541816036815,0.00996969868339834,0.00905438072301225,206.905999999999,NA
85,1,1.17809724509617,67.5,"PPD",3,3,6,0.00659882845102337,0.00752946855274593,0.0102595278874353,0.00879173913482594,212.114,NA
86,1,1.17809724509617,67.5,"PPD",3,3,6,0.0064775268508988,0.00743973571009178,0.00970302150824199,0.00886238738809569,216.413999999999,NA
87,1,1.17809724509617,67.5,"PPD",3,3,6,0.00613023939244575,0.0070386807334346,0.00955758114817476,0.00913159058051403,220.189,NA
88,1,1.17809724509617,67.5,"PPD",3,3,6,0.0069518848539098,0.00703957255387906,0.0101022841440472,0.00899177592047852,215.016,NA
89,1,1.17809724509617,67.5,"PPD",3,3,6,0.00647016881089565,0.00697925500006598,0.00976994695156402,0.00897181133812345,207.128000000001,NA
90,1,1.17809724509617,67.5,"PPD",3,3,6,0.0067140928821136,0.0074000846303804,0.00988329593156787,0.00871872534734366,216.582,NA
91,1,1.17809724509617,67.5,"PPD",3,3,6,0.00610854988348415,0.0065740746737633,0.0102761911527673,0.0088117068835181,210.539999999999,NA
92,1,1.17809724509617,67.5,"PPD",3,3,6,0.00664620601811381,0.00715535671053226,0.00999836399008857,0.00920289554762778,210.314,NA
93,1,1.17809724509617,67.5,"PPD",3,3,6,0.00644763733347815,0.00705924375523702,0.00956573183843203,0.00913072758951687,211.268,NA
94,1,1.17809724509617,67.5,"PPD",3,3,6,0.00624077346386452,0.00711421141667301,0.00989718484890908,0.00892281172535285,205.836000000001,NA
95,1,1.17809724509617,67.5,"PPD",3,3,6,0.00692023532482021,0.00763276957486796,0.0103212049185384,0.0091007509129214,210.573,NA
96,1,1.17809724509617,67.5,"PPD",3,3,6,0.00673954440098804,0.00754969840963248,0.00994453177053693,0.00900482348179379,208.481,NA
97,1,1.17809724509617,67.5,"PPD",3,3,6,0.00652977715932366,0.00731683907703143,0.01028563303309,0.00897197288609984,211.174000000001,NA
98,1,1.17809724509617,67.5,"PPD",3,3,6,0.00657492241166526,0.00734067101291261,0.0100950575158717,0.00877844697392506,214.356,NA
99,1,1.17809724509617,67.5,"PPD",3,3,6,0.00612609393047514,0.00687726991709088,0.0101297832103042,0.00890071129977962,210.203,NA
100,1,1.17809724509617,67.5,"PPD",3,3,6,0.00627746549855346,0.00711708965317806,0.00988408200972815,0.00906521099751282,240.574000000001,NA
1,2,1.17809724509617,67.5,"PPD",3,3,6,0.00163816110508274,0.00171069218731075,0.00233789122613202,0.00220548490377935,208.888000000001,NA
2,2,1.17809724509617,67.5,"PPD",3,3,6,0.00164075582517468,0.00174026285736945,0.0024140639706287,0.00213121749376746,216.504999999999,NA
3,2,1.17809724509617,67.5,"PPD",3,3,6,0.00150616329180325,0.0018238153645252,0.00241842836972386,0.00219000301877626,217.235000000001,NA
4,2,1.17809724509617,67.5,"PPD",3,3,6,0.00163387570377832,0.00182041163303513,0.00244748345682674,0.00216819583101686,210.267000000002,NA
5,2,1.17809724509617,67.5,"PPD",3,3,6,0.00155930491334443,0.00164502748575217,0.00239703127430504,0.00225740209617495,217.663,NA
6,2,1.17809724509617,67.5,"PPD",3,3,6,0.00158123219156834,0.00170577911135165,0.002613650534089,0.00215336620328832,212.601000000001,NA
7,2,1.17809724509617,67.5,"PPD",3,3,6,0.00166934638299182,0.00177745653834113,0.00245069068500516,0.00213894012886772,209.694,NA
8,2,1.17809724509617,67.5,"PPD",3,3,6,0.00161656124715199,0.00178513879984453,0.00245393280020662,0.00217778162296175,210.688,NA
9,2,1.17809724509617,67.5,"PPD",3,3,6,0.00167909781713513,0.00178766342434731,0.00248482358519672,0.00215214787759918,207.436,NA
10,2,1.17809724509617,67.5,"PPD",3,3,6,0.00158700731181557,0.00181536521710471,0.00242766468412682,0.00222448804619558,257.428,NA
11,2,1.17809724509617,67.5,"PPD",3,3,6,0.00165708191176181,0.00167215496841383,0.00236745760522334,0.00220767662299859,212.199000000001,NA
12,2,1.17809724509617,67.5,"PPD",3,3,6,0.00166699777335218,0.00173740122598426,0.00250859490552277,0.00226039953635115,226.466,NA
13,2,1.17809724509617,67.5,"PPD",3,3,6,0.00161065999386407,0.00169746790928633,0.00228490598116958,0.00215606032752906,207.449000000001,NA
14,2,1.17809724509617,67.5,"PPD",3,3,6,0.00163297119423755,0.00190544903562794,0.00238741044766957,0.00220390385143153,212.237999999999,NA
15,2,1.17809724509617,67.5,"PPD",3,3,6,0.00159313264118026,0.00168599821869229,0.00254597435279085,0.00221882988824465,221.406999999999,NA
16,2,1.17809724509617,67.5,"PPD",3,3,6,0.00157230968101593,0.00179016276426365,0.00238300674293885,0.00220645100976893,214.009,NA
17,2,1.17809724509617,67.5,"PPD",3,3,6,0.00152120695819207,0.00176932990433241,0.00249745919600278,0.00215838421786689,232.762000000001,NA
18,2,1.17809724509617,67.5,"PPD",3,3,6,0.00156723237568826,0.00172379807005589,0.00256751243989908,0.00218158571075773,208.942000000001,NA
19,2,1.17809724509617,67.5,"PPD",3,3,6,0.0015391757838879,0.00178534288788745,0.00236793155177563,0.00213874321613405,219.781000000001,NA
20,2,1.17809724509617,67.5,"PPD",3,3,6,0.00166656312313913,0.00194076777833485,0.00251971949457882,0.00217098860413876,212.038999999999,NA
21,2,1.17809724509617,67.5,"PPD",3,3,6,0.0016513265302864,0.00183636110770106,0.00234795201460986,0.0022674720728003,208.394999999999,NA
22,2,1.17809724509617,67.5,"PPD",3,3,6,0.00165294421121984,0.00176531796998811,0.00237335058829929,0.00221055979397011,213.527,NA
23,2,1.17809724509617,67.5,"PPD",3,3,6,0.00161951263823935,0.00179431192888488,0.00240594594595257,0.00217097519469624,206.918000000001,NA
24,2,1.17809724509617,67.5,"PPD",3,3,6,0.00154763138496589,0.0016606743078019,0.00240364988503024,0.00210110044105498,210.860000000001,NA
25,2,1.17809724509617,67.5,"PPD",3,3,6,0.00161102291432528,0.00177153405351514,0.00243906077808144,0.0021346788640565,219.08,NA
26,2,1.17809724509617,67.5,"PPD",3,3,6,0.00156894034618491,0.00173958835212436,0.00238570682921595,0.00219247097348406,209.402,NA
27,2,1.17809724509617,67.5,"PPD",3,3,6,0.00156995644287794,0.00173658418588369,0.00241473133801023,0.00223243310246272,203.088,NA
28,2,1.17809724509617,67.5,"PPD",3,3,6,0.00159220784868016,0.0017849077063335,0.00255181520708219,0.00219653324537461,215.016000000001,NA
29,2,1.17809724509617,67.5,"PPD",3,3,6,0.00151991050610663,0.00179787399556997,0.00240329455250296,0.00213457111282475,246.474,NA
30,2,1.17809724509617,67.5,"PPD",3,3,6,0.0016820333806437,0.00189164488747429,0.00246418967646174,0.00222335331264285,213.33,NA
31,2,1.17809724509617,67.5,"PPD",3,3,6,0.00154453912854574,0.00167705763776819,0.00234882932730042,0.00217543915436111,214.679,NA
32,2,1.17809724509617,67.5,"PPD",3,3,6,0.00163899456985728,0.00172251664245726,0.0023798905437105,0.00219260456125537,211.224999999999,NA
33,2,1.17809724509617,67.5,"PPD",3,3,6,0.00165237543743383,0.00173972050111735,0.00232572268498264,0.00217709722442114,200.436,NA
34,2,1.17809724509617,67.5,"PPD",3,3,6,0.00156041225940036,0.00172139582801286,0.00235255579652396,0.0021210671011228,216.066999999999,NA
35,2,1.17809724509617,67.5,"PPD",3,3,6,0.00158950358281747,0.00184302876689732,0.00244503724193219,0.00222277419534703,214.787,NA
36,2,1.17809724509617,67.5,"PPD",3,3,6,0.00161705469105171,0.00171416724921741,0.0024164671449439,0.00226484033593882,203.806,NA
37,2,1.17809724509617,67.5,"PPD",3,3,6,0.00162628660779077,0.0017481940116693,0.00254498848849361,0.00221949197346101,215.081999999999,NA
38,2,1.17809724509617,67.5,"PPD",3,3,6,0.00166351094435406,0.00182708197230521,0.0023928358687877,0.00215141493679837,226.721,NA
39,2,1.17809724509617,67.5,"PPD",3,3,6,0.0016415499795926,0.00177833285210608,0.00248073948931725,0.00222927569835363,253.976999999999,NA
40,2,1.17809724509617,67.5,"PPD",3,3,6,0.0015651291648953,0.0017498635499801,0.00239232695330437,0.00215738119174929,205.828000000001,NA
41,2,1.17809724509617,67.5,"PPD",3,3,6,0.0015778647315821,0.00177642537071317,0.00246468307600081,0.00219939205266853,215.364,NA
42,2,1.17809724509617,67.5,"PPD",3,3,6,0.00161003818783153,0.00178979188331881,0.00230950897275041,0.00218334053618756,219.656999999999,NA
43,2,1.17809724509617,67.5,"PPD",3,3,6,0.00164145395183613,0.00174696993701941,0.00239201094717327,0.00216736591789728,211.296,NA
44,2,1.17809724509617,67.5,"PPD",3,3,6,0.00161959614680348,0.00174274481712922,0.00248702705464529,0.00218022099583778,220.845000000001,NA
45,2,1.17809724509617,67.5,"PPD",3,3,6,0.00165413458882823,0.00185110592396406,0.00250147620358421,0.00217371854813739,213.813,NA
46,2,1.17809724509617,67.5,"PPD",3,3,6,0.00161800186830897,0.0018321360553286,0.00246598079081768,0.00225949899429517,224.795,NA
47,2,1.17809724509617,67.5,"PPD",3,3,6,0.00165431134070598,0.00182612829241812,0.0024241880641856,0.00217125579836728,208.659,NA
48,2,1.17809724509617,67.5,"PPD",3,3,6,0.00165285552979989,0.00175491447772917,0.00247934309840149,0.00220146904910566,212.227000000001,NA
49,2,1.17809724509617,67.5,"PPD",3,3,6,0.00165627972133567,0.00179460767489864,0.00249181405097357,0.00214493675926131,217.75,NA
50,2,1.17809724509617,67.5,"PPD",3,3,6,0.00162376797604284,0.0017594822235494,0.00240676352051603,0.00218082505291837,219.362999999999,NA
51,2,1.17809724509617,67.5,"PPD",3,3,6,0.00167223286182444,0.00180648398339542,0.00247870661009257,0.0022019976267647,210.388999999999,NA
52,2,1.17809724509617,67.5,"PPD",3,3,6,0.00152251871197921,0.00176236129976667,0.00239842557156704,0.00218137424851533,214.918,NA
53,2,1.17809724509617,67.5,"PPD",3,3,6,0.00162751665849002,0.00180247804797807,0.00250633487898849,0.00219756929585854,213.194000000001,NA
54,2,1.17809724509617,67.5,"PPD",3,3,6,0.00170767525646715,0.00181714000727169,0.00250724683678471,0.00221274456569957,207.608,NA
55,2,1.17809724509617,67.5,"PPD",3,3,6,0.00158361842040965,0.00174213646659715,0.00238497244506714,0.00214578072995851,209.627,NA
56,2,1.17809724509617,67.5,"PPD",3,3,6,0.00164969315838104,0.00177474193226145,0.00238634629255429,0.0021566738598319,221.802,NA
57,2,1.17809724509617,67.5,"PPD",3,3,6,0.00159975937098352,0.00171645615523031,0.00237729672459737,0.0022041175209546,217.151,NA
58,2,1.17809724509617,67.5,"PPD",3,3,6,0.00170223899604893,0.00182818858891469,0.00241122231213638,0.00218909944159949,214.955,NA
59,2,1.17809724509617,67.5,"PPD",3,3,6,0.00154326126374421,0.00172058705584219,0.00247617698977226,0.00222091213198615,211.501999999999,NA
60,2,1.17809724509617,67.5,"PPD",3,3,6,0.00172199226764557,0.00170173268659482,0.00234137231888266,0.00223200702940117,216.091999999999,NA
61,2,1.17809724509617,67.5,"PPD",3,3,6,0.00161436259277683,0.00184280173021975,0.00246529842420654,0.00216004568267107,207.287999999999,NA
62,2,1.17809724509617,67.5,"PPD",3,3,6,0.00160474873151749,0.00180118245993211,0.00240448370690692,0.00217676396499115,212.247000000001,NA
63,2,1.17809724509617,67.5,"PPD",3,3,6,0.0016640031498064,0.0017409216392302,0.00252509844694951,0.00224000757188491,257.794,NA
64,2,1.17809724509617,67.5,"PPD",3,3,6,0.00162768569418083,0.00184878442571072,0.00249979981437234,0.00222792826158563,207.261999999999,NA
65,2,1.17809724509617,67.5,"PPD",3,3,6,0.00169069125106907,0.00177322873558013,0.00243563320585437,0.00230495552621104,216.612000000001,NA
66,2,1.17809724509617,67.5,"PPD",3,3,6,0.00171952616394027,0.0018672308241017,0.00246369180087492,0.00218956709888996,217.699000000001,NA
67,2,1.17809724509617,67.5,"PPD",3,3,6,0.00158740203537339,0.00177578250878274,0.00252267726512191,0.00215174239934136,213.540999999999,NA
68,2,1.17809724509617,67.5,"PPD",3,3,6,0.00160243432619887,0.00188479674005949,0.00240179757745878,0.00217369293336956,211.316000000001,NA
69,2,1.17809724509617,67.5,"PPD",3,3,6,0.00156620254830416,0.00179303835109095,0.00250861429972962,0.0022305630471917,212.634999999998,NA
70,2,1.17809724509617,67.5,"PPD",3,3,6,0.00161798167121581,0.00176274601060828,0.0024587888251209,0.00212959963737872,244.246000000001,NA
71,2,1.17809724509617,67.5,"PPD",3,3,6,0.00159206489747221,0.00182178954859296,0.0024542179585196,0.00221785899561131,216.615,NA
72,2,1.17809724509617,67.5,"PPD",3,3,6,0.00162913893294551,0.00182478417661167,0.00245048902921551,0.00221083528220327,213.825999999999,NA
73,2,1.17809724509617,67.5,"PPD",3,3,6,0.00164628052340375,0.00176786786619128,0.00237261404392765,0.00223876861614732,212.483999999999,NA
74,2,1.17809724509617,67.5,"PPD",3,3,6,0.00168341871861414,0.0018435943607702,0.00245019827504845,0.00216277365869684,216.295,NA
75,2,1.17809724509617,67.5,"PPD",3,3,6,0.00161163329653094,0.00183543933663486,0.00247957703129997,0.00220622509155037,215.189999999999,NA
76,2,1.17809724509617,67.5,"PPD",3,3,6,0.00160776666892949,0.001751641166005,0.00241800592318921,0.00214492066077641,233.735999999999,NA
77,2,1.17809724509617,67.5,"PPD",3,3,6,0.00164827551654815,0.00175327756165353,0.0025120303597093,0.00218529089463762,215.098,NA
78,2,1.17809724509617,67.5,"PPD",3,3,6,0.00164510958356488,0.00180152789166435,0.00244194892836393,0.00225023617742971,219.344999999999,NA
79,2,1.17809724509617,67.5,"PPD",3,3,6,0.00161617987426719,0.00184830999323425,0.00243423272826473,0.00221722466443628,215.109,NA
80,2,1.17809724509617,67.5,"PPD",3,3,6,0.00169269007504783,0.0018350757614437,0.00241486404382566,0.00229516181253606,212.763999999999,NA
81,2,1.17809724509617,67.5,"PPD",3,3,6,0.00171471946551274,0.00171827737304599,0.00236404384259052,0.0021233753251476,201.778,NA
82,2,1.17809724509617,67.5,"PPD",3,3,6,0.00161253540018412,0.00183668623204427,0.00238587063519564,0.00210710137614648,200.644,NA
83,2,1.17809724509617,67.5,"PPD",3,3,6,0.0016268860566643,0.00179484259212744,0.00247945749101999,0.00216250136526499,237.466,NA
84,2,1.17809724509617,67.5,"PPD",3,3,6,0.00157306859797718,0.00182551083401796,0.00245866602695066,0.00213994056123852,212.601999999999,NA
85,2,1.17809724509617,67.5,"PPD",3,3,6,0.00164955551785025,0.00176591165660805,0.00244844646515528,0.00222674903680705,214.021000000001,NA
86,2,1.17809724509617,67.5,"PPD",3,3,6,0.00162776930244656,0.00171053149118007,0.00235148020400076,0.00222485418564638,216.179999999998,NA
87,2,1.17809724509617,67.5,"PPD",3,3,6,0.00154733659683932,0.00178116136631225,0.00244970297282925,0.00226444037578886,212.554,NA
88,2,1.17809724509617,67.5,"PPD",3,3,6,0.00165812704757539,0.00174899531042555,0.00256225101640811,0.00218661322131751,216.608,NA
89,2,1.17809724509617,67.5,"PPD",3,3,6,0.00164450141978719,0.00180405885572825,0.00254569190026145,0.00218062152039904,217.599,NA
90,2,1.17809724509617,67.5,"PPD",3,3,6,0.00162412224170019,0.0017891717253048,0.00245168677235515,0.00211104213957063,212.164000000001,NA
91,2,1.17809724509617,67.5,"PPD",3,3,6,0.00173256643559339,0.00174282204444216,0.00239405524552327,0.00228556521926217,213.306,NA
92,2,1.17809724509617,67.5,"PPD",3,3,6,0.00166387738997935,0.00180583264419195,0.00239120769439463,0.00220653594559081,210.777999999998,NA
93,2,1.17809724509617,67.5,"PPD",3,3,6,0.00168331078252871,0.00177664214207557,0.00246555923452357,0.00213858672315345,205.257,NA
94,2,1.17809724509617,67.5,"PPD",3,3,6,0.00162523953504692,0.00171598706502464,0.00248405223603362,0.00214544736928845,233.679,NA
95,2,1.17809724509617,67.5,"PPD",3,3,6,0.00171492828011117,0.00185094555378943,0.00260098320814885,0.00210186090432562,212.084000000001,NA
96,2,1.17809724509617,67.5,"PPD",3,3,6,0.00157376721769158,0.00159327428325452,0.00244659618050056,0.00218835678624146,219.741,NA
97,2,1.17809724509617,67.5,"PPD",3,3,6,0.00164839184533426,0.00180165876849525,0.00251222844497078,0.00215799099012257,209.517,NA
98,2,1.17809724509617,67.5,"PPD",3,3,6,0.00163669500212202,0.00181567286913489,0.00248585084221841,0.00216871380013265,211.831999999999,NA
99,2,1.17809724509617,67.5,"PPD",3,3,6,0.00162159120107503,0.00181467703822124,0.00242733200400846,0.00215441506660627,252.716,NA
100,2,1.17809724509617,67.5,"PPD",3,3,6,0.0015739594759879,0.00170066295208164,0.00239049358881082,0.00209696410486072,214.352000000001,NA
1,0.1,0,0,"BIDIFAC+",4,3,3,0.762842552255001,0.758036261998179,0.749050906229662,0.713924516349307,45.8119999999999,NA
2,0.1,0,0,"BIDIFAC+",4,2,3,0.796624670198496,0.794946972684807,0.768118172032162,0.697277111346754,52.8889999999992,NA
3,0.1,0,0,"BIDIFAC+",5,3,3,0.802310664580857,0.792322505561506,0.828145188208077,0.704013045866285,45.9120000000003,NA
4,0.1,0,0,"BIDIFAC+",4,2,4,0.787904010642373,0.772417444407904,0.789041231849034,0.687131163185243,46.7669999999998,NA
5,0.1,0,0,"BIDIFAC+",4,2,3,0.796196545134367,0.794451517393306,0.776192161271288,0.710659128225247,44.8990000000013,NA
6,0.1,0,0,"BIDIFAC+",5,2,3,0.765148849352988,0.761722783593867,0.76197585937708,0.697620848642934,43.991,NA
7,0.1,0,0,"BIDIFAC+",4,4,3,0.774915322827737,0.782272646417418,0.800408726350472,0.673304559791878,44.7090000000007,NA
8,0.1,0,0,"BIDIFAC+",5,2,3,0.782665022445398,0.781981935615144,0.816755644318425,0.710587045499365,46.3920000000016,NA
9,0.1,0,0,"BIDIFAC+",4,3,3,0.790717020363216,0.816010313337707,0.761575636515542,0.712444815550719,48.1110000000008,NA
10,0.1,0,0,"BIDIFAC+",4,3,4,0.774816403955697,0.781589952173126,0.748598905696577,0.687588707051732,46.4660000000003,NA
11,0.1,0,0,"BIDIFAC+",4,2,4,0.810979351717377,0.793760235386334,0.775320535020765,0.700438880924118,48.3770000000004,NA
12,0.1,0,0,"BIDIFAC+",4,3,3,0.777383966856944,0.783153982282152,0.743182172582736,0.720682772776546,48.101999999999,NA
13,0.1,0,0,"BIDIFAC+",4,2,4,0.782675606124554,0.802113060490055,0.746452246533782,0.713960382840372,44.982,NA
14,0.1,0,0,"BIDIFAC+",5,3,4,0.77666323246009,0.788496732941401,0.729008646076666,0.716339230584709,44.896999999999,NA
15,0.1,0,0,"BIDIFAC+",4,3,4,0.805276989727326,0.820924980562414,0.764944500706918,0.715175454631754,46.1599999999999,NA
16,0.1,0,0,"BIDIFAC+",4,2,4,0.782189084127641,0.779138550521101,0.740545039471968,0.700683604169666,46.8850000000002,NA
17,0.1,0,0,"BIDIFAC+",5,1,3,0.74663516663003,0.754390402821725,0.751970421557183,0.707673406850089,47.7339999999986,NA
18,0.1,0,0,"BIDIFAC+",4,2,4,0.788992921938736,0.787173710085145,0.751704115588479,0.686857606898841,44.0790000000015,NA
19,0.1,0,0,"BIDIFAC+",4,2,4,0.799819720543007,0.816272412472843,0.766708332524833,0.705402335692267,48.6130000000012,NA
20,0.1,0,0,"BIDIFAC+",4,2,3,0.772959747836855,0.784385250854557,0.785264009828547,0.70247903445045,49.4150000000009,NA
21,0.1,0,0,"BIDIFAC+",4,2,4,0.77647221483504,0.786551784081631,0.724074873689038,0.678826490950304,44.9099999999999,NA
22,0.1,0,0,"BIDIFAC+",4,3,4,0.786018814083063,0.791634414045586,0.798917038348261,0.711171676127781,45.8330000000005,NA
23,0.1,0,0,"BIDIFAC+",5,2,3,0.781113807990835,0.786592856829908,0.76678376081716,0.719754073109841,46.9099999999999,NA
24,0.1,0,0,"BIDIFAC+",4,2,4,0.767266234205918,0.763899836414032,0.756191594060998,0.709995081776953,45.2950000000001,NA
25,0.1,0,0,"BIDIFAC+",4,3,4,0.783336198576423,0.778822299872359,0.730922428208791,0.709046321302753,48.5789999999997,NA
26,0.1,0,0,"BIDIFAC+",5,3,4,0.790456577589091,0.791194850289627,0.743373929444908,0.693334086232231,48.4879999999994,NA
27,0.1,0,0,"BIDIFAC+",4,2,3,0.74878974224905,0.760439098637374,0.723141113183853,0.685641459610574,44.6409999999996,NA
28,0.1,0,0,"BIDIFAC+",4,3,3,0.734817417286313,0.74507497182624,0.737107184456777,0.722757591883128,45.4079999999994,NA
29,0.1,0,0,"BIDIFAC+",4,3,4,0.795589018145934,0.796886817237006,0.788353567685043,0.706109666153784,43.5040000000008,NA
30,0.1,0,0,"BIDIFAC+",4,3,3,0.766453918654854,0.792941441834641,0.755181261819643,0.713988244340662,47.3700000000008,NA
31,0.1,0,0,"BIDIFAC+",4,3,3,0.772878079636834,0.775401580066419,0.804749773594684,0.693308430080669,44.7100000000009,NA
32,0.1,0,0,"BIDIFAC+",4,3,4,0.769080066132867,0.775620501888148,0.752226172774533,0.70020715204029,45.991,NA
33,0.1,0,0,"BIDIFAC+",4,3,3,0.807299816520384,0.812462171405372,0.743519463038888,0.688986225865162,47.5640000000003,NA
34,0.1,0,0,"BIDIFAC+",4,2,3,0.773863113039682,0.75873733780166,0.737778787458144,0.694122968392188,48.7510000000002,NA
35,0.1,0,0,"BIDIFAC+",4,2,3,0.799025365393112,0.799888188349298,0.770966789473376,0.705425504376528,44.0759999999991,NA
36,0.1,0,0,"BIDIFAC+",4,4,4,0.792523771341025,0.794143374687162,0.808875207495805,0.689298287039978,45.476999999999,NA
37,0.1,0,0,"BIDIFAC+",4,2,4,0.794908722258534,0.797167432895434,0.789680258538184,0.702154176928419,46.5680000000011,NA
38,0.1,0,0,"BIDIFAC+",5,2,3,0.804059385555996,0.805353513555145,0.743770078632342,0.709562898281357,47.4239999999991,NA
39,0.1,0,0,"BIDIFAC+",4,3,4,0.805944461815726,0.814056115058789,0.756378928680223,0.697968709444398,48.1530000000002,NA
40,0.1,0,0,"BIDIFAC+",6,3,3,0.798189385442912,0.80582274390865,0.744494553004005,0.736974126359916,48.8629999999994,NA
41,0.1,0,0,"BIDIFAC+",4,2,3,0.75879371868479,0.758706960283323,0.799202192713705,0.70772186105681,39.3019999999997,NA
42,0.1,0,0,"BIDIFAC+",5,3,4,0.75856234540345,0.776377053046085,0.757738292968215,0.718290790005042,44.5010000000002,NA
43,0.1,0,0,"BIDIFAC+",4,2,4,0.766759687728394,0.766685726929644,0.760757394352425,0.713880985945294,47.7039999999997,NA
44,0.1,0,0,"BIDIFAC+",4,4,3,0.779051232222582,0.781616042276816,0.759933173209079,0.715904478740264,48.2060000000001,NA
45,0.1,0,0,"BIDIFAC+",5,2,4,0.790381528197357,0.789857461206946,0.763093637535503,0.73204423968323,43.7170000000006,NA
46,0.1,0,0,"BIDIFAC+",5,3,3,0.78235447827404,0.783970579428583,0.743186775778098,0.676566040719009,43.6319999999996,NA
47,0.1,0,0,"BIDIFAC+",4,2,3,0.765221352122611,0.767927433593186,0.793342370531931,0.70306451280578,43.5379999999986,NA
48,0.1,0,0,"BIDIFAC+",4,3,4,0.793231746280688,0.800094219173537,0.72802673991385,0.717767092795882,51.1440000000002,NA
49,0.1,0,0,"BIDIFAC+",5,2,3,0.779573140327046,0.777533024073628,0.783206856751633,0.714021625911212,43.9290000000001,NA
50,0.1,0,0,"BIDIFAC+",4,3,3,0.780702853567748,0.782193227150794,0.798122272467679,0.701835989373405,47.518,NA
51,0.1,0,0,"BIDIFAC+",4,2,3,0.770276390374833,0.770429992988104,0.698080424366519,0.717466697886611,46.7749999999996,NA
52,0.1,0,0,"BIDIFAC+",5,2,3,0.809782705289477,0.802857367435552,0.784661943730784,0.688935905500698,47.2369999999992,NA
53,0.1,0,0,"BIDIFAC+",5,3,3,0.762031937661141,0.764732965354748,0.762208852737257,0.694257861031506,45.0780000000013,NA
54,0.1,0,0,"BIDIFAC+",4,2,3,0.799241312827076,0.792109154986317,0.768572084363905,0.71612527270825,41.8250000000007,NA
55,0.1,0,0,"BIDIFAC+",4,3,4,0.80500438542105,0.812628859926911,0.756036193311662,0.704941384127276,51.8529999999992,NA
56,0.1,0,0,"BIDIFAC+",4,3,3,0.738043683864532,0.738116340798306,0.777326290573629,0.715048974497024,43.5259999999998,NA
57,0.1,0,0,"BIDIFAC+",4,3,4,0.790757462502044,0.801995145345008,0.766438127761518,0.677686748389783,45.0499999999993,NA
58,0.1,0,0,"BIDIFAC+",4,3,4,0.787722284140008,0.787411252044414,0.767869491087879,0.713751406666015,45.4350000000013,NA
59,0.1,0,0,"BIDIFAC+",4,2,4,0.763613460461369,0.76976694654901,0.733137673826533,0.719270848064172,46.2519999999986,NA
60,0.1,0,0,"BIDIFAC+",5,3,3,0.771402575741371,0.785790920144611,0.773305062618389,0.711404352125606,42.6470000000008,NA
61,0.1,0,0,"BIDIFAC+",4,2,4,0.771561556674944,0.781579233322503,0.751502710654465,0.70422589068272,45.6299999999992,NA
62,0.1,0,0,"BIDIFAC+",4,2,4,0.776388689399932,0.779642342920682,0.747789051685797,0.708921378907944,44.9899999999998,NA
63,0.1,0,0,"BIDIFAC+",4,3,4,0.81850731566012,0.811002934777988,0.796762482575647,0.705140165304796,49.2630000000008,NA
64,0.1,0,0,"BIDIFAC+",5,3,4,0.790647525381836,0.801591421694845,0.78297302609067,0.724416174715295,44.5930000000008,NA
65,0.1,0,0,"BIDIFAC+",4,2,3,0.761885795082828,0.775872185846719,0.753574022454132,0.707293600363949,45.1880000000001,NA
66,0.1,0,0,"BIDIFAC+",4,2,3,0.788456603438217,0.789287421834734,0.767043897163304,0.712625660449013,47.8090000000011,NA
67,0.1,0,0,"BIDIFAC+",4,3,4,0.77213079845123,0.790241102508706,0.742916093010125,0.70691898772884,48.3709999999992,NA
68,0.1,0,0,"BIDIFAC+",4,3,4,0.806275315056785,0.804950999895611,0.783975506811214,0.721477472329414,43.2380000000012,NA
69,0.1,0,0,"BIDIFAC+",4,2,4,0.811284713112567,0.801690988984038,0.779345421654977,0.693268465643505,41.6599999999999,NA
70,0.1,0,0,"BIDIFAC+",4,2,3,0.779568352436511,0.787398600609831,0.760518174248251,0.692230824726873,44.152,NA
71,0.1,0,0,"BIDIFAC+",4,3,3,0.801564637347243,0.806398806431003,0.754265078789568,0.725203270987261,45.7980000000007,NA
72,0.1,0,0,"BIDIFAC+",5,3,4,0.807479566120518,0.798606247826603,0.788918409907508,0.709509162977499,43.7789999999986,NA
73,0.1,0,0,"BIDIFAC+",5,2,4,0.759304034742775,0.769491440887463,0.730792495745635,0.699408462325487,45.4589999999989,NA
74,0.1,0,0,"BIDIFAC+",4,2,3,0.74792418465546,0.750342378586163,0.781632527666816,0.694090138483474,44.6620000000003,NA
75,0.1,0,0,"BIDIFAC+",4,2,4,0.822467135327706,0.828631311182396,0.729814500425189,0.698536301443882,44.4710000000014,NA
76,0.1,0,0,"BIDIFAC+",5,2,3,0.787474584435681,0.784356479266032,0.78108022643153,0.704026538449144,45.3439999999991,NA
77,0.1,0,0,"BIDIFAC+",4,3,3,0.790989974603184,0.790900685212095,0.755337623471408,0.711111853939588,48.482,NA
78,0.1,0,0,"BIDIFAC+",4,2,3,0.761132428083972,0.774370934302623,0.726410460852818,0.694725337344449,48.9599999999991,NA
79,0.1,0,0,"BIDIFAC+",4,3,3,0.756619659354238,0.776432117111038,0.733393695730066,0.696934197524294,53.2869999999984,NA
80,0.1,0,0,"BIDIFAC+",5,3,3,0.79608607906907,0.804211764344347,0.772295221762906,0.69938547297746,47.0500000000011,NA
81,0.1,0,0,"BIDIFAC+",5,3,4,0.760307621977817,0.760827261266579,0.743243854688427,0.711107485280129,50.0439999999999,NA
82,0.1,0,0,"BIDIFAC+",4,2,4,0.783287967220825,0.77980892146605,0.783566763112026,0.716085726466445,40.9970000000012,NA
83,0.1,0,0,"BIDIFAC+",5,2,4,0.789856739832872,0.793530106413667,0.803930365295965,0.686950848528657,42.0399999999991,NA
84,0.1,0,0,"BIDIFAC+",4,2,3,0.756517183128999,0.770333877018365,0.750401834325193,0.698350569780294,47.9619999999995,NA
85,0.1,0,0,"BIDIFAC+",4,3,3,0.797116101983091,0.81290740229183,0.759477070515059,0.706547707474614,47.9130000000005,NA
86,0.1,0,0,"BIDIFAC+",5,2,4,0.782009429322339,0.785177059924024,0.801429371302182,0.722370043398722,48.3150000000005,NA
87,0.1,0,0,"BIDIFAC+",4,3,4,0.792434313844929,0.791412590770101,0.716795941511289,0.690885722343527,49.6669999999995,NA
88,0.1,0,0,"BIDIFAC+",4,3,3,0.795383291283646,0.792877966039206,0.747696512383895,0.700909104118811,45.1549999999988,NA
89,0.1,0,0,"BIDIFAC+",4,2,3,0.796692457883245,0.804017628186732,0.750226637182225,0.731237447680917,45.0469999999987,NA
90,0.1,0,0,"BIDIFAC+",4,3,4,0.772142766482561,0.780765705827449,0.726531693884439,0.719337018130545,45.6819999999989,NA
91,0.1,0,0,"BIDIFAC+",4,2,3,0.785441530910108,0.782462781770173,0.737374693187428,0.700745479554479,44.753999999999,NA
92,0.1,0,0,"BIDIFAC+",4,2,4,0.783966930896687,0.791100545125556,0.737228246464426,0.690028435570459,44.6610000000001,NA
93,0.1,0,0,"BIDIFAC+",5,3,4,0.808185024006712,0.813175354094491,0.780308763168829,0.695907788937925,38.0720000000001,NA
94,0.1,0,0,"BIDIFAC+",4,3,4,0.784928249085282,0.773300384832909,0.763365300667464,0.71684242828642,45.2440000000006,NA
95,0.1,0,0,"BIDIFAC+",4,2,3,0.768316782932264,0.766873837073686,0.760337498552312,0.698252162087275,49.7489999999998,NA
96,0.1,0,0,"BIDIFAC+",4,2,3,0.795857999358611,0.793338481850365,0.743977863247536,0.690102050731218,43.8119999999999,NA
97,0.1,0,0,"BIDIFAC+",4,2,4,0.78742681509238,0.790102367392077,0.749716486652183,0.711540770375285,46.6779999999999,NA
98,0.1,0,0,"BIDIFAC+",5,2,4,0.789797965337028,0.790483529636897,0.77434898686648,0.690357062489704,50.509,NA
99,0.1,0,0,"BIDIFAC+",5,2,3,0.779198978573114,0.775282669551954,0.790421616223145,0.681421444416785,42.5769999999993,NA
100,0.1,0,0,"BIDIFAC+",4,3,3,0.792571721069434,0.796970441637326,0.80154501458615,0.706565047948462,42.6760000000013,NA
1,0.25,0,0,"BIDIFAC+",6,4,4,0.316246594517713,0.278012415319869,0.55116758496274,0.258547878329186,130.079,NA
2,0.25,0,0,"BIDIFAC+",6,4,4,0.308255431016569,0.272116433900524,0.548905751142024,0.262291443704635,128.082999999999,NA
3,0.25,0,0,"BIDIFAC+",7,5,4,0.331007947699277,0.301050796377077,0.558038297739897,0.266516900095347,125.918,NA
4,0.25,0,0,"BIDIFAC+",6,4,4,0.335978856869742,0.296812454755604,0.578513372998052,0.26009499503488,125.938,NA
5,0.25,0,0,"BIDIFAC+",7,4,4,0.342545471769614,0.297034034015228,0.564816738367698,0.257314098980183,135.51,NA
6,0.25,0,0,"BIDIFAC+",6,4,3,0.32485547585318,0.283692443259602,0.561145836311012,0.266169088260097,126.796,NA
7,0.25,0,0,"BIDIFAC+",6,3,4,0.333869735895746,0.287461763138167,0.552091248965269,0.260083928549282,125.371999999999,NA
8,0.25,0,0,"BIDIFAC+",6,3,4,0.334423076249227,0.292079207057815,0.532512197850185,0.266662561989763,135.532999999999,NA
9,0.25,0,0,"BIDIFAC+",6,4,3,0.327314502506509,0.275795982904891,0.527039817456549,0.259118415572994,127.351000000001,NA
10,0.25,0,0,"BIDIFAC+",6,3,4,0.324612027233129,0.282270490288569,0.547338530028173,0.260064122052552,128.432000000001,NA
11,0.25,0,0,"BIDIFAC+",7,3,4,0.327234681712098,0.282861472373987,0.537085290603443,0.26166293803088,124.181,NA
12,0.25,0,0,"BIDIFAC+",6,3,3,0.339401826572693,0.29530306194203,0.584687276421656,0.264024047844446,124.696,NA
13,0.25,0,0,"BIDIFAC+",6,4,4,0.333287564958693,0.284435918100566,0.556271340987006,0.257106786178476,129.489,NA
14,0.25,0,0,"BIDIFAC+",6,4,4,0.321943140975363,0.294697790680032,0.545719210337718,0.265708308809495,122.849,NA
15,0.25,0,0,"BIDIFAC+",6,3,4,0.317374562504731,0.281651942164454,0.550620171741031,0.260319107806589,129.689999999999,NA
16,0.25,0,0,"BIDIFAC+",6,4,4,0.318379136191016,0.283189472090611,0.545206062674424,0.257143407478332,127.701999999999,NA
17,0.25,0,0,"BIDIFAC+",6,4,3,0.309263155403445,0.278495436443871,0.551387747154522,0.262780404300006,125.669,NA
18,0.25,0,0,"BIDIFAC+",6,4,4,0.317765513868377,0.280403448094659,0.551063819266811,0.260256585824788,121.518,NA
19,0.25,0,0,"BIDIFAC+",6,4,4,0.316460366562354,0.276649269418369,0.554545801368778,0.261199518993062,121.513999999999,NA
20,0.25,0,0,"BIDIFAC+",6,4,3,0.313250653508503,0.280791239382972,0.543641844782961,0.266304109436746,123.75,NA
21,0.25,0,0,"BIDIFAC+",6,4,3,0.318556180255125,0.279435123373665,0.530381122609228,0.259978445420558,125.748000000001,NA
22,0.25,0,0,"BIDIFAC+",6,4,4,0.346541231432853,0.299450344325637,0.56255889120017,0.270058866188084,135.592999999999,NA
23,0.25,0,0,"BIDIFAC+",6,4,4,0.311474974339944,0.28967899114698,0.55116657960082,0.265780967527443,125.291999999999,NA
24,0.25,0,0,"BIDIFAC+",6,4,4,0.305328599414595,0.279635987620918,0.563880782531086,0.268211345158831,123.357,NA
25,0.25,0,0,"BIDIFAC+",6,4,4,0.338073537452668,0.295631087306034,0.559779445419911,0.261874729898755,126.91,NA
26,0.25,0,0,"BIDIFAC+",6,4,4,0.328230161266376,0.289463020582746,0.574349978945174,0.262030691023121,120.367,NA
27,0.25,0,0,"BIDIFAC+",6,4,4,0.332691486577362,0.290983114198705,0.551564403899132,0.266947384889141,129.221,NA
28,0.25,0,0,"BIDIFAC+",6,4,4,0.312311939181661,0.281131990080187,0.573026380711764,0.261368825337219,129.34,NA
29,0.25,0,0,"BIDIFAC+",6,3,3,0.2986493586137,0.283184312913119,0.546354164121726,0.26326803261814,123.079,NA
30,0.25,0,0,"BIDIFAC+",6,4,4,0.31495980554112,0.2933447256785,0.539443390152857,0.263373682735638,123.537,NA
31,0.25,0,0,"BIDIFAC+",6,5,3,0.299082888297302,0.277887063674856,0.566725630153336,0.265504540034061,126.098,NA
32,0.25,0,0,"BIDIFAC+",6,3,3,0.315940445684691,0.285925550526452,0.559458396173505,0.266698999300104,128.847,NA
33,0.25,0,0,"BIDIFAC+",6,4,4,0.317048143692513,0.285160470858336,0.532803548639078,0.265562497717552,123.184000000001,NA
34,0.25,0,0,"BIDIFAC+",6,4,3,0.341629935267639,0.301269961870781,0.584495301604211,0.261375633309968,126.323999999999,NA
35,0.25,0,0,"BIDIFAC+",6,4,4,0.340321936465566,0.294580419107492,0.563549038461818,0.268726271800712,122.9,NA
36,0.25,0,0,"BIDIFAC+",6,4,4,0.317569764397725,0.285229911635501,0.576029178790459,0.262736100025886,128.255999999999,NA
37,0.25,0,0,"BIDIFAC+",6,4,4,0.314291784377199,0.281362755607602,0.558633728618805,0.265405768856711,130.029999999999,NA
38,0.25,0,0,"BIDIFAC+",6,5,4,0.312744841170702,0.289519513252793,0.578519219611034,0.265286922325129,126.939,NA
39,0.25,0,0,"BIDIFAC+",6,3,4,0.31955447202971,0.285176260852902,0.559635708621457,0.261562940134674,128.413,NA
40,0.25,0,0,"BIDIFAC+",6,4,3,0.325801266952693,0.288925438065748,0.543129385400464,0.266833523715287,130.668,NA
41,0.25,0,0,"BIDIFAC+",7,4,3,0.325842386281682,0.27430430093078,0.55121000847159,0.258652072646519,123.325000000001,NA
42,0.25,0,0,"BIDIFAC+",6,3,4,0.309527589948501,0.278970075756413,0.567528952379586,0.261501181664517,125.005999999999,NA
43,0.25,0,0,"BIDIFAC+",6,3,4,0.307094949141075,0.275886988502715,0.54387209674292,0.258463553164786,125.796,NA
44,0.25,0,0,"BIDIFAC+",6,4,4,0.337946752990627,0.308240108858303,0.579988496119843,0.262210211500952,126.556,NA
45,0.25,0,0,"BIDIFAC+",7,4,4,0.314307757724988,0.273141930449013,0.534932593321992,0.261456220479959,119.118,NA
46,0.25,0,0,"BIDIFAC+",6,4,3,0.310717470323591,0.286714496359913,0.557305093467679,0.264331552965102,126.540000000001,NA
47,0.25,0,0,"BIDIFAC+",6,5,4,0.293010026545729,0.26999706294505,0.528782350129849,0.261022203890456,122.005999999999,NA
48,0.25,0,0,"BIDIFAC+",6,4,4,0.309749978127532,0.281615847885596,0.554612301488552,0.272164945317544,124.25,NA
49,0.25,0,0,"BIDIFAC+",6,4,4,0.305348948949996,0.284758126928194,0.55823793386005,0.264645764189461,126.154,NA
50,0.25,0,0,"BIDIFAC+",7,5,4,0.325082855167882,0.282178157981163,0.560051594127417,0.259542788533777,132.512000000001,NA
51,0.25,0,0,"BIDIFAC+",6,4,4,0.34560623967748,0.300508575673948,0.542740401388413,0.259893872192759,125.977000000001,NA
52,0.25,0,0,"BIDIFAC+",6,5,4,0.318889270912331,0.28985548312715,0.542257439279484,0.263715193323528,129.360999999999,NA
53,0.25,0,0,"BIDIFAC+",6,4,4,0.327289883624081,0.284703782430433,0.551379412984677,0.27240174411908,126.716,NA
54,0.25,0,0,"BIDIFAC+",6,4,4,0.341036893353289,0.282217780472749,0.55975722099782,0.2648937080754,125.429,NA
55,0.25,0,0,"BIDIFAC+",7,4,4,0.32626797886593,0.281807957854618,0.550968249970947,0.267375936532799,130.562999999998,NA
56,0.25,0,0,"BIDIFAC+",6,4,4,0.325893288522496,0.29289464460314,0.569738741198651,0.259177244429678,123.012000000001,NA
57,0.25,0,0,"BIDIFAC+",6,5,4,0.297669459706698,0.281623991023849,0.544913619284107,0.260868582569521,121.787999999999,NA
58,0.25,0,0,"BIDIFAC+",6,4,5,0.320319841182552,0.28467940627386,0.542357294833125,0.266882628705586,122.050999999999,NA
59,0.25,0,0,"BIDIFAC+",6,4,4,0.322880806640297,0.299968440215542,0.565882807065753,0.261891436331153,121.808000000001,NA
60,0.25,0,0,"BIDIFAC+",7,4,4,0.336977810104398,0.290911980142755,0.549641856512587,0.266009270748104,122.989,NA
61,0.25,0,0,"BIDIFAC+",6,4,4,0.323496637863873,0.286850817486835,0.536509563391404,0.259058880215916,124.308000000001,NA
62,0.25,0,0,"BIDIFAC+",6,4,4,0.342070003264038,0.298501005566629,0.554383512459745,0.262489880476141,125.385,NA
63,0.25,0,0,"BIDIFAC+",6,3,5,0.341750710962174,0.29353399530734,0.560910058219528,0.259576250304548,130.255000000001,NA
64,0.25,0,0,"BIDIFAC+",6,5,4,0.320987471719614,0.287807569839802,0.560496371544749,0.26206592877898,126.977000000001,NA
65,0.25,0,0,"BIDIFAC+",6,4,4,0.304556449471905,0.281650113311202,0.563959273402371,0.2575861925673,120.528,NA
66,0.25,0,0,"BIDIFAC+",6,4,4,0.315875418990295,0.291147309270796,0.564112233541085,0.257677823147917,123.188,NA
67,0.25,0,0,"BIDIFAC+",6,4,4,0.313501455319879,0.28572067472585,0.537634353257491,0.265172605739583,125.339,NA
68,0.25,0,0,"BIDIFAC+",6,4,4,0.319598558383793,0.27950428455184,0.571210090140977,0.266008244099815,125.648999999999,NA
69,0.25,0,0,"BIDIFAC+",6,3,3,0.297824540467291,0.284859780324525,0.550643250379498,0.265853386295323,138.287999999999,NA
70,0.25,0,0,"BIDIFAC+",6,4,4,0.33190967096575,0.286598830181089,0.570184724036827,0.263626624836632,124.784000000001,NA
71,0.25,0,0,"BIDIFAC+",6,4,4,0.310676855623524,0.288870364399277,0.55614987725092,0.257801167643763,123.055,NA
72,0.25,0,0,"BIDIFAC+",6,4,4,0.305605741218042,0.283052104475349,0.530280930997335,0.270729146516995,122.346000000001,NA
73,0.25,0,0,"BIDIFAC+",6,4,4,0.313520649190977,0.284123898003826,0.534323044476381,0.262902373939904,121.398999999999,NA
74,0.25,0,0,"BIDIFAC+",6,5,4,0.349759947482857,0.304186330304183,0.566251974214346,0.263804219401969,128.923999999999,NA
75,0.25,0,0,"BIDIFAC+",6,4,4,0.326763926450619,0.286141767108542,0.560006612199056,0.26469116666265,126.504999999999,NA
76,0.25,0,0,"BIDIFAC+",6,4,4,0.343961474440258,0.314639542396757,0.56459108860182,0.258486811848005,126.179,NA
77,0.25,0,0,"BIDIFAC+",6,4,4,0.323983373790879,0.292368652687451,0.550196794648298,0.257999925039319,125.334000000001,NA
78,0.25,0,0,"BIDIFAC+",6,4,3,0.303635536194509,0.280588188559634,0.522768558711383,0.265354076144046,127.825000000001,NA
79,0.25,0,0,"BIDIFAC+",6,4,3,0.32945721626862,0.285716365187513,0.54575592108191,0.262820874132287,126.148999999999,NA
80,0.25,0,0,"BIDIFAC+",6,5,4,0.301810970092898,0.281037352758164,0.530010467109028,0.262949264377975,126.75,NA
81,0.25,0,0,"BIDIFAC+",7,4,3,0.305376375006622,0.283656135547044,0.550752569713591,0.259228668080396,128.311,NA
82,0.25,0,0,"BIDIFAC+",6,5,4,0.318778827394491,0.294436270785019,0.545162563503179,0.264673356682244,127.143,NA
83,0.25,0,0,"BIDIFAC+",6,4,4,0.313297806555418,0.281008632887934,0.540902988322206,0.267093571725917,129.599999999999,NA
84,0.25,0,0,"BIDIFAC+",6,4,4,0.322794157182289,0.295034786918658,0.562348766885337,0.263983294835698,128.308000000001,NA
85,0.25,0,0,"BIDIFAC+",6,3,4,0.344548040258662,0.282516426353838,0.567244365533629,0.260873205131356,123.409,NA
86,0.25,0,0,"BIDIFAC+",7,4,4,0.337938882787185,0.296997766277405,0.548598537472339,0.26345062654441,128.839000000002,NA
87,0.25,0,0,"BIDIFAC+",6,4,4,0.352223643158731,0.297762071597474,0.55516057595471,0.266267350417914,127.291999999999,NA
88,0.25,0,0,"BIDIFAC+",6,3,4,0.309182459207844,0.286842321114295,0.554370052062346,0.253827302677964,125.355,NA
89,0.25,0,0,"BIDIFAC+",6,4,3,0.321032368636224,0.289221220895657,0.536511116966134,0.257514042603134,127.225,NA
90,0.25,0,0,"BIDIFAC+",6,3,3,0.297936224085951,0.275430481419145,0.553257261592044,0.262178851912412,122.592000000001,NA
91,0.25,0,0,"BIDIFAC+",6,3,3,0.30868666062648,0.285442573765553,0.537406694717174,0.257323712065027,126.069,NA
92,0.25,0,0,"BIDIFAC+",6,5,4,0.340755547587328,0.303329183210598,0.562895943257937,0.269147787661121,127.251,NA
93,0.25,0,0,"BIDIFAC+",6,4,4,0.348995034647803,0.296840627773633,0.558205723298063,0.258883185709753,126.662999999999,NA
94,0.25,0,0,"BIDIFAC+",6,4,3,0.302679363725253,0.273744294497953,0.56431827624213,0.268230601992139,122.637999999999,NA
95,0.25,0,0,"BIDIFAC+",6,4,3,0.342463375828746,0.28486397720975,0.555773635714603,0.261721032207902,129.097,NA
96,0.25,0,0,"BIDIFAC+",6,4,4,0.337855919418009,0.290921922121236,0.552443631466107,0.265840574298781,122.833999999999,NA
97,0.25,0,0,"BIDIFAC+",6,4,4,0.317155241237743,0.277950734427584,0.544355055595253,0.257978694692149,126.441000000001,NA
98,0.25,0,0,"BIDIFAC+",6,4,4,0.329149470202319,0.310555118039177,0.542142319236279,0.261811776773914,135.306,NA
99,0.25,0,0,"BIDIFAC+",6,4,4,0.334506112907168,0.293568920200273,0.555486100961264,0.26641055467897,131.083000000001,NA
100,0.25,0,0,"BIDIFAC+",6,4,3,0.303832210974323,0.284104820699907,0.547240037080358,0.259800758869662,124.412,NA
1,0.5,0,0,"BIDIFAC+",6,4,4,0.266210842857267,0.196168176161361,0.532790938789557,0.152526193421702,251.299999999997,NA
2,0.5,0,0,"BIDIFAC+",6,4,4,0.258647394779143,0.18714660407698,0.503060911818765,0.151258279566715,249.205999999998,NA
3,0.5,0,0,"BIDIFAC+",7,4,4,0.255598787531849,0.18483376626987,0.506954298738834,0.15142279431201,243.722000000002,NA
4,0.5,0,0,"BIDIFAC+",7,4,5,0.277116654330947,0.195789617101844,0.52745643222104,0.150082710428656,249.921999999999,NA
5,0.5,0,0,"BIDIFAC+",6,5,4,0.263199322130575,0.194099346556161,0.508511164779598,0.152172690940746,247.396999999999,NA
6,0.5,0,0,"BIDIFAC+",6,4,4,0.271352070571959,0.194340487265295,0.529764102056259,0.151518940155884,249.855,NA
7,0.5,0,0,"BIDIFAC+",6,5,4,0.26221228633151,0.192692241932335,0.516317841726827,0.151420550197508,251.556999999999,NA
8,0.5,0,0,"BIDIFAC+",6,5,4,0.254111819399435,0.188099976700177,0.512674976716914,0.151462819550288,248.734999999999,NA
9,0.5,0,0,"BIDIFAC+",6,5,4,0.275047425350638,0.197273820094755,0.513584921617732,0.151407786778523,247.842999999999,NA
10,0.5,0,0,"BIDIFAC+",6,4,4,0.281869043690399,0.198728751802229,0.533645117521698,0.153224726173176,251.921,NA
11,0.5,0,0,"BIDIFAC+",6,4,3,0.247758904923894,0.187340791557789,0.51605727549461,0.152009923091642,248.311,NA
12,0.5,0,0,"BIDIFAC+",6,4,4,0.266050112881988,0.190548858333882,0.530738939217626,0.153552856852025,242.929,NA
13,0.5,0,0,"BIDIFAC+",6,4,3,0.259958634669576,0.195666546346554,0.519993434913905,0.151523852734447,253.234000000002,NA
14,0.5,0,0,"BIDIFAC+",6,5,4,0.258359726890805,0.191066429345816,0.501715746942564,0.151657476923912,257.245000000001,NA
15,0.5,0,0,"BIDIFAC+",6,4,3,0.253863664353074,0.189406869640574,0.513500651005286,0.152026241966179,251.545000000002,NA
16,0.5,0,0,"BIDIFAC+",6,5,3,0.256855901477123,0.191367975809122,0.517491302767674,0.150314260084546,250.983,NA
17,0.5,0,0,"BIDIFAC+",7,4,4,0.263700856614628,0.197921805103294,0.510282298530315,0.152480484415296,245.826999999999,NA
18,0.5,0,0,"BIDIFAC+",7,5,4,0.263223338754444,0.193327833954704,0.512755474712233,0.150289023375864,253.204,NA
19,0.5,0,0,"BIDIFAC+",6,4,3,0.254530664361278,0.187634036484725,0.516064952149239,0.151837322557257,256.303000000002,NA
20,0.5,0,0,"BIDIFAC+",6,5,4,0.26409785004867,0.198244372193582,0.531261482291107,0.151701077095693,251.374999999998,NA
21,0.5,0,0,"BIDIFAC+",6,4,4,0.274413571214258,0.195199457156724,0.519184833946527,0.149733034304368,247.918000000001,NA
22,0.5,0,0,"BIDIFAC+",6,5,4,0.279672433765196,0.198975093096077,0.534358527465044,0.151539293620325,250.011,NA
23,0.5,0,0,"BIDIFAC+",6,4,4,0.27145859642488,0.193677966856273,0.51862925517726,0.152527651072067,264.931,NA
24,0.5,0,0,"BIDIFAC+",6,4,3,0.26375024608644,0.194972658868161,0.527512317428357,0.149439306725896,254.965999999999,NA
25,0.5,0,0,"BIDIFAC+",6,4,4,0.270511633529421,0.194204246400632,0.530428481109499,0.150147637919303,264.758999999998,NA
26,0.5,0,0,"BIDIFAC+",6,4,4,0.263552558244477,0.188754361979193,0.500961911239687,0.151079672480607,246.571,NA
27,0.5,0,0,"BIDIFAC+",6,4,4,0.274434203173228,0.196627907262125,0.506458409107312,0.150989667862985,252.249,NA
28,0.5,0,0,"BIDIFAC+",6,5,4,0.248853207042451,0.185787245314693,0.502977809637079,0.15083077476329,252.23,NA
29,0.5,0,0,"BIDIFAC+",6,4,4,0.280116065316096,0.195581738439829,0.517168314617666,0.149762725584264,247.002,NA
30,0.5,0,0,"BIDIFAC+",6,4,3,0.257773666651817,0.190564534423974,0.511915083606938,0.150501914387464,252.296999999999,NA
31,0.5,0,0,"BIDIFAC+",7,4,4,0.259902167675463,0.19218266590322,0.513569376788861,0.151574069911316,257.037,NA
32,0.5,0,0,"BIDIFAC+",6,4,4,0.25796815489822,0.188494014576569,0.503864159121984,0.151220403403981,252.521999999997,NA
33,0.5,0,0,"BIDIFAC+",6,4,3,0.276231489048246,0.198631806205628,0.535028414007517,0.152122308867414,252.339,NA
34,0.5,0,0,"BIDIFAC+",6,5,4,0.279372391321583,0.19730290219542,0.528876116988743,0.150201343770514,254.985999999997,NA
35,0.5,0,0,"BIDIFAC+",6,5,4,0.263764145797117,0.196193834873259,0.519118022357198,0.149942948801141,253.59,NA
36,0.5,0,0,"BIDIFAC+",6,4,4,0.265528586929783,0.191996971822919,0.515714557058272,0.151549405912407,251.544000000002,NA
37,0.5,0,0,"BIDIFAC+",6,4,3,0.251752895545448,0.18910916444257,0.508167048670127,0.153339403973601,251.028000000002,NA
38,0.5,0,0,"BIDIFAC+",7,4,3,0.262416690214282,0.190821294999555,0.520243967200536,0.150746690369484,246.192000000003,NA
39,0.5,0,0,"BIDIFAC+",6,4,4,0.265754290236323,0.194775124033404,0.516354168279394,0.151791192538243,248.022000000001,NA
40,0.5,0,0,"BIDIFAC+",6,5,3,0.260032143448787,0.192742123944751,0.526891361291815,0.152297844341856,250.919000000002,NA
41,0.5,0,0,"BIDIFAC+",7,4,4,0.269422960380168,0.190216723340698,0.510607219532541,0.152359482811301,253.920000000002,NA
42,0.5,0,0,"BIDIFAC+",6,5,4,0.27119292517195,0.191962300599446,0.518151780341866,0.149997969493066,249.434000000001,NA
43,0.5,0,0,"BIDIFAC+",7,4,4,0.275176508262002,0.191970880232224,0.525567507003016,0.151270971257779,250.845999999998,NA
44,0.5,0,0,"BIDIFAC+",6,5,4,0.255764521053121,0.187643890161003,0.511274037478513,0.150362733196642,256.894,NA
45,0.5,0,0,"BIDIFAC+",6,4,4,0.262138967751746,0.193020174551323,0.513034792750825,0.15205941179628,254.733,NA
46,0.5,0,0,"BIDIFAC+",6,5,4,0.26652613994469,0.196105352235733,0.520261837087807,0.152274584456138,246.700000000001,NA
47,0.5,0,0,"BIDIFAC+",6,4,4,0.267310294378273,0.191756254204499,0.518094710978882,0.153166494141203,261.179,NA
48,0.5,0,0,"BIDIFAC+",6,4,3,0.264656125852957,0.19276291658323,0.518927292747801,0.149762434964457,252.682999999997,NA
49,0.5,0,0,"BIDIFAC+",6,4,4,0.276350367618602,0.19716816515909,0.527317826308871,0.150217898418844,267.613000000001,NA
50,0.5,0,0,"BIDIFAC+",6,5,4,0.274281346275806,0.199930909794259,0.524233884006211,0.15091782921892,265.032999999999,NA
51,0.5,0,0,"BIDIFAC+",6,4,4,0.270869617828984,0.196868063539385,0.516743728688993,0.149928693400235,247.498,NA
52,0.5,0,0,"BIDIFAC+",6,5,4,0.272711593102154,0.193972149901984,0.528188656917473,0.151864132606729,247.113000000001,NA
53,0.5,0,0,"BIDIFAC+",6,4,4,0.288532100048729,0.202034829537085,0.544407977253187,0.14977786863425,250.556999999997,NA
54,0.5,0,0,"BIDIFAC+",6,4,4,0.280600402388337,0.194591323537118,0.52602773559453,0.150296252825662,249.043999999998,NA
55,0.5,0,0,"BIDIFAC+",6,4,3,0.287967764136657,0.200288268699303,0.533776685122348,0.151431221841588,256.259999999998,NA
56,0.5,0,0,"BIDIFAC+",6,4,4,0.264916681886419,0.191793385063664,0.513215342239269,0.151150832785911,251.537,NA
57,0.5,0,0,"BIDIFAC+",6,4,4,0.261381228539441,0.188503016228595,0.509847707966048,0.153093588632307,252.720000000001,NA
58,0.5,0,0,"BIDIFAC+",6,4,3,0.255326255595509,0.188220400302734,0.522944975718046,0.151679698691319,249.133000000002,NA
59,0.5,0,0,"BIDIFAC+",6,5,4,0.257001115248975,0.193810040161868,0.515150980706185,0.151074938433942,249.993999999999,NA
60,0.5,0,0,"BIDIFAC+",7,5,4,0.270039440790406,0.194750634811063,0.51252267790763,0.149558442079587,253.971999999998,NA
61,0.5,0,0,"BIDIFAC+",6,4,3,0.274107712417884,0.193236247558672,0.523812278724652,0.151566293570348,253.606,NA
62,0.5,0,0,"BIDIFAC+",6,4,3,0.265113891753153,0.192542032059833,0.529337988822028,0.150932797837478,245.596000000001,NA
63,0.5,0,0,"BIDIFAC+",6,4,4,0.25633143642649,0.18826578110696,0.507571905638632,0.151098990019619,248.030000000002,NA
64,0.5,0,0,"BIDIFAC+",6,4,4,0.274053488305203,0.198052185724826,0.520460249456206,0.151650015195965,245.928,NA
65,0.5,0,0,"BIDIFAC+",6,5,4,0.255402843086269,0.190034096198837,0.507731565263047,0.149993917075046,247.169000000002,NA
66,0.5,0,0,"BIDIFAC+",6,5,4,0.265472166832874,0.195886921146575,0.521014650996152,0.150314945529412,249.826000000001,NA
67,0.5,0,0,"BIDIFAC+",6,5,4,0.254683872161631,0.190004803397695,0.502557722840659,0.151568639996988,252.672000000002,NA
68,0.5,0,0,"BIDIFAC+",6,5,3,0.254353169393559,0.196345451854484,0.515892984974328,0.15091771233792,248.147999999997,NA
69,0.5,0,0,"BIDIFAC+",6,4,4,0.280357278991066,0.199119983847652,0.530335318088536,0.151396678796091,253.349999999999,NA
70,0.5,0,0,"BIDIFAC+",6,4,4,0.284735974861832,0.198402767169434,0.524289307891625,0.151589797011358,254.784,NA
71,0.5,0,0,"BIDIFAC+",6,4,3,0.252691491356179,0.18642451707443,0.510648326413253,0.150979685338533,255.082999999999,NA
72,0.5,0,0,"BIDIFAC+",6,5,3,0.244496785428444,0.183894915807325,0.496112116330482,0.149204312206677,265.496999999999,NA
73,0.5,0,0,"BIDIFAC+",6,5,4,0.251313605487407,0.189628170916266,0.529912455283711,0.153254049636942,250.327000000001,NA
74,0.5,0,0,"BIDIFAC+",6,4,3,0.256429367791007,0.187531544279686,0.506590402930734,0.151846403043038,256.128000000001,NA
75,0.5,0,0,"BIDIFAC+",6,5,4,0.253997045217295,0.185902151772151,0.509976872985059,0.150545427635328,258.199000000001,NA
76,0.5,0,0,"BIDIFAC+",6,4,4,0.278741732419709,0.193921018591846,0.52412885438118,0.150907493230538,254.297000000002,NA
77,0.5,0,0,"BIDIFAC+",7,5,3,0.257855473928863,0.190517700814316,0.516798111795921,0.151542131073193,246.853999999999,NA
78,0.5,0,0,"BIDIFAC+",6,4,3,0.259322288874218,0.197361027696637,0.519363039983343,0.152097270877095,246.82,NA
79,0.5,0,0,"BIDIFAC+",6,5,4,0.258607116504005,0.192443293952941,0.507868878267952,0.151282970064859,255.187999999998,NA
80,0.5,0,0,"BIDIFAC+",6,4,3,0.288387286800614,0.196817038374191,0.533367693663211,0.15122846704162,247.174000000003,NA
81,0.5,0,0,"BIDIFAC+",6,5,4,0.257636432242886,0.193417398490211,0.523418160918377,0.15033411656564,249.450000000001,NA
82,0.5,0,0,"BIDIFAC+",6,4,3,0.254903384223519,0.192530357522897,0.516970802521448,0.151419832691576,247.724000000002,NA
83,0.5,0,0,"BIDIFAC+",7,4,3,0.272371103170801,0.197997396551996,0.528028034763795,0.152385221734531,254.600999999999,NA
84,0.5,0,0,"BIDIFAC+",6,4,4,0.260871910283049,0.191702802642379,0.511009860459615,0.151617070743991,249.001,NA
85,0.5,0,0,"BIDIFAC+",6,4,4,0.281633827875065,0.192637249031871,0.528762104802924,0.150328592423341,251.216999999997,NA
86,0.5,0,0,"BIDIFAC+",6,5,4,0.248445349820714,0.188610199611345,0.492697431205369,0.151898181666103,246.267,NA
87,0.5,0,0,"BIDIFAC+",6,4,4,0.269514040235678,0.193655491014986,0.517580977533018,0.150347722804983,250.314999999999,NA
88,0.5,0,0,"BIDIFAC+",6,5,4,0.26012896991525,0.19080139215695,0.516709329638622,0.152308483543366,247.366999999998,NA
89,0.5,0,0,"BIDIFAC+",6,4,3,0.256948956413739,0.192478974974471,0.527456905959626,0.149117286829167,260.142000000003,NA
90,0.5,0,0,"BIDIFAC+",6,3,3,0.247207738594571,0.185094067528714,0.50451181765855,0.150259768542737,257.295999999998,NA
91,0.5,0,0,"BIDIFAC+",6,4,4,0.270171517589865,0.196458945018093,0.525828672505966,0.15195653138599,257.958000000002,NA
92,0.5,0,0,"BIDIFAC+",6,4,3,0.280317991515943,0.197117662011164,0.530449657619414,0.152083521723827,254.582999999999,NA
93,0.5,0,0,"BIDIFAC+",6,4,4,0.278841970669486,0.193401472220355,0.524536225986275,0.152109320551371,249.860000000001,NA
94,0.5,0,0,"BIDIFAC+",6,4,3,0.256157126991315,0.193200347498022,0.514857103587977,0.151262253857061,250.246000000003,NA
95,0.5,0,0,"BIDIFAC+",6,5,3,0.245610215723214,0.189030477425488,0.49578745529777,0.150732667528079,252.631999999998,NA
96,0.5,0,0,"BIDIFAC+",6,4,4,0.268629242838999,0.196625611515209,0.525862034898763,0.149917684686592,251.717000000001,NA
97,0.5,0,0,"BIDIFAC+",6,4,4,0.273369497566179,0.19538240470935,0.534055038091513,0.151807326822871,246.403999999999,NA
98,0.5,0,0,"BIDIFAC+",6,4,4,0.260557428455099,0.196923601434873,0.518666549404145,0.151443538539771,268.789999999997,NA
99,0.5,0,0,"BIDIFAC+",6,4,4,0.266510944614366,0.194023486243496,0.513259905975645,0.15203396237091,258.703000000001,NA
100,0.5,0,0,"BIDIFAC+",7,4,4,0.283681660834095,0.194915244369662,0.520401949461463,0.150323214751773,272.560999999998,NA
1,1,0,0,"BIDIFAC+",6,4,4,0.318500257053504,0.201831935746684,0.524740315182129,0.117384952460819,509.797999999999,NA
2,1,0,0,"BIDIFAC+",6,4,4,0.30850043506793,0.199684775091161,0.517172991130492,0.11829123198176,502.874,NA
3,1,0,0,"BIDIFAC+",6,5,4,0.315194677356825,0.202486489880821,0.527070474411695,0.118011882678367,508.116000000002,NA
4,1,0,0,"BIDIFAC+",6,4,3,0.315830036808365,0.200797725018198,0.526559171804046,0.117941115020786,497.672999999999,NA
5,1,0,0,"BIDIFAC+",6,4,4,0.307915561444314,0.201060864519721,0.530529377061159,0.117818690324174,508.992000000002,NA
6,1,0,0,"BIDIFAC+",6,4,3,0.309229159214092,0.201225919408538,0.522245877315869,0.118324899860606,509.303,NA
7,1,0,0,"BIDIFAC+",6,4,4,0.31174989038282,0.200808554658686,0.523097536420218,0.11828494810371,502.805,NA
8,1,0,0,"BIDIFAC+",6,4,3,0.312963665390213,0.198218252390883,0.518199867368314,0.117835663867536,507.762000000002,NA
9,1,0,0,"BIDIFAC+",6,5,4,0.303648162185225,0.19936575377199,0.514668618036019,0.117462485968357,499.477999999999,NA
10,1,0,0,"BIDIFAC+",7,5,4,0.306968063491533,0.1988212068139,0.51743819386261,0.117998027604711,503.954999999998,NA
11,1,0,0,"BIDIFAC+",6,4,4,0.315409112198971,0.201014460526409,0.522132982929897,0.117753818141122,516.655999999999,NA
12,1,0,0,"BIDIFAC+",6,5,4,0.310807118725201,0.198901776979524,0.524331423257649,0.117949896945893,505.954999999998,NA
13,1,0,0,"BIDIFAC+",6,4,4,0.314372644241797,0.202834516336222,0.526893983439534,0.117350016730002,503.306999999997,NA
14,1,0,0,"BIDIFAC+",6,4,4,0.317198795444288,0.199722005709323,0.530860503899259,0.118489664457008,507.386000000002,NA
15,1,0,0,"BIDIFAC+",6,4,4,0.306958751126804,0.200754881143725,0.520102901018902,0.117630368788744,495.515000000003,NA
16,1,0,0,"BIDIFAC+",7,4,3,0.3074712282775,0.202715137304083,0.524133048376461,0.117642410971467,498.720999999998,NA
17,1,0,0,"BIDIFAC+",6,5,4,0.312462961164518,0.197971900645377,0.512523489072156,0.118138238052551,509.679,NA
18,1,0,0,"BIDIFAC+",6,4,4,0.312418036806987,0.200250484268604,0.522944729257146,0.118723867370451,502.967000000001,NA
19,1,0,0,"BIDIFAC+",6,4,4,0.317274605381821,0.198809021255165,0.524239017192717,0.118076255020549,504.190999999999,NA
20,1,0,0,"BIDIFAC+",6,5,4,0.30943278483836,0.200515760554,0.517753195267528,0.118100456144807,502.459999999999,NA
21,1,0,0,"BIDIFAC+",6,4,4,0.321804306177115,0.201767812396974,0.525273634300672,0.118272472693658,507.276000000002,NA
22,1,0,0,"BIDIFAC+",7,5,4,0.312669753433901,0.202714152059676,0.529057337461512,0.118169174590434,495.990999999998,NA
23,1,0,0,"BIDIFAC+",6,4,4,0.313775030181605,0.201586356585119,0.52596660444932,0.11819387909699,516.688999999998,NA
24,1,0,0,"BIDIFAC+",6,5,4,0.307970232930933,0.198805583513005,0.522697611377338,0.117883813665221,529.132999999998,NA
25,1,0,0,"BIDIFAC+",6,4,4,0.319356164331163,0.200872240493623,0.530033779173022,0.117838788207106,506.293999999998,NA
26,1,0,0,"BIDIFAC+",6,4,4,0.313019339844449,0.20268419713889,0.52699780495844,0.11853039309675,466.127,NA
27,1,0,0,"BIDIFAC+",6,4,3,0.318406659849115,0.203133232400488,0.526386350480567,0.118631386068196,486.049999999999,NA
28,1,0,0,"BIDIFAC+",6,5,4,0.309928557743734,0.200573758643254,0.524517648016547,0.118210977400395,467.707999999999,NA
29,1,0,0,"BIDIFAC+",6,4,4,0.310371423788768,0.202098620437123,0.521602112705428,0.118156057132773,469.549999999999,NA
30,1,0,0,"BIDIFAC+",6,4,4,0.323701162975669,0.203767366668837,0.537041672206689,0.118550627038927,486.296999999999,NA
31,1,0,0,"BIDIFAC+",7,5,3,0.309552733752045,0.198315932380688,0.519520796151196,0.11794441791593,484.827000000001,NA
32,1,0,0,"BIDIFAC+",6,4,3,0.311569717206134,0.203277700895319,0.523852219446376,0.118423292148658,472.833000000002,NA
33,1,0,0,"BIDIFAC+",6,4,4,0.314296998840582,0.200580381498001,0.523749953629631,0.118064655748819,455.088,NA
34,1,0,0,"BIDIFAC+",6,4,4,0.319832606355759,0.203508705526213,0.529335452531786,0.117797264084218,497.267,NA
35,1,0,0,"BIDIFAC+",7,4,4,0.312290382464561,0.201923516277634,0.519193360406287,0.117476691210521,477.428999999996,NA
36,1,0,0,"BIDIFAC+",6,5,4,0.316890405614426,0.204756331059414,0.527628332384586,0.118249043950321,447.291999999998,NA
37,1,0,0,"BIDIFAC+",6,4,4,0.312142933731441,0.199820948368419,0.521054522686805,0.118208270153,479.023000000001,NA
38,1,0,0,"BIDIFAC+",6,4,4,0.310726209381959,0.200922909460572,0.525083592995564,0.117346263999048,492.395,NA
39,1,0,0,"BIDIFAC+",6,5,4,0.31893813305933,0.201558076387997,0.525734164147518,0.11787805492603,500.394999999997,NA
40,1,0,0,"BIDIFAC+",6,5,4,0.311041002389579,0.203656518771895,0.528523037596765,0.11822104764493,482.115000000002,NA
41,1,0,0,"BIDIFAC+",7,4,4,0.31146140262238,0.199950619698061,0.531075656887257,0.11832658341916,477.643,NA
42,1,0,0,"BIDIFAC+",6,5,4,0.320409771246919,0.20496386865042,0.533270245420637,0.118032736778363,439.579000000002,NA
43,1,0,0,"BIDIFAC+",7,5,4,0.310278484480639,0.202662455755641,0.522748625170187,0.11828065423249,468.391,NA
44,1,0,0,"BIDIFAC+",6,4,3,0.310008361289131,0.203277846811864,0.522668197498621,0.117376194159816,506.625,NA
45,1,0,0,"BIDIFAC+",6,4,4,0.317727082823529,0.201859329860361,0.522619883336643,0.118391619539995,474.722000000002,NA
46,1,0,0,"BIDIFAC+",7,4,4,0.308432442099688,0.20095047602561,0.516629990923652,0.118397093581482,479.694,NA
47,1,0,0,"BIDIFAC+",6,4,4,0.309579714008081,0.200656678862476,0.523792988396549,0.118151690148285,429.919000000002,NA
48,1,0,0,"BIDIFAC+",6,5,4,0.313272623254138,0.203504889798109,0.529188442381212,0.117971314073389,472.457999999999,NA
49,1,0,0,"BIDIFAC+",6,5,4,0.317258578536579,0.20196373257494,0.531483679253333,0.117875726879037,477.356,NA
50,1,0,0,"BIDIFAC+",6,4,4,0.317462689114855,0.203313757572119,0.531110111113594,0.118268224847898,502.323,NA
51,1,0,0,"BIDIFAC+",7,4,3,0.311887418706545,0.203486273413726,0.524400621145692,0.11781124579062,457.271999999997,NA
52,1,0,0,"BIDIFAC+",7,4,4,0.308779525475254,0.202927617180397,0.528383638751813,0.118374383491364,462.863999999998,NA
53,1,0,0,"BIDIFAC+",6,4,3,0.316145798650108,0.200470454929381,0.524118583992691,0.117884031406338,461.205999999998,NA
54,1,0,0,"BIDIFAC+",6,5,4,0.309961799671365,0.200571456171756,0.521961359509751,0.118437800067226,485.742999999999,NA
55,1,0,0,"BIDIFAC+",6,4,3,0.317557050457134,0.201192087038456,0.520724250834795,0.118160549215986,461.839,NA
56,1,0,0,"BIDIFAC+",7,4,3,0.308970266133273,0.197672331473618,0.515930345228967,0.118269476568466,468.285,NA
57,1,0,0,"BIDIFAC+",6,4,4,0.31079249988452,0.202491570484021,0.526988138913234,0.117542009427574,439.701000000001,NA
58,1,0,0,"BIDIFAC+",6,4,4,0.325846331722306,0.202823859952632,0.538067494237702,0.118027926906871,456.450000000001,NA
59,1,0,0,"BIDIFAC+",6,4,4,0.329249645712868,0.206857638009274,0.535812056684454,0.117890662635699,472.249,NA
60,1,0,0,"BIDIFAC+",6,5,5,0.307118808407587,0.201260384305338,0.520146145894888,0.118041886601838,482.807000000001,NA
61,1,0,0,"BIDIFAC+",6,4,3,0.31394898251848,0.20030298560613,0.532378553079586,0.118034638542932,489.48,NA
62,1,0,0,"BIDIFAC+",6,4,3,0.305648180532606,0.200161520165498,0.521295842414351,0.117748412282519,460.942999999999,NA
63,1,0,0,"BIDIFAC+",6,5,3,0.308699449729805,0.201856832539314,0.516624506047335,0.118054005180008,467.634000000002,NA
64,1,0,0,"BIDIFAC+",6,5,4,0.308706067267639,0.199062894952451,0.523219539061007,0.117557495288135,444.907000000003,NA
65,1,0,0,"BIDIFAC+",6,4,4,0.31074610865939,0.201242865704331,0.522802106565822,0.117993796768544,452.496999999999,NA
66,1,0,0,"BIDIFAC+",6,4,3,0.305677700064786,0.196878322804345,0.513829499214867,0.117655584799635,489.473999999998,NA
67,1,0,0,"BIDIFAC+",6,4,4,0.307546113219606,0.201610120497435,0.522817494817936,0.117766629786969,480.638999999999,NA
68,1,0,0,"BIDIFAC+",6,4,3,0.310026391403882,0.201073909088897,0.522846063889938,0.117867998903355,481.116999999998,NA
69,1,0,0,"BIDIFAC+",7,5,4,0.307755693434801,0.198662664224684,0.518290242106379,0.118010002185994,451.992000000002,NA
70,1,0,0,"BIDIFAC+",6,5,4,0.309277175233741,0.200965774074215,0.52452437715574,0.118089907567245,467.712,NA
71,1,0,0,"BIDIFAC+",6,4,4,0.314733660458374,0.198431662197708,0.519681991534685,0.118094354773188,477.456999999999,NA
72,1,0,0,"BIDIFAC+",7,4,4,0.309289668771914,0.200923823667278,0.522264690373057,0.118484171770456,494.620999999999,NA
73,1,0,0,"BIDIFAC+",6,4,4,0.309298389209157,0.199741690649093,0.522761234024377,0.117810771949614,473.477999999999,NA
74,1,0,0,"BIDIFAC+",6,4,4,0.321640347008158,0.202524421840718,0.530049110179643,0.117044822115463,479.044000000002,NA
75,1,0,0,"BIDIFAC+",6,4,3,0.31764374591106,0.201400172055239,0.523575001890848,0.117940777560676,479.668000000001,NA
76,1,0,0,"BIDIFAC+",6,5,4,0.30971627514884,0.1988079648923,0.520796749391294,0.118119509873251,451.741999999998,NA
77,1,0,0,"BIDIFAC+",6,4,4,0.316089737690368,0.199446696113583,0.522440105935311,0.118036447284664,480.047999999999,NA
78,1,0,0,"BIDIFAC+",6,4,4,0.320418666802939,0.200564995716838,0.526157391799371,0.117962111371077,478.921999999999,NA
79,1,0,0,"BIDIFAC+",6,5,5,0.313844946894425,0.201852620135254,0.522056026863553,0.118109290188556,485.411,NA
80,1,0,0,"BIDIFAC+",6,4,3,0.311208190134637,0.202805344028691,0.525292314264853,0.117713661955433,458.414000000001,NA
81,1,0,0,"BIDIFAC+",6,4,4,0.311509133436516,0.205133580951836,0.524373620052784,0.117867885600209,488.352999999999,NA
82,1,0,0,"BIDIFAC+",6,5,4,0.30869079528416,0.198460716814375,0.523192572193228,0.118095241330834,478.997000000003,NA
83,1,0,0,"BIDIFAC+",6,4,4,0.316679497620903,0.200659224998548,0.526117171197913,0.118165655369539,450.036,NA
84,1,0,0,"BIDIFAC+",6,4,3,0.301935477859242,0.197149125034738,0.514728149527584,0.117590813660573,477.263999999999,NA
85,1,0,0,"BIDIFAC+",6,5,4,0.31379296574887,0.203377221737483,0.529022495412004,0.117955891860184,469.154999999999,NA
86,1,0,0,"BIDIFAC+",6,4,3,0.30702898119439,0.200473457032024,0.525013449489769,0.117689618830894,477.648000000001,NA
87,1,0,0,"BIDIFAC+",6,5,4,0.321446325763574,0.204322397289288,0.533579214825036,0.117537062682671,462.167000000001,NA
88,1,0,0,"BIDIFAC+",6,5,4,0.309296320815731,0.199706758550757,0.523336430050191,0.117492379623997,457.237000000001,NA
89,1,0,0,"BIDIFAC+",7,5,3,0.305366109155748,0.197986819061415,0.515522815549371,0.117459356855377,470.353999999999,NA
90,1,0,0,"BIDIFAC+",6,4,4,0.304056803415053,0.19953714206858,0.514532209497136,0.118103724721436,485.41,NA
91,1,0,0,"BIDIFAC+",6,4,4,0.314375204511842,0.198528645993743,0.525734365703117,0.11788086370424,489.740999999998,NA
92,1,0,0,"BIDIFAC+",6,4,3,0.311305693598842,0.201051256243632,0.527044744754324,0.118279877993226,462.355,NA
93,1,0,0,"BIDIFAC+",6,4,4,0.321258287319362,0.203151983547177,0.524199285497639,0.118297680643953,471.150000000001,NA
94,1,0,0,"BIDIFAC+",6,5,3,0.308550562914536,0.200026298241298,0.523076778539679,0.117998109211038,434.494999999999,NA
95,1,0,0,"BIDIFAC+",6,5,4,0.308613703760035,0.201905364678169,0.525133321067405,0.117648836288411,464.276999999998,NA
96,1,0,0,"BIDIFAC+",6,4,4,0.314334063215171,0.199024129887858,0.525085156036479,0.118070292061771,494.156999999999,NA
97,1,0,0,"BIDIFAC+",6,5,3,0.310410410099625,0.201398664286642,0.524205472113045,0.117595626876436,497.631999999998,NA
98,1,0,0,"BIDIFAC+",6,5,4,0.313004460841532,0.19985366883916,0.520982711767759,0.117802985173443,485.028999999999,NA
99,1,0,0,"BIDIFAC+",6,4,4,0.319128698777509,0.199580051202662,0.519384256906279,0.117516492689217,460.468000000001,NA
100,1,0,0,"BIDIFAC+",6,5,3,0.306344144318835,0.197651993521711,0.521738708012598,0.117913685397758,505.751,NA
1,2,0,0,"BIDIFAC+",6,4,4,0.374281642440385,0.225500081179933,0.54126865000232,0.109012611706796,960.148000000001,NA
2,2,0,0,"BIDIFAC+",6,5,3,0.364722380841196,0.224713270680542,0.535199817764645,0.108923905224568,940.837,NA
3,2,0,0,"BIDIFAC+",7,4,4,0.364782167167399,0.223463603275019,0.534062592548685,0.108989517853424,991.678,NA
4,2,0,0,"BIDIFAC+",6,5,3,0.364842553208666,0.224092768961295,0.533514443984872,0.108928143598535,976.414000000001,NA
5,2,0,0,"BIDIFAC+",6,4,4,0.365458146575072,0.224004985993699,0.536258378938327,0.10890383357063,904.013999999999,NA
6,2,0,0,"BIDIFAC+",6,5,4,0.368292094680669,0.225461971660598,0.534853187731893,0.108846068899619,979.432000000001,NA
7,2,0,0,"BIDIFAC+",6,4,4,0.362330740370717,0.221665717315906,0.530647460409568,0.109025154316494,975.968000000001,NA
8,2,0,0,"BIDIFAC+",6,4,4,0.373752658319256,0.225162971306924,0.542245862279297,0.108993549123794,959.517,NA
9,2,0,0,"BIDIFAC+",6,4,3,0.367085543620866,0.224590093246942,0.538688024400973,0.109015492812214,981.039000000001,NA
10,2,0,0,"BIDIFAC+",6,4,4,0.372479199790493,0.225678763436572,0.541397262731731,0.108966023844029,977.547999999999,NA
11,2,0,0,"BIDIFAC+",6,5,4,0.367179926781009,0.225296173859711,0.538133688656871,0.109078705425511,968.743999999999,NA
12,2,0,0,"BIDIFAC+",6,4,4,0.369196733218805,0.222948705051059,0.538055827546572,0.109034121562473,981.844000000001,NA
13,2,0,0,"BIDIFAC+",6,5,4,0.365828634601019,0.224133263430775,0.537458923105043,0.108906868047378,981.096000000001,NA
14,2,0,0,"BIDIFAC+",7,4,4,0.370236617058871,0.224316703145741,0.537341432426556,0.108832713205589,921.686000000002,NA
15,2,0,0,"BIDIFAC+",7,4,4,0.371191958003748,0.225652459816975,0.539910917305533,0.108954922639775,958.870000000003,NA
16,2,0,0,"BIDIFAC+",6,4,3,0.367067276905883,0.226757645909152,0.53852089394155,0.108903223472215,953.941999999999,NA
17,2,0,0,"BIDIFAC+",6,4,4,0.36593362723888,0.223683439838652,0.535487763457091,0.108860968622641,888.195,NA
18,2,0,0,"BIDIFAC+",6,4,4,0.368865668263779,0.224243691493644,0.536873947942673,0.10892134623574,978.986999999997,NA
19,2,0,0,"BIDIFAC+",7,4,3,0.362543042791675,0.222282294900835,0.532667551528321,0.109075601332276,931.885999999999,NA
20,2,0,0,"BIDIFAC+",7,4,4,0.370156989893198,0.224665370840324,0.53988026426803,0.108874259611371,1018.236,NA
21,2,0,0,"BIDIFAC+",6,4,3,0.361434225047105,0.223067217593785,0.531022366116899,0.109004206979836,970.450000000001,NA
22,2,0,0,"BIDIFAC+",6,5,4,0.373139788690713,0.22500397989251,0.540333282487326,0.108963732406277,962.177,NA
23,2,0,0,"BIDIFAC+",6,5,4,0.368249065513474,0.225572235736164,0.535754455740433,0.109040012519099,1000.606,NA
24,2,0,0,"BIDIFAC+",6,4,3,0.366615085781147,0.223076833727457,0.535858153205468,0.108936885449783,1064.643,NA
25,2,0,0,"BIDIFAC+",6,5,4,0.369789870083066,0.226397818553112,0.539149082247061,0.109005753080136,1053.676,NA
26,2,0,0,"BIDIFAC+",6,4,3,0.370036149798217,0.225932223603149,0.540331468194536,0.108935322035985,981.868999999999,NA
27,2,0,0,"BIDIFAC+",6,4,3,0.367931443760101,0.225394749501909,0.539119407133038,0.108875207430721,944.776999999998,NA
28,2,0,0,"BIDIFAC+",6,4,3,0.370597718544675,0.22545139449564,0.543649169850921,0.10896260866746,931.260000000002,NA
29,2,0,0,"BIDIFAC+",6,5,4,0.363507306160324,0.223683655910959,0.533424126942433,0.109097580550581,977.127,NA
30,2,0,0,"BIDIFAC+",7,5,4,0.370916482903502,0.224980084468578,0.540729594753781,0.108956340710469,956.224000000002,NA
31,2,0,0,"BIDIFAC+",6,5,4,0.368483412965894,0.225436654050199,0.538816089804198,0.109052666394466,968.513999999999,NA
32,2,0,0,"BIDIFAC+",6,4,4,0.372303674749344,0.224766360136501,0.540143706232549,0.108936251148124,855.469999999998,NA
33,2,0,0,"BIDIFAC+",6,4,4,0.370036478519875,0.225196508171912,0.537700689729036,0.108943077356908,991.569,NA
34,2,0,0,"BIDIFAC+",6,5,4,0.369330821334411,0.225329278982763,0.539685442574506,0.109034443121524,936.361000000001,NA
35,2,0,0,"BIDIFAC+",6,5,4,0.364732028595924,0.224332056659204,0.537331948452482,0.109071386223976,949.459000000003,NA
36,2,0,0,"BIDIFAC+",7,5,4,0.371166403321059,0.225866585769543,0.537255445873287,0.109024554594345,962.562000000002,NA
37,2,0,0,"BIDIFAC+",7,4,3,0.364467322318678,0.224116895076055,0.532696118852016,0.109022835689795,926.585999999999,NA
38,2,0,0,"BIDIFAC+",6,5,4,0.37069441892162,0.22730488621176,0.542265063750799,0.109013418237449,930.835999999999,NA
39,2,0,0,"BIDIFAC+",6,4,4,0.368745527546233,0.224231815845033,0.538993948942323,0.108922416604368,994.501,NA
40,2,0,0,"BIDIFAC+",6,4,4,0.367571946016761,0.223549184990479,0.535198067860545,0.108938589188324,903.592999999997,NA
41,2,0,0,"BIDIFAC+",6,4,3,0.367727742876677,0.225780686342023,0.537153850723989,0.109028289540621,951.297999999999,NA
42,2,0,0,"BIDIFAC+",6,5,4,0.365770338697285,0.223270723426178,0.533291795382101,0.108866551850301,947.415000000001,NA
43,2,0,0,"BIDIFAC+",6,4,3,0.371428414675495,0.226340359261642,0.54034890396152,0.109019899290882,959.217000000001,NA
44,2,0,0,"BIDIFAC+",6,5,3,0.363524040584271,0.222579230829159,0.533306599713442,0.108955049144156,1013.596,NA
45,2,0,0,"BIDIFAC+",6,4,3,0.364745179607109,0.22281211917006,0.535585310745794,0.108961622416592,940.197,NA
46,2,0,0,"BIDIFAC+",6,4,4,0.366783089505983,0.22296486128702,0.534308272033465,0.108913155589398,1005.7,NA
47,2,0,0,"BIDIFAC+",6,5,4,0.371953955280423,0.225821999138729,0.542915888527855,0.109000938644667,1055.07,NA
48,2,0,0,"BIDIFAC+",6,4,4,0.368000606129216,0.223917499285145,0.53702711923619,0.108966530720818,1008.617,NA
49,2,0,0,"BIDIFAC+",6,5,4,0.363693141718934,0.223955310703361,0.53269341786821,0.108885555880754,1060.335,NA
50,2,0,0,"BIDIFAC+",6,5,3,0.366270833312157,0.224817662178459,0.535434883199474,0.108983742720928,1034.109,NA
51,2,0,0,"BIDIFAC+",7,5,4,0.373433780586194,0.225826534562792,0.54219402355524,0.109008998864509,949.921999999999,NA
52,2,0,0,"BIDIFAC+",6,5,4,0.371431175459413,0.224940587629915,0.538078986019404,0.109055308385454,952.896000000001,NA
53,2,0,0,"BIDIFAC+",7,4,4,0.369907923274686,0.22470240908738,0.536369535086481,0.108890052320388,990.056999999997,NA
54,2,0,0,"BIDIFAC+",6,5,4,0.367082955747076,0.224091643483067,0.53934565639165,0.108892737990483,934.612000000001,NA
55,2,0,0,"BIDIFAC+",7,5,4,0.367980959374922,0.224918692063676,0.535522917987742,0.108977385898674,975.618999999999,NA
56,2,0,0,"BIDIFAC+",6,4,3,0.372066418325936,0.225369218120534,0.543487830089136,0.10886806941925,985,NA
57,2,0,0,"BIDIFAC+",6,5,3,0.36594167927215,0.224548709066788,0.538584915772114,0.109016649796314,960.574000000001,NA
58,2,0,0,"BIDIFAC+",6,5,4,0.366998098895228,0.224862080121816,0.537286579742272,0.109044198166355,914.554,NA
59,2,0,0,"BIDIFAC+",6,4,4,0.365079330813103,0.224339947132309,0.534332913213781,0.108980405743215,965.087,NA
60,2,0,0,"BIDIFAC+",6,5,4,0.364058019406299,0.22376757105429,0.537296260196784,0.109065330377378,877.095999999998,NA
61,2,0,0,"BIDIFAC+",7,4,4,0.36810484982401,0.223750487692491,0.535026619933859,0.108900194683623,981.955999999998,NA
62,2,0,0,"BIDIFAC+",6,5,4,0.371611784608547,0.225276273368567,0.538947749156783,0.10902788259761,984.459999999999,NA
63,2,0,0,"BIDIFAC+",6,4,4,0.372004949861724,0.225851477041326,0.539354563837274,0.108951295077007,934.473000000002,NA
64,2,0,0,"BIDIFAC+",6,4,3,0.366511825187778,0.224323277542703,0.536757363896383,0.10891529616574,967.816000000003,NA
65,2,0,0,"BIDIFAC+",7,4,3,0.365310442857327,0.223822050052198,0.535364577368258,0.10896199123015,974.334000000003,NA
66,2,0,0,"BIDIFAC+",6,4,3,0.368193219563675,0.225342431655784,0.539124271899501,0.1088724884221,950.192999999999,NA
67,2,0,0,"BIDIFAC+",6,5,4,0.366225996224384,0.224596403170122,0.53457264248494,0.109004874012972,1031.215,NA
68,2,0,0,"BIDIFAC+",7,4,3,0.3691495902554,0.224528593609399,0.537911674936616,0.109049367831626,879.516,NA
69,2,0,0,"BIDIFAC+",6,4,3,0.367316551801065,0.22500067691438,0.539280739895004,0.108892044989835,938.948,NA
70,2,0,0,"BIDIFAC+",6,5,4,0.367118598802548,0.22377889294709,0.534670597851879,0.109079342499162,968.417000000001,NA
71,2,0,0,"BIDIFAC+",7,4,4,0.374039430330164,0.225641035213231,0.541875428212363,0.10904945291729,1014.356,NA
72,2,0,0,"BIDIFAC+",6,4,3,0.363486558986414,0.224696114467852,0.532700411299626,0.109032601501911,996.491000000002,NA
73,2,0,0,"BIDIFAC+",6,5,3,0.365319515751748,0.224991869210986,0.535575916215182,0.109006672412041,995.476999999999,NA
74,2,0,0,"BIDIFAC+",6,5,4,0.369954782891697,0.226862107608997,0.541759173033545,0.108886363831518,1043.324,NA
75,2,0,0,"BIDIFAC+",7,5,4,0.371745918417752,0.226289556831551,0.539606235783451,0.109073820580148,980.846000000001,NA
76,2,0,0,"BIDIFAC+",6,4,3,0.365837564300115,0.223906585863024,0.536310997855286,0.109050356850214,1009.049,NA
77,2,0,0,"BIDIFAC+",7,4,4,0.371159329771898,0.225542105499341,0.539006028221652,0.109007430672627,905.107,NA
78,2,0,0,"BIDIFAC+",7,5,4,0.370117153673001,0.224877436449718,0.53631982853935,0.109060707840745,920.129999999997,NA
79,2,0,0,"BIDIFAC+",6,4,4,0.365865217847882,0.22350065753149,0.537232402309573,0.108940978474919,972.965,NA
80,2,0,0,"BIDIFAC+",6,5,4,0.371585906538276,0.22594023506343,0.541626345421277,0.109011687283471,980.66,NA
81,2,0,0,"BIDIFAC+",6,5,4,0.364959310360206,0.224641566685556,0.535876712312155,0.108975533067428,1001.795,NA
82,2,0,0,"BIDIFAC+",6,4,4,0.369520190976338,0.224626667123162,0.537403103026309,0.108845020936777,861.851999999999,NA
83,2,0,0,"BIDIFAC+",6,4,4,0.369028897119642,0.224221836656689,0.539326905834061,0.1088406591657,922.463,NA
84,2,0,0,"BIDIFAC+",7,5,4,0.371058163259101,0.227816262684024,0.53774917009209,0.10908453261843,950.856,NA
85,2,0,0,"BIDIFAC+",7,4,4,0.372205479098482,0.225950764015222,0.542105323439698,0.108935636090476,959.902999999998,NA
86,2,0,0,"BIDIFAC+",6,4,3,0.36616117738464,0.224803539923084,0.536250804740398,0.109042194990113,955.300999999999,NA
87,2,0,0,"BIDIFAC+",6,5,3,0.369178894423304,0.224930297605645,0.539791203163372,0.109036022925635,955.553,NA
88,2,0,0,"BIDIFAC+",6,4,4,0.374674417211865,0.225718767438134,0.54400302653311,0.108870181998432,899.058000000001,NA
89,2,0,0,"BIDIFAC+",6,5,4,0.366069925198158,0.224949662977507,0.534094323490136,0.10897717629,958.012999999999,NA
90,2,0,0,"BIDIFAC+",6,4,3,0.367770949983975,0.226456282586097,0.539222214788564,0.108828926014785,951.050999999999,NA
91,2,0,0,"BIDIFAC+",7,4,3,0.367064078459387,0.225921026352011,0.539267767023844,0.109093479961368,922.922999999999,NA
92,2,0,0,"BIDIFAC+",6,4,4,0.370915027407832,0.223462921109065,0.538993805838445,0.10887212597771,978.315000000002,NA
93,2,0,0,"BIDIFAC+",6,4,4,0.371063546901564,0.225151828244325,0.540794464303549,0.108993661838927,975.753999999997,NA
94,2,0,0,"BIDIFAC+",6,5,3,0.364644033695791,0.224742121048635,0.537341779998711,0.109022535561636,947.983,NA
95,2,0,0,"BIDIFAC+",6,5,4,0.364031160161902,0.22230614077845,0.531843268907068,0.109053694113529,1046.584,NA
96,2,0,0,"BIDIFAC+",6,5,4,0.36782010709544,0.225008137190775,0.537589449051462,0.108980151043097,1010.542,NA
97,2,0,0,"BIDIFAC+",6,5,4,0.364054085916126,0.223931875836481,0.532133878275107,0.109126430718359,1000.861,NA
98,2,0,0,"BIDIFAC+",6,5,4,0.365899771018437,0.225701613949553,0.536092819584363,0.108995636682729,1061.274,NA
99,2,0,0,"BIDIFAC+",7,4,4,0.370249431456318,0.224024671669582,0.537451361829274,0.109015178581211,1011.736,NA
100,2,0,0,"BIDIFAC+",6,4,4,0.368047936014941,0.224962298278688,0.536298187042834,0.108882752786781,1021.228,NA
1,0.1,0.392699081698724,22.5,"BIDIFAC+",4,3,5,0.807348463199697,0.79742999343988,0.755675194755357,0.699268903554591,39.6549999999988,NA
2,0.1,0.392699081698724,22.5,"BIDIFAC+",4,2,4,0.769040608586924,0.785472664526633,0.835722264830326,0.721432458516849,40.3050000000003,NA
3,0.1,0.392699081698724,22.5,"BIDIFAC+",5,2,3,0.75069447619908,0.749522046810405,0.71929406021987,0.692167182072213,35.9559999999983,NA
4,0.1,0.392699081698724,22.5,"BIDIFAC+",5,3,4,0.803517135462099,0.790158840818547,0.758926234871055,0.699592737019787,36.7229999999981,NA
5,0.1,0.392699081698724,22.5,"BIDIFAC+",5,3,4,0.776866886342699,0.772936206307307,0.708761985757013,0.682717036051601,39.3989999999976,NA
6,0.1,0.392699081698724,22.5,"BIDIFAC+",4,2,3,0.735704590652107,0.746777398956514,0.766922779792952,0.719513970610218,33.1650000000009,NA
7,0.1,0.392699081698724,22.5,"BIDIFAC+",4,2,3,0.800188182943136,0.799574257610313,0.720531409605783,0.696205304197024,39.6389999999992,NA
8,0.1,0.392699081698724,22.5,"BIDIFAC+",5,3,3,0.780360500295446,0.782595238476251,0.718668493916393,0.690245052128041,39.1310000000012,NA
9,0.1,0.392699081698724,22.5,"BIDIFAC+",4,3,4,0.775101379329766,0.771245827985419,0.748633863071237,0.697481249064677,47.8669999999984,NA
10,0.1,0.392699081698724,22.5,"BIDIFAC+",4,2,4,0.815330916231683,0.814935515038005,0.737532864332432,0.696941606179748,45.7479999999996,NA
11,0.1,0.392699081698724,22.5,"BIDIFAC+",5,3,4,0.798874768263335,0.788015628628292,0.750541159221301,0.712337329606096,44.645999999997,NA
12,0.1,0.392699081698724,22.5,"BIDIFAC+",5,2,3,0.743601696308369,0.76747206245241,0.760806568727582,0.710260515008927,41.9639999999999,NA
13,0.1,0.392699081698724,22.5,"BIDIFAC+",4,3,4,0.768332017993566,0.782412096888836,0.790183039253924,0.750690320247963,40.2249999999985,NA
14,0.1,0.392699081698724,22.5,"BIDIFAC+",4,2,4,0.75497173048334,0.755533144767459,0.747706822542867,0.71731670795367,43.0529999999999,NA
15,0.1,0.392699081698724,22.5,"BIDIFAC+",4,3,3,0.763174740207302,0.778007063614261,0.736840513726823,0.709252432481755,38.739999999998,NA
16,0.1,0.392699081698724,22.5,"BIDIFAC+",4,2,4,0.771903132310105,0.769488764347603,0.730280762475105,0.685718175715976,34.1730000000025,NA
17,0.1,0.392699081698724,22.5,"BIDIFAC+",4,2,4,0.78767045968522,0.780200638355052,0.728598115374168,0.686041891802449,48.6349999999984,NA
18,0.1,0.392699081698724,22.5,"BIDIFAC+",5,2,4,0.768254063547717,0.776779834842825,0.750206080783679,0.733971314540387,43.3590000000004,NA
19,0.1,0.392699081698724,22.5,"BIDIFAC+",5,2,4,0.788420908351367,0.777072449754383,0.738674788134035,0.709774408829883,42.7769999999982,NA
20,0.1,0.392699081698724,22.5,"BIDIFAC+",5,2,4,0.783673232364296,0.770970987896729,0.740940125095853,0.700204669895936,44.2720000000008,NA
21,0.1,0.392699081698724,22.5,"BIDIFAC+",4,2,4,0.807056449301114,0.809925106499478,0.752050055632255,0.715836325676968,39.8919999999998,NA
22,0.1,0.392699081698724,22.5,"BIDIFAC+",4,3,3,0.776999132932135,0.783775596890071,0.700732856350543,0.691722343621345,40.4249999999993,NA
23,0.1,0.392699081698724,22.5,"BIDIFAC+",4,2,4,0.77234027644767,0.779498231116051,0.758037591684086,0.70234608722748,37.3580000000002,NA
24,0.1,0.392699081698724,22.5,"BIDIFAC+",4,3,3,0.770723923179607,0.768857396596521,0.770092516654139,0.685082071092391,41.0390000000007,NA
25,0.1,0.392699081698724,22.5,"BIDIFAC+",4,3,4,0.78047687912041,0.795069299318777,0.780020955318165,0.700092684571529,41.7960000000021,NA
26,0.1,0.392699081698724,22.5,"BIDIFAC+",4,2,4,0.764423939850339,0.762630848760512,0.743962284777537,0.728274300632006,38.3639999999978,NA
27,0.1,0.392699081698724,22.5,"BIDIFAC+",5,3,4,0.797160034910407,0.813224733307222,0.72625985935386,0.701495665770992,43.9559999999983,NA
28,0.1,0.392699081698724,22.5,"BIDIFAC+",5,3,4,0.775668668928278,0.78463256904712,0.733612647412584,0.704243879438067,41.6389999999992,NA
29,0.1,0.392699081698724,22.5,"BIDIFAC+",4,3,4,0.785669339833981,0.805873981257297,0.758547103418926,0.717912476849632,39.8270000000011,NA
30,0.1,0.392699081698724,22.5,"BIDIFAC+",4,2,4,0.759696450648742,0.765199243883091,0.76902091564124,0.704249028104499,44.239999999998,NA
31,0.1,0.392699081698724,22.5,"BIDIFAC+",4,3,4,0.769203723907521,0.774223285291828,0.711258461704785,0.711149434704242,41.387999999999,NA
32,0.1,0.392699081698724,22.5,"BIDIFAC+",5,3,4,0.767906780521664,0.782665767499049,0.744574787826841,0.696911310775967,36.5809999999983,NA
33,0.1,0.392699081698724,22.5,"BIDIFAC+",5,2,3,0.77957210766495,0.787031050551533,0.759777354108024,0.712254709901134,43.0429999999978,NA
34,0.1,0.392699081698724,22.5,"BIDIFAC+",4,2,3,0.765460091871847,0.761578017952526,0.737132653672003,0.704603269431531,38.4510000000009,NA
35,0.1,0.392699081698724,22.5,"BIDIFAC+",4,3,4,0.780870884225603,0.800020667337181,0.762499773973454,0.697206147819576,44.3619999999974,NA
36,0.1,0.392699081698724,22.5,"BIDIFAC+",5,2,3,0.820538001216198,0.821612713059201,0.760861943748984,0.734331958389308,32.2839999999997,NA
37,0.1,0.392699081698724,22.5,"BIDIFAC+",4,3,4,0.799406929256552,0.814490727901704,0.751827412731691,0.689828962360522,37.9840000000004,NA
38,0.1,0.392699081698724,22.5,"BIDIFAC+",4,3,4,0.773658561392292,0.78195067453061,0.758619567684071,0.71038859430166,38.9909999999982,NA
39,0.1,0.392699081698724,22.5,"BIDIFAC+",5,2,4,0.774783080583465,0.780570655303733,0.738388566081303,0.716916377677551,45.1520000000019,NA
40,0.1,0.392699081698724,22.5,"BIDIFAC+",5,4,3,0.769281804458014,0.769896186505155,0.761918098488905,0.696785099604601,46.5370000000003,NA
41,0.1,0.392699081698724,22.5,"BIDIFAC+",4,2,3,0.769942080996174,0.772582178510809,0.730735212524534,0.678314700384977,39.9000000000015,NA
42,0.1,0.392699081698724,22.5,"BIDIFAC+",5,3,3,0.765425355142478,0.771344127032635,0.723094302381171,0.68205450746152,34.7760000000017,NA
43,0.1,0.392699081698724,22.5,"BIDIFAC+",5,3,3,0.77256896930449,0.779084000683899,0.754026788130371,0.709331806099875,42.9439999999995,NA
44,0.1,0.392699081698724,22.5,"BIDIFAC+",5,2,4,0.79273873278262,0.799798004327109,0.693354444689243,0.676094872534799,42.8389999999999,NA
45,0.1,0.392699081698724,22.5,"BIDIFAC+",4,2,3,0.747582640811755,0.761989539261493,0.811050271203297,0.710677856657676,39.8379999999997,NA
46,0.1,0.392699081698724,22.5,"BIDIFAC+",5,3,5,0.833874718121367,0.834776007049283,0.726802558156117,0.708505531380733,33.7770000000019,NA
47,0.1,0.392699081698724,22.5,"BIDIFAC+",4,3,4,0.792794556373085,0.798196180259915,0.735237368821498,0.704328579720948,44.1769999999997,NA
48,0.1,0.392699081698724,22.5,"BIDIFAC+",4,2,4,0.783560027507258,0.774939630961174,0.763413265431631,0.713372881785446,43.2490000000034,NA
49,0.1,0.392699081698724,22.5,"BIDIFAC+",5,2,3,0.769835524605161,0.788518284145806,0.757632767071747,0.712614805771069,42.377999999997,NA
50,0.1,0.392699081698724,22.5,"BIDIFAC+",4,3,3,0.783911617804704,0.795860211467651,0.708143686348251,0.71561271489055,35.5279999999984,NA
51,0.1,0.392699081698724,22.5,"BIDIFAC+",5,3,3,0.775591735395469,0.779160492740783,0.778150624174187,0.681137092713778,30.3169999999991,NA
52,0.1,0.392699081698724,22.5,"BIDIFAC+",4,3,3,0.777634813176223,0.789007513615734,0.760963941142631,0.680169661576316,42.9069999999992,NA
53,0.1,0.392699081698724,22.5,"BIDIFAC+",4,2,4,0.825715125307918,0.800009516709855,0.770658341893433,0.708276535507749,40.1049999999996,NA
54,0.1,0.392699081698724,22.5,"BIDIFAC+",4,2,4,0.790294106711358,0.792007120749341,0.74717015028903,0.694641380764877,36.9219999999987,NA
55,0.1,0.392699081698724,22.5,"BIDIFAC+",5,3,3,0.783021562188498,0.80044864563475,0.727914185474103,0.693884168699162,41.3799999999974,NA
56,0.1,0.392699081698724,22.5,"BIDIFAC+",4,2,3,0.781548732329567,0.782087419344868,0.768595665411993,0.698677694262847,39.239999999998,NA
57,0.1,0.392699081698724,22.5,"BIDIFAC+",4,3,4,0.807932648923968,0.818723308139322,0.774002816458424,0.680537537181504,43.1939999999995,NA
58,0.1,0.392699081698724,22.5,"BIDIFAC+",5,3,4,0.774683559770749,0.782808984645369,0.762984074990918,0.705219466720706,32.6039999999994,NA
59,0.1,0.392699081698724,22.5,"BIDIFAC+",4,2,3,0.793349237061441,0.796170173347396,0.752541330579076,0.678975465663496,37.0030000000006,NA
60,0.1,0.392699081698724,22.5,"BIDIFAC+",4,2,3,0.814751615247091,0.829476819078547,0.771330979493637,0.696889624849091,45.5220000000008,NA
61,0.1,0.392699081698724,22.5,"BIDIFAC+",4,2,3,0.743017235721906,0.757574678102902,0.728105025773359,0.708959019897215,41.0760000000009,NA
62,0.1,0.392699081698724,22.5,"BIDIFAC+",4,2,4,0.77512173885885,0.772188995201713,0.776565539953035,0.703691509934751,45.367000000002,NA
63,0.1,0.392699081698724,22.5,"BIDIFAC+",4,2,4,0.813837136178109,0.826215529242218,0.700300497430192,0.716117335671202,42.4680000000008,NA
64,0.1,0.392699081698724,22.5,"BIDIFAC+",5,2,4,0.804028676873263,0.814642387709282,0.730589768904042,0.689708468089107,39.4270000000033,NA
65,0.1,0.392699081698724,22.5,"BIDIFAC+",4,3,4,0.777004445595059,0.781558335800278,0.729310341799376,0.698478010703058,40.5839999999989,NA
66,0.1,0.392699081698724,22.5,"BIDIFAC+",4,3,4,0.782784340475194,0.787663673873561,0.756277446972677,0.719986424362833,43.1909999999989,NA
67,0.1,0.392699081698724,22.5,"BIDIFAC+",5,2,3,0.790515585834708,0.782707779096639,0.707069202590195,0.717796642276553,43.9130000000005,NA
68,0.1,0.392699081698724,22.5,"BIDIFAC+",5,2,4,0.786912439875833,0.800556190274571,0.7782765978564,0.729192622071922,44.9569999999985,NA
69,0.1,0.392699081698724,22.5,"BIDIFAC+",4,2,4,0.782893659309435,0.790269532784005,0.718671043984727,0.704695440326566,32.2560000000012,NA
70,0.1,0.392699081698724,22.5,"BIDIFAC+",4,2,4,0.799752998516823,0.798717724147924,0.777110334096185,0.687808972695906,35.8830000000016,NA
71,0.1,0.392699081698724,22.5,"BIDIFAC+",4,2,4,0.806002096063973,0.807236757439833,0.726034581133556,0.70678928757981,30.3499999999985,NA
72,0.1,0.392699081698724,22.5,"BIDIFAC+",4,3,4,0.777122353989661,0.781055914317004,0.753303862123933,0.71218744817474,39.1190000000024,NA
73,0.1,0.392699081698724,22.5,"BIDIFAC+",4,3,3,0.744580376222902,0.749823527808355,0.722707279488085,0.713111518954757,44.4269999999997,NA
74,0.1,0.392699081698724,22.5,"BIDIFAC+",4,3,4,0.767694184185768,0.780095130791665,0.724230436679614,0.701290698600321,45.3549999999996,NA
75,0.1,0.392699081698724,22.5,"BIDIFAC+",5,3,4,0.76591654051656,0.783757565637516,0.756099536085457,0.699193900315654,45.0010000000002,NA
76,0.1,0.392699081698724,22.5,"BIDIFAC+",4,3,4,0.785463007709818,0.764146147836653,0.719578141548672,0.717682684184094,38.9219999999987,NA
77,0.1,0.392699081698724,22.5,"BIDIFAC+",5,2,3,0.759610092071626,0.774085828699976,0.727494472608114,0.704438155390493,42.3329999999987,NA
78,0.1,0.392699081698724,22.5,"BIDIFAC+",5,3,4,0.792866447028765,0.801105969077986,0.718027744048653,0.745264847915496,34.9909999999982,NA
79,0.1,0.392699081698724,22.5,"BIDIFAC+",6,3,3,0.777179892801756,0.78780762038029,0.763601152710567,0.694890450990007,45.362000000001,NA
80,0.1,0.392699081698724,22.5,"BIDIFAC+",4,3,4,0.806549250172239,0.80721793293145,0.739145167475714,0.714409057808092,45.6229999999996,NA
81,0.1,0.392699081698724,22.5,"BIDIFAC+",5,2,3,0.77500432258915,0.796280930582334,0.709175692875685,0.689547587657955,37.2119999999995,NA
82,0.1,0.392699081698724,22.5,"BIDIFAC+",4,2,4,0.753320620449619,0.754014957354041,0.757871426478437,0.683595555822664,38.387999999999,NA
83,0.1,0.392699081698724,22.5,"BIDIFAC+",4,3,4,0.791398778619668,0.81570234184707,0.729573546813886,0.686691250910414,41.3159999999989,NA
84,0.1,0.392699081698724,22.5,"BIDIFAC+",4,2,3,0.784506603738034,0.776365773875957,0.737577274209435,0.731477366981936,40.4900000000016,NA
85,0.1,0.392699081698724,22.5,"BIDIFAC+",4,3,3,0.806413868720644,0.793274555755228,0.744323164998801,0.710605597842847,44.6610000000001,NA
86,0.1,0.392699081698724,22.5,"BIDIFAC+",4,3,3,0.775833393171976,0.77721500255948,0.69757528853986,0.686009096755615,38.9120000000003,NA
87,0.1,0.392699081698724,22.5,"BIDIFAC+",4,3,4,0.780716882878659,0.786817514099575,0.729690506276494,0.695559258849048,36.6059999999998,NA
88,0.1,0.392699081698724,22.5,"BIDIFAC+",4,2,3,0.800909688491711,0.798574541398541,0.757591403296666,0.695059016298326,43.7959999999985,NA
89,0.1,0.392699081698724,22.5,"BIDIFAC+",5,3,3,0.786912412958116,0.803464983715571,0.75493194585379,0.700527418443175,42.476999999999,NA
90,0.1,0.392699081698724,22.5,"BIDIFAC+",4,2,4,0.778847435809341,0.779251341492497,0.737517742332434,0.699958095004991,44.643,NA
91,0.1,0.392699081698724,22.5,"BIDIFAC+",4,3,4,0.799594895960381,0.800282450593815,0.773976192437416,0.690697424826136,36.7120000000032,NA
92,0.1,0.392699081698724,22.5,"BIDIFAC+",5,2,3,0.7613688408452,0.771369992650943,0.738975782257466,0.706103738017346,42.0479999999989,NA
93,0.1,0.392699081698724,22.5,"BIDIFAC+",5,2,3,0.795753499207783,0.803262219311592,0.783035331133609,0.696418392209851,37.8559999999998,NA
94,0.1,0.392699081698724,22.5,"BIDIFAC+",4,2,4,0.763148346695083,0.772866214621873,0.75626079392906,0.70422447132563,37.518,NA
95,0.1,0.392699081698724,22.5,"BIDIFAC+",4,3,4,0.768152453419226,0.784257287428184,0.738038755346905,0.703068222751671,41.7899999999972,NA
96,0.1,0.392699081698724,22.5,"BIDIFAC+",4,4,4,0.804179951714326,0.797700543166208,0.755354939363936,0.72196705975753,38.0630000000019,NA
97,0.1,0.392699081698724,22.5,"BIDIFAC+",4,2,4,0.791637754319594,0.801411566434595,0.793350172460249,0.729774624841921,44.6479999999974,NA
98,0.1,0.392699081698724,22.5,"BIDIFAC+",4,3,3,0.770462313160387,0.781159816644686,0.761905646854387,0.685245294140972,36.219000000001,NA
99,0.1,0.392699081698724,22.5,"BIDIFAC+",4,2,4,0.805628734167397,0.809690902307681,0.742248316994493,0.702921019611401,44.107,NA
100,0.1,0.392699081698724,22.5,"BIDIFAC+",4,2,3,0.746725129926662,0.759486671403346,0.73893605263065,0.728416760100247,44.1510000000017,NA
1,0.25,0.392699081698724,22.5,"BIDIFAC+",6,4,4,0.305793102963402,0.273820023551062,0.490497621630685,0.265941293261892,121.363999999998,NA
2,0.25,0.392699081698724,22.5,"BIDIFAC+",6,4,3,0.303786307908355,0.278511513822693,0.499266517198616,0.26633202346784,100.385000000002,NA
3,0.25,0.392699081698724,22.5,"BIDIFAC+",7,4,4,0.288115714973516,0.264656773650957,0.493073643515587,0.261650722760441,111.758999999998,NA
4,0.25,0.392699081698724,22.5,"BIDIFAC+",6,4,3,0.281869531063457,0.269466580704181,0.472493518059532,0.260141922174318,116.002,NA
5,0.25,0.392699081698724,22.5,"BIDIFAC+",7,4,3,0.269444550853337,0.266537400835195,0.478069820949062,0.263441059088986,119.538,NA
6,0.25,0.392699081698724,22.5,"BIDIFAC+",6,4,4,0.271750343801267,0.267415657116298,0.482360081744638,0.2603947951885,105.099999999999,NA
7,0.25,0.392699081698724,22.5,"BIDIFAC+",6,3,4,0.301010177993425,0.279151048994668,0.516150464134914,0.259368261731844,117.909,NA
8,0.25,0.392699081698724,22.5,"BIDIFAC+",6,4,3,0.310231804063695,0.281654067600578,0.507862132762263,0.26402147172753,96.8159999999989,NA
9,0.25,0.392699081698724,22.5,"BIDIFAC+",6,4,4,0.289891660209983,0.262529774395558,0.482969024337857,0.265561711187065,100.356,NA
10,0.25,0.392699081698724,22.5,"BIDIFAC+",6,4,4,0.319488605948173,0.273459371315478,0.510207364010357,0.264906911251875,116.236000000001,NA
11,0.25,0.392699081698724,22.5,"BIDIFAC+",7,5,4,0.303345894898297,0.285589448371758,0.483989352248053,0.267789114083008,100.546999999999,NA
12,0.25,0.392699081698724,22.5,"BIDIFAC+",6,4,4,0.31491867089072,0.29464518551661,0.493939941789951,0.258111258264133,111.791000000001,NA
13,0.25,0.392699081698724,22.5,"BIDIFAC+",6,4,3,0.306934167750662,0.28154176591663,0.510127101635162,0.26373110308241,117.188999999998,NA
14,0.25,0.392699081698724,22.5,"BIDIFAC+",6,4,4,0.312835459694435,0.283200944498531,0.519328151064679,0.258082341277383,115.732,NA
15,0.25,0.392699081698724,22.5,"BIDIFAC+",7,4,4,0.303455167730711,0.274048593317771,0.47648591723519,0.259657809318858,103.618999999999,NA
16,0.25,0.392699081698724,22.5,"BIDIFAC+",6,4,4,0.300665596853853,0.273946565243515,0.497057053064434,0.266809884367835,94.474000000002,NA
17,0.25,0.392699081698724,22.5,"BIDIFAC+",7,4,3,0.276687425153236,0.277276392866023,0.496942569081467,0.26404458453027,97.9909999999982,NA
18,0.25,0.392699081698724,22.5,"BIDIFAC+",6,4,4,0.296711402426909,0.283709686933302,0.502206329414736,0.263607642395315,114.634999999998,NA
19,0.25,0.392699081698724,22.5,"BIDIFAC+",6,4,4,0.302616954415462,0.276882931379297,0.503622094852171,0.259570280106206,116.332000000002,NA
20,0.25,0.392699081698724,22.5,"BIDIFAC+",6,4,4,0.296490092195108,0.280996116414167,0.504955126863149,0.260976292383191,107.947,NA
21,0.25,0.392699081698724,22.5,"BIDIFAC+",6,4,4,0.287254966425376,0.264208859206078,0.487529509246957,0.266921744866287,120.48,NA
22,0.25,0.392699081698724,22.5,"BIDIFAC+",6,4,4,0.311332103743644,0.283706115677839,0.490668010295425,0.260943857084792,100.649000000001,NA
23,0.25,0.392699081698724,22.5,"BIDIFAC+",6,5,3,0.286834085824981,0.26940686467616,0.482389399026469,0.261282943640812,89.1159999999982,NA
24,0.25,0.392699081698724,22.5,"BIDIFAC+",6,4,3,0.282773314380415,0.276192333439621,0.509227922679073,0.264452666771289,114.294000000002,NA
25,0.25,0.392699081698724,22.5,"BIDIFAC+",7,4,4,0.307331738102444,0.295334490161123,0.502704772508272,0.257160063220364,107.263000000003,NA
26,0.25,0.392699081698724,22.5,"BIDIFAC+",6,4,4,0.315647047484794,0.294910039276045,0.525606263791101,0.263621536661196,111.385999999999,NA
27,0.25,0.392699081698724,22.5,"BIDIFAC+",6,4,4,0.282401448432934,0.27512527040919,0.48066950682451,0.268218016706594,118.136999999999,NA
28,0.25,0.392699081698724,22.5,"BIDIFAC+",6,4,4,0.312032871760189,0.289875227273122,0.513427331416348,0.268635128883634,116.209999999999,NA
29,0.25,0.392699081698724,22.5,"BIDIFAC+",6,5,4,0.297319808547718,0.276965779184548,0.501654702083385,0.261568990302021,96.4120000000003,NA
30,0.25,0.392699081698724,22.5,"BIDIFAC+",6,4,4,0.300998873065715,0.287129690854715,0.499985568516853,0.262589765224734,121.317999999999,NA
31,0.25,0.392699081698724,22.5,"BIDIFAC+",6,5,4,0.3040106882045,0.287444541683015,0.506449974835492,0.263504969069898,102.896999999997,NA
32,0.25,0.392699081698724,22.5,"BIDIFAC+",6,4,4,0.315409053405809,0.280387266526651,0.497752202059408,0.264000740754465,113.394,NA
33,0.25,0.392699081698724,22.5,"BIDIFAC+",7,5,4,0.293194603456107,0.278464064990386,0.481147142099038,0.262898154891402,116.124,NA
34,0.25,0.392699081698724,22.5,"BIDIFAC+",6,5,4,0.287023111994027,0.275755421396558,0.491784977732257,0.272467470751513,116.917000000001,NA
35,0.25,0.392699081698724,22.5,"BIDIFAC+",6,4,3,0.275737847127454,0.268301785625284,0.475337642550722,0.267868509663087,106.357,NA
36,0.25,0.392699081698724,22.5,"BIDIFAC+",6,4,3,0.294887482789851,0.271348980084488,0.500519547662547,0.259034549742269,91.9760000000024,NA
37,0.25,0.392699081698724,22.5,"BIDIFAC+",6,4,4,0.305000891631296,0.276085242497187,0.499512064708247,0.265351036582998,94.7469999999994,NA
38,0.25,0.392699081698724,22.5,"BIDIFAC+",6,4,4,0.287772927289538,0.274591550160759,0.47507411205071,0.273522211269089,96.5920000000006,NA
39,0.25,0.392699081698724,22.5,"BIDIFAC+",6,4,4,0.313188017758149,0.277195134432336,0.510972756952131,0.265447657267415,117.544000000002,NA
40,0.25,0.392699081698724,22.5,"BIDIFAC+",6,4,4,0.289361087865967,0.280779063517745,0.486742026132038,0.256591612809534,109.554,NA
41,0.25,0.392699081698724,22.5,"BIDIFAC+",6,4,4,0.307251691464334,0.280663892312816,0.499680954976165,0.260126552041907,127.351999999999,NA
42,0.25,0.392699081698724,22.5,"BIDIFAC+",6,4,4,0.29895626963972,0.272078488107378,0.504539172850697,0.274040069056385,107.011999999999,NA
43,0.25,0.392699081698724,22.5,"BIDIFAC+",6,5,3,0.295470841154219,0.278091188566449,0.508209413293739,0.259544341442348,125.445,NA
44,0.25,0.392699081698724,22.5,"BIDIFAC+",6,4,4,0.324434705478524,0.281151080330473,0.500210747897965,0.265745864508188,109.037,NA
45,0.25,0.392699081698724,22.5,"BIDIFAC+",6,4,3,0.287549479155907,0.275285880357561,0.491752386493228,0.266717490847343,116.130999999998,NA
46,0.25,0.392699081698724,22.5,"BIDIFAC+",6,5,4,0.323457676612592,0.289349676235207,0.516129101015834,0.268704744381025,107.294999999998,NA
47,0.25,0.392699081698724,22.5,"BIDIFAC+",6,5,4,0.298986385639279,0.279838186413635,0.497416416064061,0.26379977314892,112.487000000001,NA
48,0.25,0.392699081698724,22.5,"BIDIFAC+",6,5,4,0.299208135117888,0.283577365588029,0.500894654705424,0.266167834194429,102.016,NA
49,0.25,0.392699081698724,22.5,"BIDIFAC+",6,4,3,0.278105930074334,0.265037521658497,0.480538957593377,0.258739107259799,101.462,NA
50,0.25,0.392699081698724,22.5,"BIDIFAC+",6,5,4,0.281516715911223,0.268057503993323,0.486544588776746,0.26013752609444,101.141,NA
51,0.25,0.392699081698724,22.5,"BIDIFAC+",7,5,4,0.317109033190201,0.294470947441048,0.483880735972926,0.260606219109274,98.2419999999984,NA
52,0.25,0.392699081698724,22.5,"BIDIFAC+",6,5,4,0.29446577034535,0.285868179351702,0.494916455545254,0.258579080134241,118.860000000001,NA
53,0.25,0.392699081698724,22.5,"BIDIFAC+",6,5,4,0.300890577054377,0.280202068546929,0.480233827832324,0.267869047666637,112.543999999998,NA
54,0.25,0.392699081698724,22.5,"BIDIFAC+",6,5,4,0.328009985112104,0.29353973059306,0.525026395803318,0.264836656701517,112.555,NA
55,0.25,0.392699081698724,22.5,"BIDIFAC+",6,5,3,0.280823717191054,0.267176735816994,0.496769694475951,0.262478116198183,107.536,NA
56,0.25,0.392699081698724,22.5,"BIDIFAC+",6,5,3,0.278640515042244,0.262695584700068,0.478015372757319,0.263784665073641,98.6110000000008,NA
57,0.25,0.392699081698724,22.5,"BIDIFAC+",6,4,4,0.295612484470192,0.264881734369772,0.496070634365203,0.263199797056792,114.512000000002,NA
58,0.25,0.392699081698724,22.5,"BIDIFAC+",6,4,3,0.294585692888238,0.274778347837933,0.488502242679313,0.264948584013365,113.688999999998,NA
59,0.25,0.392699081698724,22.5,"BIDIFAC+",6,5,4,0.294235064302901,0.269001562763239,0.496588828706391,0.262150336922236,111.654999999999,NA
60,0.25,0.392699081698724,22.5,"BIDIFAC+",6,4,3,0.2875262064137,0.263508927980465,0.506506562721724,0.259897375832725,113.465,NA
61,0.25,0.392699081698724,22.5,"BIDIFAC+",6,3,4,0.271727007553169,0.266380103759248,0.503344502379822,0.261895966535922,102.132000000001,NA
62,0.25,0.392699081698724,22.5,"BIDIFAC+",6,4,3,0.283669010026643,0.273951883266612,0.505792201918946,0.263831494401476,108.532999999999,NA
63,0.25,0.392699081698724,22.5,"BIDIFAC+",6,4,4,0.292774492528494,0.273400895803707,0.501787056472119,0.264148378892588,119.757999999998,NA
64,0.25,0.392699081698724,22.5,"BIDIFAC+",6,4,3,0.28191089045362,0.263323520784472,0.479688936459806,0.264509769460764,104.82,NA
65,0.25,0.392699081698724,22.5,"BIDIFAC+",6,4,4,0.306328927202515,0.280482242888342,0.503502618529041,0.261750947429869,115.213,NA
66,0.25,0.392699081698724,22.5,"BIDIFAC+",6,4,3,0.290130798534764,0.273464022820639,0.480404154473556,0.259602361559721,111.127999999997,NA
67,0.25,0.392699081698724,22.5,"BIDIFAC+",6,4,4,0.281669481110775,0.269483923254148,0.487412749348031,0.262900069906938,122.101999999999,NA
68,0.25,0.392699081698724,22.5,"BIDIFAC+",7,4,4,0.30821367520617,0.279137998916782,0.504402819672818,0.258925656354194,120.603000000003,NA
69,0.25,0.392699081698724,22.5,"BIDIFAC+",6,4,3,0.312255253543572,0.275214780042777,0.481270300384234,0.266778609888546,115.378000000001,NA
70,0.25,0.392699081698724,22.5,"BIDIFAC+",6,4,3,0.287644160965839,0.282070897647485,0.497182939248499,0.264409148158246,92.9180000000015,NA
71,0.25,0.392699081698724,22.5,"BIDIFAC+",6,4,3,0.298143682790831,0.283513396441867,0.525229138235169,0.264546392312499,113.645999999997,NA
72,0.25,0.392699081698724,22.5,"BIDIFAC+",7,4,3,0.295438566885726,0.279278710176985,0.504831245020582,0.264242403878118,109.326999999997,NA
73,0.25,0.392699081698724,22.5,"BIDIFAC+",6,4,5,0.324027621753843,0.272616300000816,0.494464445862569,0.266311509565476,108.666999999998,NA
74,0.25,0.392699081698724,22.5,"BIDIFAC+",6,5,4,0.280342592753769,0.262702137857798,0.47935090867843,0.263988996950499,114.933000000001,NA
75,0.25,0.392699081698724,22.5,"BIDIFAC+",6,4,4,0.278208293358358,0.267209112324416,0.483969429150066,0.259855059169862,116.848999999998,NA
76,0.25,0.392699081698724,22.5,"BIDIFAC+",6,4,4,0.298265840753651,0.281021240373838,0.514823566404543,0.263456372059948,114.028000000002,NA
77,0.25,0.392699081698724,22.5,"BIDIFAC+",6,5,4,0.294747105356338,0.28250775824969,0.499872282558028,0.261359299366363,110.538,NA
78,0.25,0.392699081698724,22.5,"BIDIFAC+",6,4,4,0.287895622843973,0.26582617482076,0.502676478005239,0.264753843733988,101.308000000001,NA
79,0.25,0.392699081698724,22.5,"BIDIFAC+",6,4,4,0.327992333408976,0.288012537841305,0.508957834505865,0.262487499910211,106.509000000002,NA
80,0.25,0.392699081698724,22.5,"BIDIFAC+",7,4,4,0.30673540456646,0.284139366708276,0.504906065813771,0.260450993875322,95.4719999999979,NA
81,0.25,0.392699081698724,22.5,"BIDIFAC+",6,5,4,0.304182235576581,0.286997462902549,0.483366686257473,0.257785134294392,111.823,NA
82,0.25,0.392699081698724,22.5,"BIDIFAC+",6,5,4,0.289172468117107,0.27768169410645,0.478883967763923,0.268805753138552,98.3259999999973,NA
83,0.25,0.392699081698724,22.5,"BIDIFAC+",6,5,3,0.295823540429756,0.276203264873201,0.501797408832549,0.263903452774122,113.530000000002,NA
84,0.25,0.392699081698724,22.5,"BIDIFAC+",6,5,5,0.289877999997098,0.273922796995185,0.490778058779367,0.258328737774988,106.976000000002,NA
85,0.25,0.392699081698724,22.5,"BIDIFAC+",6,4,4,0.291350750727743,0.275422581214423,0.510238661231704,0.262623269632864,116.905000000002,NA
86,0.25,0.392699081698724,22.5,"BIDIFAC+",7,4,4,0.282720959042379,0.267735051003836,0.489343226549945,0.268099433120175,115.565999999999,NA
87,0.25,0.392699081698724,22.5,"BIDIFAC+",6,5,4,0.281402056531779,0.265595681898607,0.490497882335399,0.266518432025158,103.449000000001,NA
88,0.25,0.392699081698724,22.5,"BIDIFAC+",7,4,4,0.324038319025283,0.292052952198328,0.502728061143345,0.264019597320244,100.325000000001,NA
89,0.25,0.392699081698724,22.5,"BIDIFAC+",6,4,5,0.303954373130515,0.281547177090802,0.487218205510266,0.2627759358955,114.453999999998,NA
90,0.25,0.392699081698724,22.5,"BIDIFAC+",7,4,3,0.2966898346722,0.28561547010261,0.532048432466971,0.259502892092276,116.228000000003,NA
91,0.25,0.392699081698724,22.5,"BIDIFAC+",6,4,4,0.330933937985565,0.282208323993916,0.489605753312016,0.271011542546722,108.941999999999,NA
92,0.25,0.392699081698724,22.5,"BIDIFAC+",6,4,3,0.305590951540299,0.281773597117049,0.513788689356228,0.261035611656175,118.261000000002,NA
93,0.25,0.392699081698724,22.5,"BIDIFAC+",6,4,4,0.314778375559862,0.28291068326516,0.496797928822883,0.260425368881989,123.137999999999,NA
94,0.25,0.392699081698724,22.5,"BIDIFAC+",6,4,4,0.282220618980469,0.265167101032563,0.469395079589966,0.258177437583084,106.657999999999,NA
95,0.25,0.392699081698724,22.5,"BIDIFAC+",7,4,3,0.308942703361851,0.281058420166853,0.500990339573742,0.258388169751524,98.6370000000024,NA
96,0.25,0.392699081698724,22.5,"BIDIFAC+",6,4,4,0.295449667301931,0.276039124613582,0.477678726385945,0.269872009899273,113.852999999999,NA
97,0.25,0.392699081698724,22.5,"BIDIFAC+",6,4,4,0.304495354394515,0.279242563249499,0.508933777648182,0.26646467138176,111.540000000001,NA
98,0.25,0.392699081698724,22.5,"BIDIFAC+",7,4,4,0.317304569013564,0.269773201196164,0.492723180907117,0.266036167850734,115.902999999998,NA
99,0.25,0.392699081698724,22.5,"BIDIFAC+",6,4,4,0.318284538094649,0.284571695076733,0.497277197081052,0.262089466750399,111.077000000001,NA
100,0.25,0.392699081698724,22.5,"BIDIFAC+",6,4,3,0.287698125392728,0.276507557129548,0.499083341378983,0.263949111709033,113.717000000001,NA
1,0.5,0.392699081698724,22.5,"BIDIFAC+",6,4,3,0.217192687692557,0.173556500315937,0.406460193934915,0.150545182747618,177.826000000001,NA
2,0.5,0.392699081698724,22.5,"BIDIFAC+",6,4,5,0.195347325207478,0.177932115843657,0.404840819152076,0.151582082837657,190.435999999998,NA
3,0.5,0.392699081698724,22.5,"BIDIFAC+",6,5,5,0.202216869754057,0.179195816714201,0.388816563228043,0.15189528280728,204.982,NA
4,0.5,0.392699081698724,22.5,"BIDIFAC+",6,4,3,0.197468477274848,0.175493247606639,0.388637701614029,0.150581548143248,202.194,NA
5,0.5,0.392699081698724,22.5,"BIDIFAC+",7,4,4,0.189078133296461,0.173656312148989,0.39286561440666,0.151694977916148,195.055999999997,NA
6,0.5,0.392699081698724,22.5,"BIDIFAC+",6,4,4,0.215805404735195,0.175976950285668,0.400587245986142,0.150983112219525,204.490000000002,NA
7,0.5,0.392699081698724,22.5,"BIDIFAC+",6,5,5,0.203714133872493,0.17689638203247,0.390419117480515,0.150250377652391,205.994999999999,NA
8,0.5,0.392699081698724,22.5,"BIDIFAC+",6,4,4,0.193477938698771,0.173577790953191,0.387925113270504,0.148698391691128,161.317999999999,NA
9,0.5,0.392699081698724,22.5,"BIDIFAC+",6,4,5,0.208267829892423,0.179618832221879,0.395635670702343,0.150996782337306,192.065000000002,NA
10,0.5,0.392699081698724,22.5,"BIDIFAC+",6,4,4,0.196417986468384,0.174987032120338,0.398965059496205,0.151362835251185,217.231,NA
11,0.5,0.392699081698724,22.5,"BIDIFAC+",6,4,4,0.21759157554773,0.183104429543388,0.413267499424093,0.150174675373807,197.463,NA
12,0.5,0.392699081698724,22.5,"BIDIFAC+",6,5,4,0.198328462998095,0.178496347873773,0.395453933217531,0.151197955175459,187.092000000001,NA
13,0.5,0.392699081698724,22.5,"BIDIFAC+",7,4,5,0.205884105131418,0.175665022695688,0.402268345190989,0.149349218120804,187.323999999997,NA
14,0.5,0.392699081698724,22.5,"BIDIFAC+",6,5,4,0.192839354955445,0.176681995854417,0.39605537669685,0.151490732273192,198.049999999999,NA
15,0.5,0.392699081698724,22.5,"BIDIFAC+",6,5,4,0.189166951265614,0.177372799950508,0.386872515921124,0.152015483819368,213.374,NA
16,0.5,0.392699081698724,22.5,"BIDIFAC+",6,5,4,0.203079994188573,0.179698919962113,0.378960396502155,0.151801561647708,192.657999999999,NA
17,0.5,0.392699081698724,22.5,"BIDIFAC+",6,4,4,0.197974426655859,0.179956984620678,0.401929962451447,0.151761085479505,207.209999999999,NA
18,0.5,0.392699081698724,22.5,"BIDIFAC+",7,4,4,0.193899172065891,0.1794685489331,0.399996520275462,0.149210914412662,192.288,NA
19,0.5,0.392699081698724,22.5,"BIDIFAC+",6,5,4,0.193917078154617,0.174193045035542,0.398926669924743,0.150909167831597,207.879000000001,NA
20,0.5,0.392699081698724,22.5,"BIDIFAC+",6,4,4,0.196367452748132,0.176251452707147,0.39104740673627,0.151205505693104,191.387999999999,NA
21,0.5,0.392699081698724,22.5,"BIDIFAC+",6,5,4,0.195521050369687,0.174603467920969,0.387867151417663,0.150300751061608,200.563999999998,NA
22,0.5,0.392699081698724,22.5,"BIDIFAC+",6,5,5,0.202805731538205,0.177361130288653,0.38933946944525,0.152121906660604,174.656000000003,NA
23,0.5,0.392699081698724,22.5,"BIDIFAC+",6,4,4,0.201807746173629,0.171868954488898,0.393084162732281,0.151052074349929,216.23,NA
24,0.5,0.392699081698724,22.5,"BIDIFAC+",6,4,4,0.198605848585741,0.174047391901398,0.398429572189707,0.15039198207981,177.072,NA
25,0.5,0.392699081698724,22.5,"BIDIFAC+",6,4,5,0.203330642503798,0.178350119578623,0.398049329893277,0.150313054213874,201.267,NA
26,0.5,0.392699081698724,22.5,"BIDIFAC+",6,5,5,0.207409650949685,0.18133619553095,0.409606885475105,0.149165964076093,179.172000000002,NA
27,0.5,0.392699081698724,22.5,"BIDIFAC+",6,4,5,0.20765237302329,0.179600854220932,0.404246432333221,0.14965502449501,186.629000000001,NA
28,0.5,0.392699081698724,22.5,"BIDIFAC+",6,4,4,0.192566651928394,0.174058257080717,0.395516164524584,0.152614450221544,187.741999999998,NA
29,0.5,0.392699081698724,22.5,"BIDIFAC+",6,4,4,0.19309411703186,0.170025784900404,0.395659742586192,0.150762621587504,186.535,NA
30,0.5,0.392699081698724,22.5,"BIDIFAC+",7,5,5,0.192438178811188,0.173248121682547,0.395612346192248,0.151397387013321,182.342000000001,NA
31,0.5,0.392699081698724,22.5,"BIDIFAC+",7,4,4,0.195512870480699,0.175762019977274,0.396583446253759,0.150610309771386,179.055,NA
32,0.5,0.392699081698724,22.5,"BIDIFAC+",6,4,4,0.20801474924993,0.180398160692127,0.398283626494207,0.150402001928919,206.418000000001,NA
33,0.5,0.392699081698724,22.5,"BIDIFAC+",6,5,4,0.204190957169607,0.182848162009051,0.405762623160292,0.150712181408141,212.859,NA
34,0.5,0.392699081698724,22.5,"BIDIFAC+",6,4,4,0.190067667316013,0.170483509927254,0.386353411219651,0.15025469511682,198.506999999998,NA
35,0.5,0.392699081698724,22.5,"BIDIFAC+",6,5,5,0.212042941522475,0.184261149858388,0.399624410097536,0.151343006157793,209.846000000001,NA
36,0.5,0.392699081698724,22.5,"BIDIFAC+",6,4,5,0.215140789709788,0.179520068622174,0.396549173993669,0.151496713177589,204.626,NA
37,0.5,0.392699081698724,22.5,"BIDIFAC+",6,4,5,0.195059454018196,0.175099789298931,0.389686893973613,0.149823046635424,198.588,NA
38,0.5,0.392699081698724,22.5,"BIDIFAC+",6,4,4,0.216609594176518,0.178549293208764,0.413165392733201,0.152676254486622,195.181,NA
39,0.5,0.392699081698724,22.5,"BIDIFAC+",6,4,5,0.205922541219651,0.177433470348731,0.397530972599496,0.150969767601919,180.239000000001,NA
40,0.5,0.392699081698724,22.5,"BIDIFAC+",6,4,5,0.20398890681552,0.180982112813586,0.38609148875234,0.151668393624929,198.907000000003,NA
41,0.5,0.392699081698724,22.5,"BIDIFAC+",7,5,4,0.193621316322597,0.178876282582117,0.39919148341781,0.150313517625719,198.338,NA
42,0.5,0.392699081698724,22.5,"BIDIFAC+",6,4,4,0.207429973033604,0.17275535958296,0.395479550643985,0.150384001104551,199.097999999998,NA
43,0.5,0.392699081698724,22.5,"BIDIFAC+",6,5,4,0.20296115919357,0.177832361784338,0.401205286824284,0.152113144508436,194.532000000003,NA
44,0.5,0.392699081698724,22.5,"BIDIFAC+",7,4,5,0.21327983535262,0.180689873348218,0.400136791540377,0.152395146653979,203.842000000001,NA
45,0.5,0.392699081698724,22.5,"BIDIFAC+",6,4,5,0.211593125380372,0.178558216875213,0.411022030894848,0.151951688797725,222.725000000002,NA
46,0.5,0.392699081698724,22.5,"BIDIFAC+",6,4,4,0.204685416530086,0.182364227256522,0.415055938286067,0.151756723364788,190.706999999999,NA
47,0.5,0.392699081698724,22.5,"BIDIFAC+",6,5,5,0.21135350564922,0.180853806472478,0.407870899633406,0.150125094418444,199.878999999997,NA
48,0.5,0.392699081698724,22.5,"BIDIFAC+",6,4,3,0.200771069236554,0.17489980240946,0.393374921794846,0.149712782472,194.690999999999,NA
49,0.5,0.392699081698724,22.5,"BIDIFAC+",6,5,4,0.191661747924992,0.176164734573568,0.389803622175217,0.152554273567231,193.262999999999,NA
50,0.5,0.392699081698724,22.5,"BIDIFAC+",6,4,5,0.196934444687779,0.174076223208075,0.392268337021219,0.150955886834629,201.831999999999,NA
51,0.5,0.392699081698724,22.5,"BIDIFAC+",7,5,5,0.211459641504987,0.18653233488484,0.400119664926234,0.151323758562519,196.350000000002,NA
52,0.5,0.392699081698724,22.5,"BIDIFAC+",6,4,5,0.198585099169571,0.173092789228967,0.386763892911235,0.152520329691904,203.779999999999,NA
53,0.5,0.392699081698724,22.5,"BIDIFAC+",6,5,5,0.201738532804379,0.179573748378364,0.403123609081557,0.150192447399751,209.990999999998,NA
54,0.5,0.392699081698724,22.5,"BIDIFAC+",6,5,5,0.220988869706408,0.189076774025177,0.402558279338187,0.149932296483479,209.882999999998,NA
55,0.5,0.392699081698724,22.5,"BIDIFAC+",6,5,4,0.197493915696345,0.175117998493622,0.399056214537053,0.149435105089217,199.023999999998,NA
56,0.5,0.392699081698724,22.5,"BIDIFAC+",6,4,5,0.200890665080986,0.171374444736717,0.382799429399566,0.150741744651539,178.037,NA
57,0.5,0.392699081698724,22.5,"BIDIFAC+",6,4,5,0.204742313535736,0.179763767827832,0.40003091732447,0.152307107433747,173.055,NA
58,0.5,0.392699081698724,22.5,"BIDIFAC+",6,5,4,0.198475101859872,0.178294399331668,0.39924259456408,0.150369520850986,208.363999999998,NA
59,0.5,0.392699081698724,22.5,"BIDIFAC+",6,4,5,0.215261366386654,0.185368377548795,0.412970636168548,0.151642086585576,208.673000000003,NA
60,0.5,0.392699081698724,22.5,"BIDIFAC+",6,4,5,0.211015372044084,0.171049347629441,0.406449944273598,0.14968032207805,209.021000000001,NA
61,0.5,0.392699081698724,22.5,"BIDIFAC+",6,4,5,0.211420104266986,0.177249260493088,0.38814044591238,0.150234904585482,210.717000000001,NA
62,0.5,0.392699081698724,22.5,"BIDIFAC+",6,4,4,0.199060027693163,0.178026067455577,0.384474123534023,0.150145096277721,212.530999999999,NA
63,0.5,0.392699081698724,22.5,"BIDIFAC+",6,4,4,0.191805393101266,0.177463811041067,0.394423655501054,0.150088084490344,182.917000000001,NA
64,0.5,0.392699081698724,22.5,"BIDIFAC+",6,4,4,0.210911409747173,0.180914268573335,0.401650396492691,0.151311526469214,204.467000000001,NA
65,0.5,0.392699081698724,22.5,"BIDIFAC+",7,4,5,0.194060031360992,0.172829108090788,0.381359326768743,0.150408936818423,197.384000000002,NA
66,0.5,0.392699081698724,22.5,"BIDIFAC+",6,5,5,0.193321869358956,0.179586497405741,0.394329061062656,0.148600888766463,202.133999999998,NA
67,0.5,0.392699081698724,22.5,"BIDIFAC+",6,4,5,0.200420495158937,0.17307797423583,0.393275242363758,0.151750023824513,189.806,NA
68,0.5,0.392699081698724,22.5,"BIDIFAC+",6,5,5,0.205744487741562,0.180089971253668,0.398413748120191,0.151766764779429,181.357,NA
69,0.5,0.392699081698724,22.5,"BIDIFAC+",6,4,4,0.193310483889108,0.175138189224654,0.386292353410993,0.150558676391875,190.089,NA
70,0.5,0.392699081698724,22.5,"BIDIFAC+",6,4,5,0.223242287886527,0.185927643560779,0.413787853155365,0.151333470563089,203.931,NA
71,0.5,0.392699081698724,22.5,"BIDIFAC+",6,5,5,0.196858859196111,0.176343471903652,0.391154838574916,0.150503646073176,201.145,NA
72,0.5,0.392699081698724,22.5,"BIDIFAC+",6,4,4,0.193624025257488,0.17535251600988,0.406705254874118,0.153062711112975,206.207999999999,NA
73,0.5,0.392699081698724,22.5,"BIDIFAC+",6,4,5,0.216644473295053,0.182462112811217,0.41641474021315,0.150347479243067,200.248,NA
74,0.5,0.392699081698724,22.5,"BIDIFAC+",6,4,5,0.2045029262449,0.178183980791635,0.388666938174475,0.152081913312997,202.228000000003,NA
75,0.5,0.392699081698724,22.5,"BIDIFAC+",7,5,5,0.196399174883733,0.177341809823244,0.390379244099414,0.151644249635471,186.423000000003,NA
76,0.5,0.392699081698724,22.5,"BIDIFAC+",6,4,5,0.220022353966341,0.180808681377441,0.407550674476921,0.1516542842712,200.170999999998,NA
77,0.5,0.392699081698724,22.5,"BIDIFAC+",6,4,5,0.216561275485186,0.178821153024014,0.39544438404754,0.149158354079511,174.897000000001,NA
78,0.5,0.392699081698724,22.5,"BIDIFAC+",6,4,4,0.202146303323496,0.174298267375986,0.392432388130473,0.150117456985681,188.062999999998,NA
79,0.5,0.392699081698724,22.5,"BIDIFAC+",6,5,4,0.190877492219969,0.174282228794391,0.386838564941173,0.151342369888999,212.236999999997,NA
80,0.5,0.392699081698724,22.5,"BIDIFAC+",6,5,5,0.201198730895223,0.183601164073876,0.390667860226811,0.150248200369375,180.509999999998,NA
81,0.5,0.392699081698724,22.5,"BIDIFAC+",7,4,3,0.195921223518474,0.172346424091559,0.400504661736876,0.150344919943133,184.152999999998,NA
82,0.5,0.392699081698724,22.5,"BIDIFAC+",6,4,4,0.204559617947368,0.174034656482767,0.393500758799067,0.151182587911257,201.311999999998,NA
83,0.5,0.392699081698724,22.5,"BIDIFAC+",6,4,4,0.188779738209715,0.173222214972534,0.399669058921016,0.152228272976138,207.427,NA
84,0.5,0.392699081698724,22.5,"BIDIFAC+",6,5,3,0.181465770807199,0.169297435646755,0.375765095633085,0.151182524598059,205.772999999997,NA
85,0.5,0.392699081698724,22.5,"BIDIFAC+",6,5,5,0.204153787283364,0.181012351656731,0.394547975798952,0.150335557321128,190.807000000001,NA
86,0.5,0.392699081698724,22.5,"BIDIFAC+",6,5,4,0.204595544524891,0.183375207299971,0.400523525925188,0.152223828284639,196.266,NA
87,0.5,0.392699081698724,22.5,"BIDIFAC+",6,4,3,0.191703709017096,0.174099156465894,0.396966021751622,0.148913933009788,198.435999999998,NA
88,0.5,0.392699081698724,22.5,"BIDIFAC+",6,5,4,0.195489506178337,0.176813878720887,0.403082467139077,0.152884811550131,204.900000000001,NA
89,0.5,0.392699081698724,22.5,"BIDIFAC+",6,4,4,0.194041992622106,0.173687583180814,0.396183252018352,0.150824577828202,180.723000000002,NA
90,0.5,0.392699081698724,22.5,"BIDIFAC+",6,5,4,0.194431146537474,0.173797541297612,0.387635424142414,0.152297547322404,205.993000000002,NA
91,0.5,0.392699081698724,22.5,"BIDIFAC+",6,4,5,0.210650619590288,0.178895703076324,0.400983500745569,0.150008192870665,201.576999999997,NA
92,0.5,0.392699081698724,22.5,"BIDIFAC+",6,4,5,0.206420533257709,0.174852402408065,0.389049154738863,0.153469527132331,177.819,NA
93,0.5,0.392699081698724,22.5,"BIDIFAC+",7,5,5,0.204128495668407,0.18113117816969,0.402481181449486,0.15046299466741,181.207000000002,NA
94,0.5,0.392699081698724,22.5,"BIDIFAC+",6,4,4,0.213368343341163,0.176416402183572,0.405791188992885,0.151459150663276,181.949000000001,NA
95,0.5,0.392699081698724,22.5,"BIDIFAC+",6,4,5,0.19662094485494,0.174478698454031,0.382205193469087,0.149890639940027,210.624,NA
96,0.5,0.392699081698724,22.5,"BIDIFAC+",6,4,5,0.204256405930571,0.176353704264422,0.400965194836855,0.149631283695294,201.045000000002,NA
97,0.5,0.392699081698724,22.5,"BIDIFAC+",6,5,5,0.212462382042513,0.177314552916612,0.402446399344822,0.150588467817969,196.957999999999,NA
98,0.5,0.392699081698724,22.5,"BIDIFAC+",6,5,5,0.201300959287644,0.182123522239109,0.395276753831618,0.150715534447023,203.874,NA
99,0.5,0.392699081698724,22.5,"BIDIFAC+",6,5,5,0.197933770405086,0.178431099346116,0.397186019573393,0.15170148557578,196.823,NA
100,0.5,0.392699081698724,22.5,"BIDIFAC+",6,4,4,0.20703120641645,0.17987918076085,0.405229105634446,0.152062874423041,207.843000000001,NA
1,1,0.392699081698724,22.5,"BIDIFAC+",7,4,7,0.174705354749439,0.175098336140301,0.307384162487294,0.112338709276942,324.324000000001,NA
2,1,0.392699081698724,22.5,"BIDIFAC+",6,5,7,0.176936399649083,0.176208902191832,0.309130645682345,0.112433184552822,361.341,NA
3,1,0.392699081698724,22.5,"BIDIFAC+",6,4,7,0.190800615331748,0.178094067694714,0.323039016453999,0.113248268283737,374.575000000001,NA
4,1,0.392699081698724,22.5,"BIDIFAC+",6,4,6,0.180919089398147,0.176105800912707,0.316941543155148,0.113388517529116,364.174999999999,NA
5,1,0.392699081698724,22.5,"BIDIFAC+",6,4,7,0.185881901919027,0.175860384981812,0.315982519921313,0.113212793685069,368.785,NA
6,1,0.392699081698724,22.5,"BIDIFAC+",6,4,6,0.173987780035866,0.17498488123197,0.315082524014285,0.112555982706604,355.296999999999,NA
7,1,0.392699081698724,22.5,"BIDIFAC+",6,4,6,0.182921137363952,0.177081699158291,0.319381071496528,0.112472770463875,347.170999999998,NA
8,1,0.392699081698724,22.5,"BIDIFAC+",6,5,6,0.167849612032605,0.168583886231048,0.303508949910041,0.112928447583289,378.143,NA
9,1,0.392699081698724,22.5,"BIDIFAC+",6,4,6,0.178468682724052,0.175973584670473,0.313939016111238,0.112994674352998,352.484,NA
10,1,0.392699081698724,22.5,"BIDIFAC+",6,5,7,0.171095087289064,0.173577601019262,0.310987180773442,0.112708286565841,380.095000000001,NA
11,1,0.392699081698724,22.5,"BIDIFAC+",6,5,7,0.178150193900785,0.174347174327924,0.310701022983184,0.112632689083854,351.826000000001,NA
12,1,0.392699081698724,22.5,"BIDIFAC+",6,4,7,0.186362711085597,0.177916673376454,0.321853968653006,0.11319134192832,338.59,NA
13,1,0.392699081698724,22.5,"BIDIFAC+",6,5,7,0.171744771809698,0.172839046779858,0.306389709358191,0.113163532878171,387.696,NA
14,1,0.392699081698724,22.5,"BIDIFAC+",6,4,7,0.190959191639965,0.180300559509237,0.317397723852396,0.114246980993773,344.713,NA
15,1,0.392699081698724,22.5,"BIDIFAC+",6,4,6,0.173295562767181,0.175216734069921,0.310484987969465,0.113833058143735,360.301000000003,NA
16,1,0.392699081698724,22.5,"BIDIFAC+",6,5,7,0.176125686668471,0.177210241275163,0.312064188426458,0.113481849766012,340.272000000001,NA
17,1,0.392699081698724,22.5,"BIDIFAC+",6,4,6,0.175880402112076,0.1755473697574,0.31323663804516,0.112118805960907,365.43,NA
18,1,0.392699081698724,22.5,"BIDIFAC+",6,5,6,0.174863153943155,0.176917955889676,0.312112804756457,0.114270321002781,355.549999999999,NA
19,1,0.392699081698724,22.5,"BIDIFAC+",6,4,7,0.182111777494939,0.174210395366188,0.315902915103607,0.112399302654521,346.808999999997,NA
20,1,0.392699081698724,22.5,"BIDIFAC+",6,5,7,0.176673843236186,0.17502806695772,0.314457754974787,0.112692959805385,345.612000000001,NA
21,1,0.392699081698724,22.5,"BIDIFAC+",6,5,7,0.175060258049298,0.176203810637939,0.312186788076369,0.11295354351889,333.151000000002,NA
22,1,0.392699081698724,22.5,"BIDIFAC+",6,4,7,0.177509432987863,0.175732389160162,0.313220032058169,0.111113121095733,384.869000000002,NA
23,1,0.392699081698724,22.5,"BIDIFAC+",6,4,6,0.171671425179094,0.174974268110578,0.306385413319208,0.114141644907579,341.536,NA
24,1,0.392699081698724,22.5,"BIDIFAC+",6,5,7,0.174419137896914,0.173679885716275,0.308713896139084,0.112413978097529,360.471000000001,NA
25,1,0.392699081698724,22.5,"BIDIFAC+",6,4,7,0.182303359319473,0.17202766192087,0.313928889365907,0.112952074734058,344.463,NA
26,1,0.392699081698724,22.5,"BIDIFAC+",6,5,7,0.178944274632884,0.175863626171761,0.314534310137636,0.113208566755,335.68,NA
27,1,0.392699081698724,22.5,"BIDIFAC+",6,4,7,0.18399664502743,0.178061978441544,0.318308229977848,0.114420816590759,362.274000000001,NA
28,1,0.392699081698724,22.5,"BIDIFAC+",6,5,6,0.176748256220885,0.175832174756457,0.31521261674144,0.113128497592871,346.683000000001,NA
29,1,0.392699081698724,22.5,"BIDIFAC+",6,4,7,0.177958655089134,0.177427141350985,0.31143535589138,0.113415947450223,346.288999999997,NA
30,1,0.392699081698724,22.5,"BIDIFAC+",7,4,7,0.176188838021655,0.174458269117717,0.309247880645049,0.112739899941228,343.787,NA
31,1,0.392699081698724,22.5,"BIDIFAC+",6,4,7,0.180626187375371,0.174918376063513,0.310659217583812,0.114430036394837,359.232,NA
32,1,0.392699081698724,22.5,"BIDIFAC+",6,4,6,0.177351618515656,0.175500251595866,0.313552777689928,0.11392743849118,354.264999999999,NA
33,1,0.392699081698724,22.5,"BIDIFAC+",6,5,7,0.175256520920659,0.174918308310576,0.30856706901886,0.113459986111343,342.862000000001,NA
34,1,0.392699081698724,22.5,"BIDIFAC+",7,5,5,0.176353908633906,0.176868140705194,0.316793906015539,0.114331098999775,371.734,NA
35,1,0.392699081698724,22.5,"BIDIFAC+",6,4,7,0.178064511533459,0.175933230357416,0.315172364482214,0.113486705247889,379.351000000002,NA
36,1,0.392699081698724,22.5,"BIDIFAC+",7,5,7,0.180927381924934,0.177699211703827,0.317579032818294,0.114696188288367,335.470000000001,NA
37,1,0.392699081698724,22.5,"BIDIFAC+",6,4,7,0.184093914636635,0.175088980055794,0.318615932826234,0.112677673026435,346.055,NA
38,1,0.392699081698724,22.5,"BIDIFAC+",6,5,7,0.17746331275774,0.17872986792382,0.312168052335923,0.112679079801764,315.162,NA
39,1,0.392699081698724,22.5,"BIDIFAC+",6,5,7,0.177100801676171,0.175193065255868,0.315625953480259,0.112430517507543,339.710999999999,NA
40,1,0.392699081698724,22.5,"BIDIFAC+",6,4,7,0.184749795157401,0.175582648696752,0.315132854925635,0.112114146203859,375.885999999999,NA
41,1,0.392699081698724,22.5,"BIDIFAC+",7,4,6,0.170555992000127,0.172884479924132,0.304817666972595,0.113857809335287,390.537,NA
42,1,0.392699081698724,22.5,"BIDIFAC+",6,4,7,0.190458174943472,0.180346041319087,0.319137766046707,0.113237993214371,385.608999999997,NA
43,1,0.392699081698724,22.5,"BIDIFAC+",7,4,6,0.187944258345391,0.175840857348178,0.323940545895984,0.11351715356599,372.876,NA
44,1,0.392699081698724,22.5,"BIDIFAC+",6,5,6,0.176416565926899,0.177147204855085,0.312563240043599,0.113219234520498,381.471000000001,NA
45,1,0.392699081698724,22.5,"BIDIFAC+",7,5,7,0.176424796811058,0.175863082361893,0.311024867704891,0.11196864220784,331.462000000003,NA
46,1,0.392699081698724,22.5,"BIDIFAC+",6,4,7,0.186011276192765,0.173152216682239,0.31600963731992,0.111730224178556,372.377999999997,NA
47,1,0.392699081698724,22.5,"BIDIFAC+",6,5,7,0.183556497576606,0.177414749417772,0.314744106314393,0.112835345035869,352.689999999999,NA
48,1,0.392699081698724,22.5,"BIDIFAC+",6,5,6,0.180402073856793,0.178649818125316,0.321966523926295,0.114951520920489,354.364000000001,NA
49,1,0.392699081698724,22.5,"BIDIFAC+",6,4,6,0.1897725662642,0.176919762460965,0.319944604809391,0.112863080952098,372.651999999998,NA
50,1,0.392699081698724,22.5,"BIDIFAC+",6,4,6,0.182241502867878,0.175607543287716,0.316340533477087,0.113163210726663,353.165000000001,NA
51,1,0.392699081698724,22.5,"BIDIFAC+",6,4,7,0.179744981113663,0.178551593670864,0.319990337646325,0.113276137995906,376.284,NA
52,1,0.392699081698724,22.5,"BIDIFAC+",6,4,6,0.169129679224387,0.171617618020667,0.303264641254976,0.112309168587123,362.547999999999,NA
53,1,0.392699081698724,22.5,"BIDIFAC+",7,5,7,0.179011651733904,0.177622335874561,0.315986407807063,0.113097681720889,356.018,NA
54,1,0.392699081698724,22.5,"BIDIFAC+",7,4,7,0.18532358332785,0.175775557940278,0.314920779981442,0.113487817975632,349.530999999999,NA
55,1,0.392699081698724,22.5,"BIDIFAC+",6,4,6,0.179594051436553,0.175006820129006,0.311862994831158,0.112496530022565,334.120999999999,NA
56,1,0.392699081698724,22.5,"BIDIFAC+",6,4,6,0.176066353664247,0.177176562772054,0.31401778270076,0.112157431337584,354.380000000001,NA
57,1,0.392699081698724,22.5,"BIDIFAC+",6,5,7,0.188743914565668,0.176677601437804,0.318959219520405,0.11267946167724,357.57,NA
58,1,0.392699081698724,22.5,"BIDIFAC+",6,4,6,0.172743589004576,0.174596616649541,0.309665351505142,0.112964629148237,330.972999999998,NA
59,1,0.392699081698724,22.5,"BIDIFAC+",7,4,7,0.184295659778459,0.175007602028024,0.311971038119733,0.112009010555192,353.632000000001,NA
60,1,0.392699081698724,22.5,"BIDIFAC+",6,4,7,0.180509236104642,0.174040428263364,0.315259173800456,0.113841121985109,363.715,NA
61,1,0.392699081698724,22.5,"BIDIFAC+",6,4,6,0.180391263460092,0.175569466377818,0.312108460779634,0.112653293919539,358.808999999997,NA
62,1,0.392699081698724,22.5,"BIDIFAC+",6,5,7,0.178352897335639,0.178819272410679,0.31716864280816,0.11174827381434,348.745999999999,NA
63,1,0.392699081698724,22.5,"BIDIFAC+",6,5,6,0.176499259268151,0.178217488246881,0.3160007091985,0.114473025391865,348.998,NA
64,1,0.392699081698724,22.5,"BIDIFAC+",6,5,7,0.185760924988065,0.177646527066311,0.318698520583742,0.113482551718937,365.556,NA
65,1,0.392699081698724,22.5,"BIDIFAC+",6,4,7,0.177555035158673,0.174301991469808,0.314086852561096,0.113177076501803,332.630000000001,NA
66,1,0.392699081698724,22.5,"BIDIFAC+",6,5,6,0.173285801434646,0.170639837335942,0.308022042843946,0.112022878860405,352.927,NA
67,1,0.392699081698724,22.5,"BIDIFAC+",6,4,6,0.175511131699789,0.174262035240447,0.314225402830647,0.113492095027368,355.965,NA
68,1,0.392699081698724,22.5,"BIDIFAC+",6,5,7,0.175743081345446,0.175155928423097,0.312905668135914,0.113645472898753,366.713000000003,NA
69,1,0.392699081698724,22.5,"BIDIFAC+",6,4,6,0.189582626173459,0.178363740699603,0.323889604862198,0.113855745927973,356.146000000001,NA
70,1,0.392699081698724,22.5,"BIDIFAC+",6,4,7,0.182009544963953,0.172771638179982,0.309687294445854,0.113575874210954,373.241999999998,NA
71,1,0.392699081698724,22.5,"BIDIFAC+",6,4,6,0.177154692539897,0.17094856420651,0.303646707057356,0.111973083024352,373.462,NA
72,1,0.392699081698724,22.5,"BIDIFAC+",6,4,7,0.185249125106778,0.175627109179117,0.311042814952085,0.112678820126644,373.062999999998,NA
73,1,0.392699081698724,22.5,"BIDIFAC+",6,5,6,0.175179387780198,0.174476848044152,0.310687395804783,0.113411226930351,333.315000000002,NA
74,1,0.392699081698724,22.5,"BIDIFAC+",6,5,6,0.175545014219289,0.174554804511515,0.310583854436376,0.111924967723486,352.943000000003,NA
75,1,0.392699081698724,22.5,"BIDIFAC+",6,4,7,0.181108315068152,0.174663567985644,0.318119011442976,0.112006562860003,372.642,NA
76,1,0.392699081698724,22.5,"BIDIFAC+",7,5,7,0.177811608399404,0.177663645820757,0.313133361849885,0.11269173230114,343.830000000002,NA
77,1,0.392699081698724,22.5,"BIDIFAC+",6,4,6,0.18246795431799,0.17589081456134,0.31394514579932,0.113415291588698,371.859,NA
78,1,0.392699081698724,22.5,"BIDIFAC+",6,4,6,0.180418737231259,0.173016914280362,0.311400016231185,0.111831785493617,370.282999999999,NA
79,1,0.392699081698724,22.5,"BIDIFAC+",7,4,6,0.178431218220057,0.176487885650375,0.3092112327421,0.11366269959936,377.588,NA
80,1,0.392699081698724,22.5,"BIDIFAC+",6,4,7,0.183341797714102,0.176952332872182,0.317300722373098,0.113736914208311,353.889000000003,NA
81,1,0.392699081698724,22.5,"BIDIFAC+",6,5,7,0.173896716973266,0.173492559218614,0.310824861344561,0.112525497757275,339.722999999998,NA
82,1,0.392699081698724,22.5,"BIDIFAC+",6,4,7,0.183948791037605,0.176646694251579,0.311854639217416,0.112861697037668,354.995999999999,NA
83,1,0.392699081698724,22.5,"BIDIFAC+",6,5,6,0.171731258169821,0.172220519767565,0.309776493314018,0.112247548450791,381.672999999999,NA
84,1,0.392699081698724,22.5,"BIDIFAC+",6,4,7,0.178752172939481,0.178908614118133,0.317765628784489,0.11249712558004,324.641,NA
85,1,0.392699081698724,22.5,"BIDIFAC+",7,4,6,0.171919907841906,0.176640830362729,0.308720960261986,0.113720899215168,328.918000000001,NA
86,1,0.392699081698724,22.5,"BIDIFAC+",6,5,7,0.178563719640026,0.178557462477327,0.313043429484989,0.113524636268553,345.645,NA
87,1,0.392699081698724,22.5,"BIDIFAC+",6,4,6,0.178074037194302,0.177054920548439,0.312937927896197,0.11357763271079,335.761000000002,NA
88,1,0.392699081698724,22.5,"BIDIFAC+",7,4,7,0.184174044295126,0.179561131552176,0.317930297702757,0.113174107577113,371.295999999998,NA
89,1,0.392699081698724,22.5,"BIDIFAC+",6,5,6,0.176344227778489,0.176435555679578,0.310895713313758,0.113712919493403,336.138000000003,NA
90,1,0.392699081698724,22.5,"BIDIFAC+",6,4,5,0.179149695651814,0.17808020189593,0.318552456140675,0.112462338796943,344.636000000002,NA
91,1,0.392699081698724,22.5,"BIDIFAC+",7,4,6,0.187498461076784,0.179261225095888,0.323412994240635,0.113920162597264,349.325000000001,NA
92,1,0.392699081698724,22.5,"BIDIFAC+",6,4,6,0.175532118361287,0.175854584356731,0.310348354397388,0.113139102482814,380.403999999999,NA
93,1,0.392699081698724,22.5,"BIDIFAC+",6,5,7,0.178429020286221,0.178313415582666,0.319887705712303,0.113050743377686,361.137999999999,NA
94,1,0.392699081698724,22.5,"BIDIFAC+",7,4,6,0.18397565627978,0.177081914587363,0.31619206720781,0.112145739768542,365.815999999999,NA
95,1,0.392699081698724,22.5,"BIDIFAC+",6,5,7,0.174189608744632,0.174912124134535,0.307036901250129,0.113315206660464,362.734,NA
96,1,0.392699081698724,22.5,"BIDIFAC+",6,5,6,0.18289960423441,0.175865200256301,0.313541163789924,0.112971663276456,357.534,NA
97,1,0.392699081698724,22.5,"BIDIFAC+",6,4,7,0.192746473660947,0.179946924172786,0.326666410141749,0.114101476609332,362.902000000002,NA
98,1,0.392699081698724,22.5,"BIDIFAC+",6,4,7,0.183952346894461,0.17585318792819,0.31835042219807,0.112017031695376,377.009999999998,NA
99,1,0.392699081698724,22.5,"BIDIFAC+",6,5,7,0.179871835772669,0.176810892753011,0.315715386243021,0.113274668199992,353.561000000002,NA
100,1,0.392699081698724,22.5,"BIDIFAC+",6,4,6,0.174375576355849,0.173699684283636,0.3138855990368,0.112079187926817,377.142,NA
1,2,0.392699081698724,22.5,"BIDIFAC+",6,4,6,0.168017256496542,0.181144687930187,0.260160271065358,0.0935018919152829,680.471000000001,NA
2,2,0.392699081698724,22.5,"BIDIFAC+",6,5,7,0.175969228439257,0.181206015416342,0.265188116473669,0.0934135231226242,669.331999999999,NA
3,2,0.392699081698724,22.5,"BIDIFAC+",6,4,6,0.167588717807689,0.181271002419809,0.258929792136353,0.0938661860344916,677.021000000001,NA
4,2,0.392699081698724,22.5,"BIDIFAC+",6,4,6,0.168145301741823,0.179863533633395,0.25576616897982,0.0931299747392265,701.202000000001,NA
5,2,0.392699081698724,22.5,"BIDIFAC+",6,4,7,0.167671126344313,0.179626321625915,0.25769367956593,0.0930104250341164,699.987000000001,NA
6,2,0.392699081698724,22.5,"BIDIFAC+",6,5,7,0.172360847068295,0.179577812407441,0.261736038019881,0.0924414813740129,705.564000000002,NA
7,2,0.392699081698724,22.5,"BIDIFAC+",6,4,6,0.167143858879466,0.18028500703358,0.257562078778673,0.0933695385072499,691.267,NA
8,2,0.392699081698724,22.5,"BIDIFAC+",6,5,6,0.167078864542891,0.179847059235875,0.258543558218941,0.0932097639504916,707.075999999997,NA
9,2,0.392699081698724,22.5,"BIDIFAC+",6,4,7,0.171927623616407,0.17948044576638,0.259335612622465,0.0933289703867128,664.662,NA
10,2,0.392699081698724,22.5,"BIDIFAC+",6,4,6,0.174677506032817,0.179870435621605,0.262671840618416,0.0929932608167428,711.395,NA
11,2,0.392699081698724,22.5,"BIDIFAC+",6,4,6,0.167035180702805,0.17956786345199,0.259784788813608,0.0923805037255235,666.445,NA
12,2,0.392699081698724,22.5,"BIDIFAC+",6,5,8,0.173667753559541,0.179399740890704,0.26201687828015,0.0931457812278149,714.679,NA
13,2,0.392699081698724,22.5,"BIDIFAC+",6,4,7,0.172159328743654,0.178496630392873,0.260860369599248,0.0932801970360944,671.357,NA
14,2,0.392699081698724,22.5,"BIDIFAC+",7,4,6,0.171960678995447,0.17928433798042,0.260527037207018,0.0925945783067449,714.329999999998,NA
15,2,0.392699081698724,22.5,"BIDIFAC+",6,5,6,0.166745765493027,0.17946987267578,0.258383912968803,0.0931933629951454,682.152000000002,NA
16,2,0.392699081698724,22.5,"BIDIFAC+",6,4,7,0.167217492986702,0.179277270212155,0.256948788887142,0.0924621300255898,646.339,NA
17,2,0.392699081698724,22.5,"BIDIFAC+",6,4,7,0.167694518828445,0.178476307391232,0.258062048054052,0.092613776527103,714.922999999999,NA
18,2,0.392699081698724,22.5,"BIDIFAC+",6,5,7,0.16704709169748,0.179930329532346,0.257312419633644,0.0932225556103647,724.355,NA
19,2,0.392699081698724,22.5,"BIDIFAC+",6,5,7,0.176409029978746,0.182061089515697,0.264876487947871,0.0938263543847035,690.994000000002,NA
20,2,0.392699081698724,22.5,"BIDIFAC+",6,4,7,0.172174405556575,0.177899804490241,0.259568156039675,0.0923266529055918,725.016,NA
21,2,0.392699081698724,22.5,"BIDIFAC+",6,4,6,0.168142401043206,0.180939491985556,0.257922004997414,0.0930420094456681,732.507000000001,NA
22,2,0.392699081698724,22.5,"BIDIFAC+",6,4,6,0.172637697123119,0.179120414075337,0.261491502074462,0.0930272100210764,790.448,NA
23,2,0.392699081698724,22.5,"BIDIFAC+",6,4,6,0.166811924715248,0.179080734439523,0.256176225576454,0.0930406427913662,691.914000000001,NA
24,2,0.392699081698724,22.5,"BIDIFAC+",6,4,6,0.169085075229132,0.179684740369908,0.260478350453846,0.0928843282143067,662.037,NA
25,2,0.392699081698724,22.5,"BIDIFAC+",6,4,6,0.169928028662044,0.180613005655258,0.259833113254979,0.0933706566732287,690.593999999997,NA
26,2,0.392699081698724,22.5,"BIDIFAC+",6,4,7,0.168039755876491,0.179612315025379,0.258047911828415,0.0935639351629605,653.845000000001,NA
27,2,0.392699081698724,22.5,"BIDIFAC+",6,4,6,0.168254465368927,0.179305304487218,0.257100845117404,0.0934787665257751,661.768,NA
28,2,0.392699081698724,22.5,"BIDIFAC+",7,5,7,0.16827170702948,0.180030245985833,0.25830811204313,0.0933438065380289,695.212,NA
29,2,0.392699081698724,22.5,"BIDIFAC+",6,4,6,0.174161683397319,0.181904320039733,0.262015711941003,0.0937025340708003,722.719000000001,NA
30,2,0.392699081698724,22.5,"BIDIFAC+",6,4,6,0.169370854988306,0.179117350515805,0.26022200796389,0.0926845634816615,692.575999999997,NA
31,2,0.392699081698724,22.5,"BIDIFAC+",6,4,7,0.174977064501388,0.181213915331117,0.263365091814108,0.0937973060769181,697.368000000002,NA
32,2,0.392699081698724,22.5,"BIDIFAC+",7,4,6,0.167611468676394,0.1807482575621,0.257628649447235,0.0931026065356374,705.705999999998,NA
33,2,0.392699081698724,22.5,"BIDIFAC+",7,4,7,0.175638035124026,0.181699240613106,0.263629759489351,0.0938218208254638,686.860000000001,NA
34,2,0.392699081698724,22.5,"BIDIFAC+",6,5,7,0.168023887199017,0.178944848596721,0.256649115644113,0.0928832061334435,639.613000000001,NA
35,2,0.392699081698724,22.5,"BIDIFAC+",6,4,6,0.166183029341872,0.180871887929545,0.256316415760929,0.0929668856147368,706.369999999999,NA
36,2,0.392699081698724,22.5,"BIDIFAC+",6,4,7,0.170728664685517,0.181162881368431,0.261499023481714,0.0935065083113084,688.631999999998,NA
37,2,0.392699081698724,22.5,"BIDIFAC+",6,5,6,0.167668568515847,0.181609549091137,0.258158250371275,0.0940464982280799,700.847000000002,NA
38,2,0.392699081698724,22.5,"BIDIFAC+",6,4,6,0.165534672000737,0.179675394552047,0.255099064035578,0.0931022501549989,675.213,NA
39,2,0.392699081698724,22.5,"BIDIFAC+",7,4,7,0.172688068484134,0.180185217897472,0.262218430026485,0.093087129232026,692.879000000001,NA
40,2,0.392699081698724,22.5,"BIDIFAC+",6,5,6,0.166763815087364,0.179438899485965,0.258153337954788,0.0925151150514124,704.055,NA
41,2,0.392699081698724,22.5,"BIDIFAC+",6,4,6,0.167153432431091,0.17893460242163,0.254742599057619,0.0936319796421784,692.697,NA
42,2,0.392699081698724,22.5,"BIDIFAC+",6,4,6,0.165772598703538,0.178589200896859,0.256098709898884,0.0931638030250009,674.648000000001,NA
43,2,0.392699081698724,22.5,"BIDIFAC+",6,5,6,0.16634743947586,0.179118940577806,0.257477877926401,0.0929745917826779,697.816999999999,NA
44,2,0.392699081698724,22.5,"BIDIFAC+",6,5,7,0.166962794398858,0.179917992286289,0.257699225289932,0.0935349771063274,653.993999999999,NA
45,2,0.392699081698724,22.5,"BIDIFAC+",6,5,7,0.16925395423944,0.181371200734441,0.26092189083784,0.0929461876499748,737.969999999998,NA
46,2,0.392699081698724,22.5,"BIDIFAC+",6,5,7,0.168839599382324,0.180246427237177,0.258470028069152,0.0932610554465923,695.229000000003,NA
47,2,0.392699081698724,22.5,"BIDIFAC+",6,4,6,0.168148880862446,0.180345434699228,0.259981521904835,0.0933803755719619,714.914000000001,NA
48,2,0.392699081698724,22.5,"BIDIFAC+",6,5,7,0.166289500792988,0.179896147107911,0.257062850701891,0.092851587816787,717.452000000001,NA
49,2,0.392699081698724,22.5,"BIDIFAC+",6,4,6,0.168839653468253,0.180549094833147,0.259817165235783,0.092955107485341,738.362000000001,NA
50,2,0.392699081698724,22.5,"BIDIFAC+",6,4,7,0.173325793465601,0.181487859751399,0.262380766150725,0.0937656316994403,774.106,NA
51,2,0.392699081698724,22.5,"BIDIFAC+",6,4,6,0.16657066083873,0.180239742554702,0.25766350108016,0.0930797113354847,652.095000000001,NA
52,2,0.392699081698724,22.5,"BIDIFAC+",7,4,7,0.170685827834729,0.18039518592052,0.260917213668583,0.0932902535083006,732.079000000002,NA
53,2,0.392699081698724,22.5,"BIDIFAC+",6,4,6,0.168834583028027,0.1802398157593,0.259803337331523,0.0931040678891802,689.657999999999,NA
54,2,0.392699081698724,22.5,"BIDIFAC+",6,5,6,0.16592173904257,0.17782541811072,0.25562542293281,0.0923038093375556,674.462,NA
55,2,0.392699081698724,22.5,"BIDIFAC+",7,4,7,0.166379479819868,0.179001321575927,0.256607391794261,0.0928536351338462,721.344000000001,NA
56,2,0.392699081698724,22.5,"BIDIFAC+",6,5,7,0.170704579919869,0.182319025607001,0.260712388560167,0.09331774458476,676.706000000002,NA
57,2,0.392699081698724,22.5,"BIDIFAC+",7,4,6,0.167078886481988,0.180460567140836,0.258449246411397,0.0928286082489059,684.537,NA
58,2,0.392699081698724,22.5,"BIDIFAC+",6,4,6,0.167212106726566,0.179807379375436,0.256691592806495,0.09335988710766,714.266,NA
59,2,0.392699081698724,22.5,"BIDIFAC+",6,4,6,0.172546381858604,0.179398177171827,0.26021996027723,0.0935410717755213,686.572,NA
60,2,0.392699081698724,22.5,"BIDIFAC+",6,5,7,0.170889987273338,0.180802086109356,0.260283558529791,0.0934244202933373,710.650999999998,NA
61,2,0.392699081698724,22.5,"BIDIFAC+",6,4,6,0.16897191144911,0.18064778708985,0.257130612743578,0.0932180754046596,678.234,NA
62,2,0.392699081698724,22.5,"BIDIFAC+",6,4,6,0.168843537011536,0.182356408004796,0.260573470997038,0.0940703311814277,671.631999999998,NA
63,2,0.392699081698724,22.5,"BIDIFAC+",6,4,7,0.1734118446884,0.181286573430033,0.260852911282305,0.0938571039987982,694.413999999997,NA
64,2,0.392699081698724,22.5,"BIDIFAC+",6,5,6,0.165345369807076,0.179240769550975,0.255833482253273,0.0933424876926451,680.614999999998,NA
65,2,0.392699081698724,22.5,"BIDIFAC+",6,5,7,0.170505247826249,0.181498465296133,0.260443102146508,0.0935398297346398,682.210999999999,NA
66,2,0.392699081698724,22.5,"BIDIFAC+",6,5,6,0.169773377985861,0.179969402047356,0.257959959655701,0.0928956492087436,671.691000000003,NA
67,2,0.392699081698724,22.5,"BIDIFAC+",6,5,6,0.167378085153333,0.179929162463591,0.258329928106392,0.0936210261220111,677.981,NA
68,2,0.392699081698724,22.5,"BIDIFAC+",6,4,6,0.172632496478783,0.18098019874519,0.259565118828212,0.0930678831151512,718.419999999998,NA
69,2,0.392699081698724,22.5,"BIDIFAC+",6,5,6,0.173704644396623,0.17972634243141,0.261696129622513,0.0925307257597864,749.717000000001,NA
70,2,0.392699081698724,22.5,"BIDIFAC+",6,4,7,0.168823341143615,0.181609984321015,0.260743005490583,0.0933246837794015,726.364000000001,NA
71,2,0.392699081698724,22.5,"BIDIFAC+",6,5,7,0.167588952084725,0.179530147677473,0.256246728216198,0.0927292962379457,736.543000000001,NA
72,2,0.392699081698724,22.5,"BIDIFAC+",6,4,7,0.168162742105729,0.178374112402335,0.255230511983907,0.0926058512756165,686.552,NA
73,2,0.392699081698724,22.5,"BIDIFAC+",6,4,7,0.171435295831032,0.179760294174171,0.260180234449341,0.0929015008633515,684.447,NA
74,2,0.392699081698724,22.5,"BIDIFAC+",7,4,6,0.166148737699811,0.179050716008783,0.258976448258324,0.0928622930497526,729.055,NA
75,2,0.392699081698724,22.5,"BIDIFAC+",6,4,7,0.174340517335933,0.183003606282259,0.263384538776159,0.0942221058207963,710.042999999998,NA
76,2,0.392699081698724,22.5,"BIDIFAC+",6,4,6,0.17166012379935,0.181715345247801,0.261603694127054,0.0938557484891223,681.966999999997,NA
77,2,0.392699081698724,22.5,"BIDIFAC+",7,5,6,0.166191868693878,0.1797237148373,0.256973149177937,0.0934106416695977,696.738999999998,NA
78,2,0.392699081698724,22.5,"BIDIFAC+",6,4,6,0.167302273733932,0.180193684490162,0.257454186446779,0.092723166820782,678.113000000001,NA
79,2,0.392699081698724,22.5,"BIDIFAC+",6,5,7,0.168299954443125,0.180663149560445,0.258182515321213,0.0932134674969538,662.456000000002,NA
80,2,0.392699081698724,22.5,"BIDIFAC+",6,4,6,0.168395700498,0.178229619757748,0.257911849766284,0.093263693101658,688.360000000001,NA
81,2,0.392699081698724,22.5,"BIDIFAC+",7,5,7,0.167759362850208,0.181113775339514,0.25821815632671,0.0933951577543725,694.714,NA
82,2,0.392699081698724,22.5,"BIDIFAC+",6,4,6,0.16569372030194,0.17822092559542,0.255713427986311,0.0928535222231914,653.518999999997,NA
83,2,0.392699081698724,22.5,"BIDIFAC+",6,4,7,0.172825629293603,0.179804920740789,0.260589929416473,0.0931057348990621,667.042999999998,NA
84,2,0.392699081698724,22.5,"BIDIFAC+",6,4,6,0.166931858268414,0.178945934597457,0.257585955462473,0.0930912373147279,673.395,NA
85,2,0.392699081698724,22.5,"BIDIFAC+",6,4,7,0.171774109876122,0.181396706149438,0.260614846521487,0.0933446557712824,674.481,NA
86,2,0.392699081698724,22.5,"BIDIFAC+",6,4,7,0.171148391121616,0.180350963180282,0.259013029292865,0.0935098881419902,724.521000000001,NA
87,2,0.392699081698724,22.5,"BIDIFAC+",6,5,7,0.167884812320564,0.179374840409173,0.257406267233158,0.0930670789282017,710.018,NA
88,2,0.392699081698724,22.5,"BIDIFAC+",6,4,6,0.170323045649553,0.178469399691599,0.258475131036736,0.0926795971603416,662.132000000001,NA
89,2,0.392699081698724,22.5,"BIDIFAC+",6,4,7,0.17547418564524,0.180802536242369,0.263025281268978,0.0926708489983005,676.882999999998,NA
90,2,0.392699081698724,22.5,"BIDIFAC+",6,5,7,0.167684477477653,0.181078391551281,0.259273354444267,0.0931451361446567,684.52,NA
91,2,0.392699081698724,22.5,"BIDIFAC+",6,4,6,0.166678522615076,0.178838048271147,0.257351697830845,0.0927149765961913,717.127,NA
92,2,0.392699081698724,22.5,"BIDIFAC+",6,4,7,0.16717317961233,0.178889634802232,0.258006262991214,0.0928088478106894,655.437000000002,NA
93,2,0.392699081698724,22.5,"BIDIFAC+",6,4,7,0.167596459709886,0.180427183922035,0.25781616035894,0.0935856784875927,696.197,NA
94,2,0.392699081698724,22.5,"BIDIFAC+",6,5,7,0.168899786434545,0.181303502681364,0.260224108866327,0.0936812255274879,728.317999999999,NA
95,2,0.392699081698724,22.5,"BIDIFAC+",6,4,7,0.168410295847519,0.180583066221344,0.257064789447788,0.0932023803196053,720.704000000002,NA
96,2,0.392699081698724,22.5,"BIDIFAC+",6,4,7,0.169125535323851,0.177594957664408,0.257073569154748,0.0925556936930974,637.586000000003,NA
97,2,0.392699081698724,22.5,"BIDIFAC+",6,5,7,0.168777227422862,0.17914202528294,0.258890493171852,0.0929600851994953,697.829999999998,NA
98,2,0.392699081698724,22.5,"BIDIFAC+",6,4,7,0.175588700430648,0.180071665364702,0.265340804444818,0.0934012453048938,702.881999999998,NA
99,2,0.392699081698724,22.5,"BIDIFAC+",6,4,7,0.172053117069401,0.179450537528925,0.260738702621961,0.093099247662226,736.674999999999,NA
100,2,0.392699081698724,22.5,"BIDIFAC+",6,4,6,0.169341894370539,0.180135957418779,0.259601482455301,0.0933948659963427,716.199999999997,NA
1,0.1,0.785398163397448,45,"BIDIFAC+",4,3,4,0.759672783614727,0.763160116819404,0.73812916615268,0.715945056646659,40.0240000000013,NA
2,0.1,0.785398163397448,45,"BIDIFAC+",4,2,3,0.745427761175294,0.750427718870789,0.690556196743527,0.695131595178352,29.0709999999999,NA
3,0.1,0.785398163397448,45,"BIDIFAC+",5,2,4,0.782785817717849,0.78337597979653,0.706269928848968,0.711452547416475,42.1209999999992,NA
4,0.1,0.785398163397448,45,"BIDIFAC+",4,2,4,0.794517766206404,0.797303800737542,0.706273926169589,0.709558698253652,45.0440000000017,NA
5,0.1,0.785398163397448,45,"BIDIFAC+",4,2,4,0.797337811403078,0.811871894417212,0.73547004069861,0.70280235810907,42.8890000000029,NA
6,0.1,0.785398163397448,45,"BIDIFAC+",4,2,3,0.75870408926164,0.773248471123783,0.727468760160254,0.723395813164659,36.344000000001,NA
7,0.1,0.785398163397448,45,"BIDIFAC+",5,2,4,0.796914731919673,0.805042494002395,0.767298952058206,0.671267354688546,41.9320000000007,NA
8,0.1,0.785398163397448,45,"BIDIFAC+",5,2,3,0.760607397454181,0.784190112812272,0.673346931950599,0.707126036375277,42.8810000000012,NA
9,0.1,0.785398163397448,45,"BIDIFAC+",4,2,4,0.804013922727336,0.803296830852309,0.703921410280167,0.686182950677239,36.2780000000021,NA
10,0.1,0.785398163397448,45,"BIDIFAC+",4,2,3,0.770229724554944,0.78664791469926,0.72258373267543,0.689907756328971,39.5220000000008,NA
11,0.1,0.785398163397448,45,"BIDIFAC+",5,3,3,0.795397861880084,0.78797346675824,0.700162045083096,0.705045102865436,41.9400000000023,NA
12,0.1,0.785398163397448,45,"BIDIFAC+",4,3,3,0.762980112738157,0.766099068509557,0.712842654329756,0.713226830438313,38.6620000000003,NA
13,0.1,0.785398163397448,45,"BIDIFAC+",5,2,4,0.799052694653839,0.792426342999655,0.681566431677891,0.716640271301987,39.4929999999986,NA
14,0.1,0.785398163397448,45,"BIDIFAC+",5,2,4,0.789167334920249,0.795496057913375,0.734659881203308,0.727416642409045,41.625,NA
15,0.1,0.785398163397448,45,"BIDIFAC+",4,3,3,0.763693812948745,0.767471020639837,0.716727100896734,0.703831864628308,41.5470000000023,NA
16,0.1,0.785398163397448,45,"BIDIFAC+",4,2,3,0.758047587955519,0.767952429409946,0.68716686633077,0.684373702497345,30.237000000001,NA
17,0.1,0.785398163397448,45,"BIDIFAC+",4,2,4,0.753667619200285,0.761443265909059,0.716565834934641,0.738469347291636,39.7479999999996,NA
18,0.1,0.785398163397448,45,"BIDIFAC+",4,3,4,0.761242380231829,0.76758103235073,0.737876717219199,0.682508495893941,34.1569999999992,NA
19,0.1,0.785398163397448,45,"BIDIFAC+",4,2,4,0.751927646332409,0.75675902040798,0.751558338763627,0.68236361839021,39.7259999999987,NA
20,0.1,0.785398163397448,45,"BIDIFAC+",5,2,3,0.788456843132588,0.788439524201576,0.728346618209162,0.703652005578398,41.4700000000012,NA
21,0.1,0.785398163397448,45,"BIDIFAC+",4,3,4,0.775796565722836,0.780975787489381,0.737380729212831,0.69313401811447,34.5099999999984,NA
22,0.1,0.785398163397448,45,"BIDIFAC+",4,3,3,0.776509743733497,0.802265077067575,0.706782859278071,0.688969357815306,34.030999999999,NA
23,0.1,0.785398163397448,45,"BIDIFAC+",4,3,3,0.738072211470885,0.745507334264217,0.721842767731662,0.679471317465297,32.6320000000014,NA
24,0.1,0.785398163397448,45,"BIDIFAC+",4,3,4,0.785447548176876,0.793899794283209,0.753557986163825,0.706682626835201,38.8109999999979,NA
25,0.1,0.785398163397448,45,"BIDIFAC+",4,3,3,0.763395638430015,0.773320881033442,0.746697335624279,0.704465718050593,39.395999999997,NA
26,0.1,0.785398163397448,45,"BIDIFAC+",4,2,3,0.758364391494211,0.757763433301638,0.68397894426309,0.69413956733875,31.6860000000015,NA
27,0.1,0.785398163397448,45,"BIDIFAC+",4,2,3,0.798875029058901,0.795858062302084,0.756418828239082,0.718305972114422,44.8950000000004,NA
28,0.1,0.785398163397448,45,"BIDIFAC+",4,2,4,0.798069911997136,0.790156364926591,0.70723546699328,0.693117235419852,42.3919999999998,NA
29,0.1,0.785398163397448,45,"BIDIFAC+",5,3,4,0.782517348198956,0.775873222105388,0.758749190853733,0.715996314134258,37.6290000000008,NA
30,0.1,0.785398163397448,45,"BIDIFAC+",4,2,4,0.756138884229581,0.766050283146474,0.729273639820962,0.708785173079067,40.4310000000005,NA
31,0.1,0.785398163397448,45,"BIDIFAC+",4,2,4,0.777328182001822,0.785453284242304,0.746381745322013,0.695232738647646,42.3220000000001,NA
32,0.1,0.785398163397448,45,"BIDIFAC+",4,2,4,0.789536512163463,0.778567377179391,0.741275839323822,0.73388848490685,42.2330000000002,NA
33,0.1,0.785398163397448,45,"BIDIFAC+",4,2,4,0.785338609027189,0.792532768512249,0.741084517540887,0.700137672809711,40.4000000000015,NA
34,0.1,0.785398163397448,45,"BIDIFAC+",5,2,3,0.757282245581903,0.757126513878813,0.72407847663566,0.713212891667189,36.6099999999969,NA
35,0.1,0.785398163397448,45,"BIDIFAC+",4,2,4,0.764546074937441,0.774112728151527,0.686353024121069,0.738636420881853,33.7260000000024,NA
36,0.1,0.785398163397448,45,"BIDIFAC+",4,2,3,0.776947092476702,0.784706951575258,0.690694948994986,0.712112738311882,41.1839999999975,NA
37,0.1,0.785398163397448,45,"BIDIFAC+",5,3,3,0.788097392247582,0.783506349276343,0.728847100526827,0.715783720180703,38.107,NA
38,0.1,0.785398163397448,45,"BIDIFAC+",4,3,4,0.779196149645861,0.773768526549269,0.73581666856684,0.694873393062098,32.8739999999998,NA
39,0.1,0.785398163397448,45,"BIDIFAC+",4,3,3,0.794593501829495,0.797495612058088,0.707704424865152,0.697903180822187,35.3949999999968,NA
40,0.1,0.785398163397448,45,"BIDIFAC+",4,3,4,0.7951587595966,0.809989343287782,0.738198584396301,0.726511190021203,38.3220000000001,NA
41,0.1,0.785398163397448,45,"BIDIFAC+",5,3,3,0.787341744744463,0.792802565543381,0.718973454665139,0.712100179576228,41.7979999999989,NA
42,0.1,0.785398163397448,45,"BIDIFAC+",5,2,4,0.760548864023715,0.772581073084853,0.695595732116515,0.698026198610206,26.5889999999999,NA
43,0.1,0.785398163397448,45,"BIDIFAC+",4,2,4,0.808948004197338,0.805775066575191,0.754316781241927,0.726984693334478,32.9379999999983,NA
44,0.1,0.785398163397448,45,"BIDIFAC+",4,3,3,0.770457063363227,0.771774733845736,0.709468130842755,0.708063910948941,38.4300000000003,NA
45,0.1,0.785398163397448,45,"BIDIFAC+",4,2,4,0.794700772192473,0.795659016148723,0.728281608167853,0.697127061633377,42.1820000000007,NA
46,0.1,0.785398163397448,45,"BIDIFAC+",5,3,3,0.759958454431732,0.763137575971777,0.732356653129016,0.704152748108937,41.8140000000021,NA
47,0.1,0.785398163397448,45,"BIDIFAC+",5,3,4,0.73533070805764,0.740046433130213,0.727389988488926,0.686022359694043,44.8050000000003,NA
48,0.1,0.785398163397448,45,"BIDIFAC+",4,2,4,0.769523687824354,0.785796156589393,0.718292253034125,0.701562495905201,38.6500000000015,NA
49,0.1,0.785398163397448,45,"BIDIFAC+",4,3,3,0.76354492486753,0.768068002844128,0.699023805879257,0.704440455845768,37.9439999999995,NA
50,0.1,0.785398163397448,45,"BIDIFAC+",4,2,3,0.804689555141979,0.808951023917657,0.714708155243172,0.691671987404036,39.0030000000006,NA
51,0.1,0.785398163397448,45,"BIDIFAC+",5,3,4,0.756834912526304,0.773877626105974,0.723439480139634,0.709745094262353,29.4719999999979,NA
52,0.1,0.785398163397448,45,"BIDIFAC+",4,2,4,0.791796103888139,0.789201310844468,0.711832554181087,0.716821785701809,30.7880000000005,NA
53,0.1,0.785398163397448,45,"BIDIFAC+",4,3,4,0.800123383488673,0.802103236991424,0.716558911813698,0.712994354565669,39.0889999999999,NA
54,0.1,0.785398163397448,45,"BIDIFAC+",4,2,3,0.786051684295441,0.799814699039898,0.675792224403444,0.69078985777912,38.1949999999997,NA
55,0.1,0.785398163397448,45,"BIDIFAC+",4,3,4,0.791994563796238,0.80173160516317,0.707054320339227,0.68998771202952,37.1370000000024,NA
56,0.1,0.785398163397448,45,"BIDIFAC+",4,2,3,0.819033373504313,0.811097497608165,0.762011296439346,0.70512687906595,42.6579999999994,NA
57,0.1,0.785398163397448,45,"BIDIFAC+",4,2,4,0.781710717606002,0.790539657304103,0.704193625861462,0.676798883137015,35.6399999999994,NA
58,0.1,0.785398163397448,45,"BIDIFAC+",4,3,4,0.750010267975219,0.754806837249728,0.701260172431174,0.698373586781971,34.6700000000019,NA
59,0.1,0.785398163397448,45,"BIDIFAC+",5,2,4,0.780420489505673,0.784240390830506,0.761314535815889,0.689185251883841,41.0689999999995,NA
60,0.1,0.785398163397448,45,"BIDIFAC+",4,2,3,0.824168027493703,0.82646105381771,0.727066434829412,0.712450002952072,41.3429999999971,NA
61,0.1,0.785398163397448,45,"BIDIFAC+",4,3,4,0.794134549345811,0.803532529881933,0.748474358935902,0.697497092004289,37.6219999999994,NA
62,0.1,0.785398163397448,45,"BIDIFAC+",4,3,4,0.76523827216695,0.787283085755293,0.708798558182066,0.713162380024518,41.6500000000015,NA
63,0.1,0.785398163397448,45,"BIDIFAC+",4,3,3,0.784373532040038,0.775090838302061,0.724458802842968,0.701864661017595,44.3349999999991,NA
64,0.1,0.785398163397448,45,"BIDIFAC+",4,3,4,0.794754601355325,0.81278471232835,0.705778075429957,0.71425723218395,34.4670000000006,NA
65,0.1,0.785398163397448,45,"BIDIFAC+",5,3,3,0.773436803718907,0.777062977502696,0.716756084608198,0.703257939840438,35.3019999999997,NA
66,0.1,0.785398163397448,45,"BIDIFAC+",4,2,3,0.774429273324269,0.776250017917938,0.741628387748944,0.715878487037284,40.5060000000012,NA
67,0.1,0.785398163397448,45,"BIDIFAC+",4,2,4,0.76468194359227,0.766994390809554,0.724808225238945,0.72604212426186,41.1890000000021,NA
68,0.1,0.785398163397448,45,"BIDIFAC+",4,2,4,0.754580733046086,0.758284721207334,0.710477829717218,0.688646926005912,39.7669999999998,NA
69,0.1,0.785398163397448,45,"BIDIFAC+",5,3,4,0.790407816620077,0.785928896472046,0.761398388919369,0.714956782317025,37.5220000000008,NA
70,0.1,0.785398163397448,45,"BIDIFAC+",4,3,4,0.793163573241766,0.804530266595927,0.72630861179249,0.705969037062052,34.0600000000013,NA
71,0.1,0.785398163397448,45,"BIDIFAC+",4,3,4,0.78504150657466,0.790589772421947,0.721300790809856,0.70979061361037,40.5010000000002,NA
72,0.1,0.785398163397448,45,"BIDIFAC+",4,3,4,0.77135327804753,0.773217187909597,0.751906437026308,0.705473760420289,41.3139999999985,NA
73,0.1,0.785398163397448,45,"BIDIFAC+",5,2,4,0.802436895956723,0.804915839386638,0.729987116023662,0.699711052049739,36.7099999999991,NA
74,0.1,0.785398163397448,45,"BIDIFAC+",5,3,4,0.794826168930548,0.810198313211052,0.719632653457381,0.69392333499608,34.994999999999,NA
75,0.1,0.785398163397448,45,"BIDIFAC+",4,2,4,0.756694916242556,0.749021257677062,0.720252858698515,0.712818414270166,36.2340000000004,NA
76,0.1,0.785398163397448,45,"BIDIFAC+",4,2,3,0.793879110388048,0.800642454938938,0.739313709034331,0.71270297044683,38.4480000000003,NA
77,0.1,0.785398163397448,45,"BIDIFAC+",4,3,3,0.778770275379304,0.779823542402821,0.703590362315879,0.688958252801649,33.3379999999997,NA
78,0.1,0.785398163397448,45,"BIDIFAC+",5,2,4,0.730058513699863,0.726080597470616,0.691087128297861,0.709588201709969,33.0509999999995,NA
79,0.1,0.785398163397448,45,"BIDIFAC+",4,2,3,0.783518658162607,0.793446650523909,0.736521068075041,0.675795060271236,36.101999999999,NA
80,0.1,0.785398163397448,45,"BIDIFAC+",4,3,3,0.789331206530437,0.805955879539458,0.733209744248215,0.686592037352714,41.6130000000012,NA
81,0.1,0.785398163397448,45,"BIDIFAC+",4,2,3,0.786510553290655,0.789522893372096,0.759681978431272,0.717058255758969,40.5149999999994,NA
82,0.1,0.785398163397448,45,"BIDIFAC+",4,2,3,0.772952273717481,0.792802234345204,0.748259337668174,0.675267025153284,31.4089999999997,NA
83,0.1,0.785398163397448,45,"BIDIFAC+",4,2,3,0.80675357267641,0.807157532507779,0.754241628768178,0.702653901054512,33.5080000000016,NA
84,0.1,0.785398163397448,45,"BIDIFAC+",5,2,3,0.772466966828214,0.78298771013149,0.715359688074563,0.729831977758035,34.0879999999997,NA
85,0.1,0.785398163397448,45,"BIDIFAC+",5,3,3,0.782459048278508,0.780529505252749,0.755126022850333,0.680666552188597,35.862000000001,NA
86,0.1,0.785398163397448,45,"BIDIFAC+",4,3,3,0.761266140942288,0.789056855708368,0.756996906736128,0.692263026900502,37.255000000001,NA
87,0.1,0.785398163397448,45,"BIDIFAC+",4,2,3,0.75672135670867,0.783918052064662,0.689896431300215,0.71924166426344,31.6489999999976,NA
88,0.1,0.785398163397448,45,"BIDIFAC+",4,3,4,0.830795486843528,0.844120928970485,0.672730517859272,0.693635291716786,41.5219999999972,NA
89,0.1,0.785398163397448,45,"BIDIFAC+",4,2,4,0.806399942347377,0.797888778990237,0.72143369745844,0.677951206144854,37.8899999999994,NA
90,0.1,0.785398163397448,45,"BIDIFAC+",4,2,4,0.774777561540364,0.785934917620075,0.727315303808057,0.718373471288221,39.5900000000001,NA
91,0.1,0.785398163397448,45,"BIDIFAC+",4,3,3,0.78054152358712,0.795179440496542,0.729244648589079,0.707251713290731,31.2469999999994,NA
92,0.1,0.785398163397448,45,"BIDIFAC+",4,2,4,0.774106020120919,0.781006694036359,0.712753774595688,0.696430503279446,37.4150000000009,NA
93,0.1,0.785398163397448,45,"BIDIFAC+",4,2,4,0.740875743248338,0.76498885685499,0.721205054603199,0.736238513103048,40.8919999999998,NA
94,0.1,0.785398163397448,45,"BIDIFAC+",4,3,4,0.822974525754217,0.83140754783087,0.725297412591719,0.708064604871936,32.9290000000001,NA
95,0.1,0.785398163397448,45,"BIDIFAC+",4,2,3,0.766885888119987,0.764865231558376,0.729672902304092,0.716784554449866,41.9549999999981,NA
96,0.1,0.785398163397448,45,"BIDIFAC+",5,2,4,0.743708030812368,0.751413021215579,0.684508532488305,0.696984439592458,42.7839999999997,NA
97,0.1,0.785398163397448,45,"BIDIFAC+",4,2,4,0.761253694691972,0.756953930390871,0.719503551734445,0.70748719156994,29.8950000000004,NA
98,0.1,0.785398163397448,45,"BIDIFAC+",5,2,3,0.775655461050418,0.773913781945605,0.714476846079894,0.723658601923269,41.1849999999977,NA
99,0.1,0.785398163397448,45,"BIDIFAC+",5,2,4,0.757954893275269,0.761639816179346,0.726140302921772,0.70356929723464,36.6790000000001,NA
100,0.1,0.785398163397448,45,"BIDIFAC+",5,2,3,0.750356470801029,0.770310037852202,0.732348783921401,0.707556619666251,41.8919999999998,NA
1,0.25,0.785398163397448,45,"BIDIFAC+",6,4,5,0.263798899041434,0.252465400445025,0.381818668643172,0.257635245286151,93.125,NA
2,0.25,0.785398163397448,45,"BIDIFAC+",6,5,5,0.256214674885738,0.257614027125672,0.393594484402324,0.260505871468674,96.2409999999982,NA
3,0.25,0.785398163397448,45,"BIDIFAC+",6,4,5,0.271899013269827,0.259252641776337,0.39449718536267,0.253770074438443,89.7489999999998,NA
4,0.25,0.785398163397448,45,"BIDIFAC+",6,4,5,0.274607248111954,0.259643669242214,0.391946673095657,0.255939133696413,95.7180000000008,NA
5,0.25,0.785398163397448,45,"BIDIFAC+",6,4,6,0.282056539657973,0.248139987400503,0.40101052417353,0.261862472409682,105.096000000001,NA
6,0.25,0.785398163397448,45,"BIDIFAC+",6,4,5,0.267414414435686,0.258843817455504,0.384525853557884,0.262191760155525,98.3590000000004,NA
7,0.25,0.785398163397448,45,"BIDIFAC+",6,4,6,0.29342094984707,0.269641704005498,0.394961828868772,0.256910558803835,101.768,NA
8,0.25,0.785398163397448,45,"BIDIFAC+",6,4,6,0.259704006972423,0.248225935652824,0.382217125425481,0.25101360146497,89.3639999999978,NA
9,0.25,0.785398163397448,45,"BIDIFAC+",6,5,5,0.247409993633162,0.246981975843965,0.372005235542404,0.257372047825036,94.607,NA
10,0.25,0.785398163397448,45,"BIDIFAC+",6,5,5,0.257179828108699,0.249848965277536,0.39245979968341,0.260979828934231,84.117000000002,NA
11,0.25,0.785398163397448,45,"BIDIFAC+",6,4,6,0.281568990736695,0.267784126597014,0.395261752198392,0.25806731650243,90.632999999998,NA
12,0.25,0.785398163397448,45,"BIDIFAC+",6,4,5,0.283942379183061,0.255833525524618,0.394752255478602,0.248081713603828,105.868000000002,NA
13,0.25,0.785398163397448,45,"BIDIFAC+",6,4,5,0.273508254352723,0.260451986180842,0.397374582853395,0.260596508685643,103.464,NA
14,0.25,0.785398163397448,45,"BIDIFAC+",6,5,5,0.268320619799308,0.256206799105205,0.396101388554718,0.256072577022499,92.2450000000026,NA
15,0.25,0.785398163397448,45,"BIDIFAC+",6,4,6,0.284086511025288,0.269013649095959,0.395495098063253,0.258133261126655,103.266000000003,NA
16,0.25,0.785398163397448,45,"BIDIFAC+",6,4,5,0.26132992660827,0.252353664257984,0.380348315365807,0.261850192409208,101.135000000002,NA
17,0.25,0.785398163397448,45,"BIDIFAC+",6,5,5,0.279787740876381,0.267667290902421,0.394710184932043,0.258852182918347,97.9120000000003,NA
18,0.25,0.785398163397448,45,"BIDIFAC+",6,4,6,0.281381454293423,0.270841128535554,0.3976342148805,0.25944701287149,96.232,NA
19,0.25,0.785398163397448,45,"BIDIFAC+",6,4,5,0.263776469188557,0.271075731094679,0.41155414117164,0.262272866176734,99.6030000000028,NA
20,0.25,0.785398163397448,45,"BIDIFAC+",6,4,5,0.245496898601731,0.249851362039949,0.373514033304344,0.256606033120994,101.304,NA
21,0.25,0.785398163397448,45,"BIDIFAC+",6,4,5,0.266058869947604,0.248674423837438,0.391896158339349,0.2587495425878,102.299999999999,NA
22,0.25,0.785398163397448,45,"BIDIFAC+",6,5,5,0.23951745558742,0.242462914552328,0.362933716230541,0.262154293826508,89.3240000000005,NA
23,0.25,0.785398163397448,45,"BIDIFAC+",6,4,6,0.282936643622571,0.256968173799658,0.397287672311167,0.26347660828993,95.4220000000023,NA
24,0.25,0.785398163397448,45,"BIDIFAC+",6,5,6,0.254805539035169,0.257256448086718,0.383701254176959,0.259565265786484,99.6910000000025,NA
25,0.25,0.785398163397448,45,"BIDIFAC+",6,4,5,0.266552334986748,0.254496886793236,0.393348187391275,0.262030382072475,86.6850000000013,NA
26,0.25,0.785398163397448,45,"BIDIFAC+",6,5,6,0.259442887830225,0.255890031688533,0.394079821878587,0.260065936269794,97.1059999999998,NA
27,0.25,0.785398163397448,45,"BIDIFAC+",6,5,6,0.265801468577438,0.265634760510006,0.371802868125174,0.257573048047315,78.8889999999992,NA
28,0.25,0.785398163397448,45,"BIDIFAC+",7,5,5,0.268255641405286,0.264257437636142,0.399644759225791,0.262864917151671,89.8719999999994,NA
29,0.25,0.785398163397448,45,"BIDIFAC+",6,4,6,0.264760980519662,0.252781372580831,0.384519602294802,0.265777011886419,84.3480000000018,NA
30,0.25,0.785398163397448,45,"BIDIFAC+",6,4,4,0.277571054314522,0.260548042872675,0.393542952099153,0.256015988063318,90.1709999999985,NA
31,0.25,0.785398163397448,45,"BIDIFAC+",6,4,5,0.263502798792299,0.258094528409633,0.389669961998797,0.267826218531383,90.0900000000001,NA
32,0.25,0.785398163397448,45,"BIDIFAC+",6,4,5,0.286306354294567,0.257090709704865,0.377423779036162,0.257880099333712,95.8109999999979,NA
33,0.25,0.785398163397448,45,"BIDIFAC+",7,4,5,0.274542351502859,0.258908861570871,0.394227880428326,0.261449116954359,92.1840000000011,NA
34,0.25,0.785398163397448,45,"BIDIFAC+",6,4,5,0.25225452685739,0.245522101505944,0.385800898978666,0.257695249495415,88.4269999999997,NA
35,0.25,0.785398163397448,45,"BIDIFAC+",6,5,6,0.262316783497923,0.252135656808744,0.386920161919107,0.257911664301998,87.0969999999979,NA
36,0.25,0.785398163397448,45,"BIDIFAC+",6,5,6,0.253392176225847,0.249343139279339,0.385764653289188,0.25822503913474,92.3610000000008,NA
37,0.25,0.785398163397448,45,"BIDIFAC+",6,4,5,0.257720161870312,0.254570299824484,0.372836561087605,0.259355094416366,85.125,NA
38,0.25,0.785398163397448,45,"BIDIFAC+",6,5,5,0.267126903629809,0.270833165427701,0.371585525014525,0.268162860905412,93.0470000000023,NA
39,0.25,0.785398163397448,45,"BIDIFAC+",6,4,5,0.283984889083111,0.258146224968834,0.375351372892696,0.261121231013556,97.0749999999971,NA
40,0.25,0.785398163397448,45,"BIDIFAC+",6,4,5,0.278589254958365,0.26562056839377,0.39173901587363,0.257154855339552,90.4500000000007,NA
41,0.25,0.785398163397448,45,"BIDIFAC+",6,5,5,0.270377779969051,0.259175174083921,0.393308567499415,0.257515715453075,100.045999999998,NA
42,0.25,0.785398163397448,45,"BIDIFAC+",6,4,6,0.263119875478687,0.262682759639435,0.393708360111965,0.261621555698865,100.118999999999,NA
43,0.25,0.785398163397448,45,"BIDIFAC+",6,4,6,0.269468642015074,0.259960563997757,0.369162038191955,0.26589820634349,100.717000000001,NA
44,0.25,0.785398163397448,45,"BIDIFAC+",6,5,6,0.273599379936852,0.253192430929431,0.399718323321242,0.255387054976157,104.984,NA
45,0.25,0.785398163397448,45,"BIDIFAC+",7,5,5,0.257380511586381,0.247936210348289,0.366641248124707,0.257844353571412,85.9530000000013,NA
46,0.25,0.785398163397448,45,"BIDIFAC+",6,5,6,0.243756350067237,0.251142454198442,0.36171542851205,0.265118062011545,97.1020000000026,NA
47,0.25,0.785398163397448,45,"BIDIFAC+",6,4,5,0.271821544930207,0.251839310019054,0.396576959830739,0.260803402358098,101.200000000001,NA
48,0.25,0.785398163397448,45,"BIDIFAC+",6,4,5,0.267888631544773,0.259795442458301,0.37722257335573,0.257940834189744,101.067999999999,NA
49,0.25,0.785398163397448,45,"BIDIFAC+",6,4,5,0.255161548617873,0.254222490205599,0.388496582183952,0.259397161315012,88.2030000000013,NA
50,0.25,0.785398163397448,45,"BIDIFAC+",6,4,5,0.240508260183286,0.250902981582496,0.393908964573475,0.250675607312586,97.010000000002,NA
51,0.25,0.785398163397448,45,"BIDIFAC+",6,4,5,0.290435230194258,0.272313431395495,0.419128259954333,0.260653639788993,78.6320000000014,NA
52,0.25,0.785398163397448,45,"BIDIFAC+",6,5,5,0.264809814878144,0.25826487159121,0.379273698114723,0.260612681960753,89.1349999999984,NA
53,0.25,0.785398163397448,45,"BIDIFAC+",6,5,6,0.269528529610611,0.2661080134298,0.388872038325365,0.256228032354959,80.6179999999986,NA
54,0.25,0.785398163397448,45,"BIDIFAC+",6,5,6,0.278676292791672,0.270042442661404,0.395456352492058,0.262579741024401,102.023999999998,NA
55,0.25,0.785398163397448,45,"BIDIFAC+",6,5,5,0.293246795224887,0.275839133860744,0.396727603366486,0.263754948767386,84.5460000000021,NA
56,0.25,0.785398163397448,45,"BIDIFAC+",6,4,4,0.249095223837403,0.249893301053941,0.379079482341476,0.263115777702973,92.4929999999986,NA
57,0.25,0.785398163397448,45,"BIDIFAC+",6,4,5,0.275394767511495,0.254433542458571,0.380280519153471,0.255219477897697,102.317999999999,NA
58,0.25,0.785398163397448,45,"BIDIFAC+",6,4,5,0.24896664094093,0.25073694921067,0.382854537426202,0.263690675648786,93.3070000000007,NA
59,0.25,0.785398163397448,45,"BIDIFAC+",6,5,4,0.292198533503512,0.267177687689718,0.401219607319842,0.261277533262041,108.212,NA
60,0.25,0.785398163397448,45,"BIDIFAC+",6,4,4,0.263506446786527,0.256888092984804,0.389662954855204,0.266481914915673,97.4789999999994,NA
61,0.25,0.785398163397448,45,"BIDIFAC+",6,5,5,0.261756660920466,0.2656146022354,0.39054601240453,0.255991223088067,91.1039999999994,NA
62,0.25,0.785398163397448,45,"BIDIFAC+",7,4,6,0.274355238391139,0.262973797777221,0.379051413965578,0.255263627318937,89.119999999999,NA
63,0.25,0.785398163397448,45,"BIDIFAC+",6,4,6,0.254866655782123,0.252422297863675,0.371336364826472,0.263375809270395,90.0790000000015,NA
64,0.25,0.785398163397448,45,"BIDIFAC+",6,4,6,0.287631989654501,0.261041695532895,0.408292985920486,0.260496755722078,91.0750000000007,NA
65,0.25,0.785398163397448,45,"BIDIFAC+",6,5,5,0.249527214761689,0.253580896599148,0.375721459683282,0.259473479590257,85.8469999999979,NA
66,0.25,0.785398163397448,45,"BIDIFAC+",6,4,5,0.286802159475144,0.255137225017022,0.398344571690636,0.261066439261506,105.449000000001,NA
67,0.25,0.785398163397448,45,"BIDIFAC+",6,5,6,0.276092020215379,0.277705181130445,0.38585625413254,0.269397712505675,92.3430000000008,NA
68,0.25,0.785398163397448,45,"BIDIFAC+",6,4,5,0.264324542621566,0.250378813657046,0.388709369607391,0.257183710042111,92.0540000000001,NA
69,0.25,0.785398163397448,45,"BIDIFAC+",6,4,5,0.272711828612167,0.258463072430246,0.397432052326749,0.266707953098716,101,NA
70,0.25,0.785398163397448,45,"BIDIFAC+",6,4,5,0.245905543051372,0.245736751125976,0.367633701558588,0.255863386238722,95.1549999999988,NA
71,0.25,0.785398163397448,45,"BIDIFAC+",6,4,6,0.289755774501858,0.26961976540809,0.387090442207927,0.257883748979663,88.1759999999995,NA
72,0.25,0.785398163397448,45,"BIDIFAC+",6,4,5,0.2520523716607,0.250082384281087,0.394778207994284,0.260510714815655,96.9310000000005,NA
73,0.25,0.785398163397448,45,"BIDIFAC+",7,4,4,0.270703223579481,0.259021090678979,0.393480386063886,0.266242214441538,78.354000000003,NA
74,0.25,0.785398163397448,45,"BIDIFAC+",6,5,5,0.246792683572376,0.245122517243388,0.385303165964207,0.264046146133297,100.169999999998,NA
75,0.25,0.785398163397448,45,"BIDIFAC+",6,5,5,0.247002928212353,0.249715061473155,0.385630883990043,0.262484209472188,103.026999999998,NA
76,0.25,0.785398163397448,45,"BIDIFAC+",6,4,4,0.266318276638458,0.254341684602723,0.399588779773783,0.25754607392809,92.1409999999996,NA
77,0.25,0.785398163397448,45,"BIDIFAC+",6,4,5,0.247565665318743,0.250700988368045,0.394891782239071,0.258063768229243,81.2220000000016,NA
78,0.25,0.785398163397448,45,"BIDIFAC+",6,4,4,0.248862454418227,0.249636950831406,0.392121493591848,0.266603170956606,101.84,NA
79,0.25,0.785398163397448,45,"BIDIFAC+",6,5,6,0.277688195318628,0.261971050678283,0.372929559509916,0.25458528088052,90.1200000000026,NA
80,0.25,0.785398163397448,45,"BIDIFAC+",6,5,5,0.240139471016886,0.24484557529532,0.384188440634451,0.260083795853497,93.3869999999988,NA
81,0.25,0.785398163397448,45,"BIDIFAC+",6,4,6,0.281036751713794,0.247378184904389,0.404430491892404,0.26231218290089,95.8169999999991,NA
82,0.25,0.785398163397448,45,"BIDIFAC+",6,4,5,0.275309519003259,0.26263937861217,0.384982862651442,0.257970133361462,108.360000000001,NA
83,0.25,0.785398163397448,45,"BIDIFAC+",6,5,6,0.270432540145078,0.274497246692623,0.378026039797627,0.256913752761822,90.3469999999979,NA
84,0.25,0.785398163397448,45,"BIDIFAC+",6,5,5,0.250285766245607,0.253745095980783,0.392201141302916,0.262092921800596,91.1129999999976,NA
85,0.25,0.785398163397448,45,"BIDIFAC+",6,4,5,0.245138627883652,0.252401902555221,0.368835045974485,0.253601777938006,101.370000000003,NA
86,0.25,0.785398163397448,45,"BIDIFAC+",7,4,5,0.272182311065819,0.260135871987323,0.376267632790333,0.251405036792192,94.7120000000032,NA
87,0.25,0.785398163397448,45,"BIDIFAC+",6,4,4,0.233071128251289,0.236616220835575,0.370299182507472,0.262584353701866,78.2780000000021,NA
88,0.25,0.785398163397448,45,"BIDIFAC+",6,5,5,0.268615979976551,0.259941627799685,0.373502628746849,0.253412790853181,85.9300000000003,NA
89,0.25,0.785398163397448,45,"BIDIFAC+",6,5,5,0.272729114493651,0.2746755687927,0.388556239327098,0.257108606884084,99.4639999999999,NA
90,0.25,0.785398163397448,45,"BIDIFAC+",6,4,4,0.254288071992677,0.250610059425419,0.374414353830379,0.249233210119873,97.2459999999992,NA
91,0.25,0.785398163397448,45,"BIDIFAC+",6,5,5,0.289858995721374,0.268221228612419,0.400167901514492,0.259752174032066,87.7760000000017,NA
92,0.25,0.785398163397448,45,"BIDIFAC+",6,4,5,0.272755128687024,0.260467086968661,0.370869363938485,0.259041695589663,90.0479999999989,NA
93,0.25,0.785398163397448,45,"BIDIFAC+",6,4,4,0.258216551988133,0.247401998914957,0.387383658737168,0.264898364319223,95.1659999999974,NA
94,0.25,0.785398163397448,45,"BIDIFAC+",7,4,5,0.2889490300567,0.266801715825895,0.41732527676109,0.264521244680473,110.011999999999,NA
95,0.25,0.785398163397448,45,"BIDIFAC+",6,4,4,0.270353915289587,0.259584933804994,0.405025230665904,0.255831445792926,104.309000000001,NA
96,0.25,0.785398163397448,45,"BIDIFAC+",6,5,5,0.24901630837792,0.252225017786844,0.390311591424224,0.260646767379085,98.2460000000028,NA
97,0.25,0.785398163397448,45,"BIDIFAC+",6,4,6,0.252222316005708,0.253782805954884,0.380904937477895,0.256188946782787,99.4900000000016,NA
98,0.25,0.785398163397448,45,"BIDIFAC+",6,4,5,0.245447750928014,0.247260974781783,0.382050784924159,0.256776879962322,94.2960000000021,NA
99,0.25,0.785398163397448,45,"BIDIFAC+",6,4,5,0.254009220601281,0.25084992904193,0.383676765899259,0.263970578704289,84.482,NA
100,0.25,0.785398163397448,45,"BIDIFAC+",6,4,6,0.273479346475529,0.259342107967967,0.390294225473285,0.256552980026921,96.5310000000027,NA
1,0.5,0.785398163397448,45,"BIDIFAC+",7,5,6,0.116241204110064,0.120270150111182,0.240829300176599,0.125566413272237,170.267,NA
2,0.5,0.785398163397448,45,"BIDIFAC+",6,4,6,0.125739774168645,0.112482370323492,0.230018477735934,0.12055276671699,177.678,NA
3,0.5,0.785398163397448,45,"BIDIFAC+",6,4,6,0.113720518352921,0.11058706039278,0.21365478899343,0.12089808985011,208.810999999998,NA
4,0.5,0.785398163397448,45,"BIDIFAC+",6,5,7,0.135041964159881,0.12392571086811,0.228956637737892,0.123703026481725,180.818000000003,NA
5,0.5,0.785398163397448,45,"BIDIFAC+",7,4,6,0.113787430571473,0.114962538822967,0.220553651218523,0.120318854775247,196.398000000001,NA
6,0.5,0.785398163397448,45,"BIDIFAC+",6,4,6,0.114406614143564,0.110846033789646,0.221178508797026,0.12108784323391,196.572,NA
7,0.5,0.785398163397448,45,"BIDIFAC+",6,4,6,0.124293661127603,0.114641966227742,0.227038775942251,0.120150873745232,169.880999999998,NA
8,0.5,0.785398163397448,45,"BIDIFAC+",6,4,7,0.127695635895508,0.120413121512458,0.232204475699891,0.121242695018229,184.607,NA
9,0.5,0.785398163397448,45,"BIDIFAC+",6,5,7,0.119377624073328,0.11872870244157,0.217401846625237,0.122994563861359,186.854000000003,NA
10,0.5,0.785398163397448,45,"BIDIFAC+",6,4,6,0.117738397330373,0.11638731358546,0.227248482024432,0.123921910825053,193.281999999999,NA
11,0.5,0.785398163397448,45,"BIDIFAC+",6,4,7,0.118037083923112,0.112602072720525,0.225026178783025,0.122460224591546,189.828000000001,NA
12,0.5,0.785398163397448,45,"BIDIFAC+",6,4,7,0.126244709296428,0.118327748433096,0.231062359071578,0.121677047098547,164.303,NA
13,0.5,0.785398163397448,45,"BIDIFAC+",6,5,7,0.114501078322651,0.115732693970404,0.231455055771294,0.123225822336734,188.039000000001,NA
14,0.5,0.785398163397448,45,"BIDIFAC+",6,4,7,0.138547784616737,0.121111510805988,0.22984295413487,0.119754479680497,188.411,NA
15,0.5,0.785398163397448,45,"BIDIFAC+",6,4,7,0.135446328301921,0.119874721186308,0.238711152042069,0.12555807439015,189.120999999999,NA
16,0.5,0.785398163397448,45,"BIDIFAC+",6,5,7,0.118534603532313,0.118696584968399,0.223717434436139,0.120841099169561,180.234,NA
17,0.5,0.785398163397448,45,"BIDIFAC+",6,6,7,0.116840970402318,0.120114307938349,0.218324797188059,0.123587907350427,173.873,NA
18,0.5,0.785398163397448,45,"BIDIFAC+",6,4,6,0.123809929862319,0.113965863823049,0.233588013113256,0.120308603485986,201.682000000001,NA
19,0.5,0.785398163397448,45,"BIDIFAC+",6,4,6,0.118739573181633,0.116951206248349,0.219067141158059,0.119041611947076,184.342000000001,NA
20,0.5,0.785398163397448,45,"BIDIFAC+",6,5,7,0.105199692888055,0.11264608042803,0.217525540422962,0.118801388889107,191.159,NA
21,0.5,0.785398163397448,45,"BIDIFAC+",6,4,7,0.129272817509153,0.118897299335406,0.228069622804698,0.120616300103116,196.868999999999,NA
22,0.5,0.785398163397448,45,"BIDIFAC+",6,5,6,0.106129518614394,0.111566742955586,0.216096612571135,0.124529327057232,178.526000000002,NA
23,0.5,0.785398163397448,45,"BIDIFAC+",6,5,7,0.111902649077178,0.116964301949498,0.219630157449071,0.121971444068005,200.030999999999,NA
24,0.5,0.785398163397448,45,"BIDIFAC+",6,5,7,0.119130567896002,0.117316962026368,0.228357396436135,0.122479350361444,157.592000000001,NA
25,0.5,0.785398163397448,45,"BIDIFAC+",6,4,7,0.134166972260025,0.119288702822191,0.232610502632659,0.12081956850965,204.93,NA
26,0.5,0.785398163397448,45,"BIDIFAC+",6,4,6,0.113022211554503,0.115400358591137,0.214638964862103,0.124716121634753,170.256000000001,NA
27,0.5,0.785398163397448,45,"BIDIFAC+",6,5,7,0.136103681132972,0.126669852034298,0.233602643236097,0.123233575938728,190.489999999998,NA
28,0.5,0.785398163397448,45,"BIDIFAC+",6,4,7,0.125140128077442,0.113626448256517,0.224715390406694,0.124067916256157,179.752999999997,NA
29,0.5,0.785398163397448,45,"BIDIFAC+",6,4,6,0.111978994145257,0.117322290928669,0.216634318181174,0.121733545425445,193.326000000001,NA
30,0.5,0.785398163397448,45,"BIDIFAC+",6,4,6,0.11248957029313,0.114476781916894,0.223539274614302,0.122668441559268,183.597999999998,NA
31,0.5,0.785398163397448,45,"BIDIFAC+",6,4,6,0.123156256238804,0.114225704637869,0.22910439052245,0.120853802172186,183.380000000001,NA
32,0.5,0.785398163397448,45,"BIDIFAC+",6,5,7,0.125110800758691,0.124889072125297,0.239444870645164,0.126062588824555,178.489000000001,NA
33,0.5,0.785398163397448,45,"BIDIFAC+",6,4,6,0.108017180170453,0.112827886166416,0.223570218436643,0.123490057771076,177.589,NA
34,0.5,0.785398163397448,45,"BIDIFAC+",6,5,6,0.112679977021146,0.115526413016902,0.225987239191336,0.119861936871512,189.402000000002,NA
35,0.5,0.785398163397448,45,"BIDIFAC+",6,4,6,0.108143760580079,0.114541164740846,0.221069925494969,0.122771867062707,209.063999999998,NA
36,0.5,0.785398163397448,45,"BIDIFAC+",6,4,6,0.119355715490815,0.12257870529123,0.229652179668521,0.121470381026608,194.845999999998,NA
37,0.5,0.785398163397448,45,"BIDIFAC+",6,5,6,0.109341399143327,0.112654184167077,0.22365378749133,0.1187576713574,165.377,NA
38,0.5,0.785398163397448,45,"BIDIFAC+",6,5,7,0.116382031506552,0.117618842991391,0.224132074393006,0.123963346493274,191.535,NA
39,0.5,0.785398163397448,45,"BIDIFAC+",7,4,6,0.117917552502668,0.118553521292485,0.229191993185554,0.121374798205515,178.931,NA
40,0.5,0.785398163397448,45,"BIDIFAC+",7,4,6,0.131809105475015,0.120775539586264,0.236316291146452,0.122793080507593,154.372000000003,NA
41,0.5,0.785398163397448,45,"BIDIFAC+",7,5,7,0.125598705958652,0.117483273294884,0.228098869329578,0.124163098133349,169.292000000001,NA
42,0.5,0.785398163397448,45,"BIDIFAC+",6,4,6,0.104411503891021,0.112368600309524,0.220611401295973,0.119663164812134,176.013999999999,NA
43,0.5,0.785398163397448,45,"BIDIFAC+",7,5,7,0.10810953713806,0.110446771877592,0.214369689770028,0.121885992326331,184.662,NA
44,0.5,0.785398163397448,45,"BIDIFAC+",6,5,6,0.113091999711954,0.114440367846073,0.219473722762615,0.120915980698171,186.124,NA
45,0.5,0.785398163397448,45,"BIDIFAC+",6,5,7,0.11636897992733,0.119914382116653,0.219490060973448,0.122262883270188,190.240000000002,NA
46,0.5,0.785398163397448,45,"BIDIFAC+",6,5,7,0.115027713101006,0.117931853983513,0.225798468713423,0.122038468158886,194.319000000003,NA
47,0.5,0.785398163397448,45,"BIDIFAC+",7,5,6,0.110767832762391,0.117241752711647,0.216941030376741,0.125493886412404,178.186999999998,NA
48,0.5,0.785398163397448,45,"BIDIFAC+",6,5,6,0.10837379855236,0.114793806597914,0.223450389141103,0.120721966479678,181.738999999998,NA
49,0.5,0.785398163397448,45,"BIDIFAC+",6,4,7,0.121114194096348,0.111921441984127,0.232474476787625,0.124298828641777,198.996000000003,NA
50,0.5,0.785398163397448,45,"BIDIFAC+",6,4,7,0.118786640541696,0.108775096456177,0.221744817489933,0.123363590267701,172.239000000001,NA
51,0.5,0.785398163397448,45,"BIDIFAC+",6,4,7,0.126435271517757,0.114402179992359,0.222386814471374,0.120907006899727,189.091,NA
52,0.5,0.785398163397448,45,"BIDIFAC+",6,4,6,0.117113753817745,0.11585006514061,0.227356915509059,0.121844243863292,193.775000000001,NA
53,0.5,0.785398163397448,45,"BIDIFAC+",6,4,7,0.112512303678075,0.112669270549502,0.220029403554562,0.123686193765103,179.830999999998,NA
54,0.5,0.785398163397448,45,"BIDIFAC+",6,5,7,0.126105358514013,0.125123609317809,0.233981630507471,0.124228135535489,164.358,NA
55,0.5,0.785398163397448,45,"BIDIFAC+",6,4,7,0.126608099219404,0.118493984024316,0.221742714127999,0.123595480089417,169.847999999998,NA
56,0.5,0.785398163397448,45,"BIDIFAC+",6,4,7,0.130973015358399,0.119370081512961,0.222951692907615,0.119739257347806,190.834999999999,NA
57,0.5,0.785398163397448,45,"BIDIFAC+",6,4,7,0.129067714568244,0.118116438451311,0.227920617090318,0.123017895461177,183.434000000001,NA
58,0.5,0.785398163397448,45,"BIDIFAC+",6,5,6,0.112908313341937,0.117323365316949,0.226113210117341,0.122170606533651,186.613000000001,NA
59,0.5,0.785398163397448,45,"BIDIFAC+",6,5,7,0.11626570874262,0.115963869975293,0.219991144548054,0.12246117511817,189.793999999998,NA
60,0.5,0.785398163397448,45,"BIDIFAC+",6,4,6,0.11287694732501,0.11504216244242,0.229574224695474,0.121780223502713,191.159,NA
61,0.5,0.785398163397448,45,"BIDIFAC+",6,5,6,0.112297427756283,0.115824911549343,0.22042014393067,0.124114966730014,179.029000000002,NA
62,0.5,0.785398163397448,45,"BIDIFAC+",6,5,6,0.10824779768775,0.110662889937674,0.214204206065867,0.120596127927302,183.927,NA
63,0.5,0.785398163397448,45,"BIDIFAC+",7,4,6,0.140641013927293,0.120549268238135,0.243747082841661,0.12540125941922,189.227999999999,NA
64,0.5,0.785398163397448,45,"BIDIFAC+",6,5,7,0.115984949820721,0.117710888417629,0.21515760931529,0.122379372780683,198.468000000001,NA
65,0.5,0.785398163397448,45,"BIDIFAC+",6,5,7,0.119764142683625,0.125780318083917,0.225620594470542,0.122093912187518,185.254999999997,NA
66,0.5,0.785398163397448,45,"BIDIFAC+",6,4,7,0.130200613128657,0.119567258888386,0.2352653120393,0.123953975066899,182.833999999999,NA
67,0.5,0.785398163397448,45,"BIDIFAC+",6,4,7,0.131372607116978,0.117498823721777,0.228695085408993,0.119156693254316,190.231,NA
68,0.5,0.785398163397448,45,"BIDIFAC+",6,4,6,0.119232816804288,0.122233307437615,0.22926704898456,0.122378087969497,183.306,NA
69,0.5,0.785398163397448,45,"BIDIFAC+",6,5,7,0.118941764658726,0.120993331894286,0.222526399117271,0.122101729064679,194.523000000001,NA
70,0.5,0.785398163397448,45,"BIDIFAC+",6,5,7,0.113371787657802,0.116489221176693,0.221472384265276,0.122060152842449,191.136999999999,NA
71,0.5,0.785398163397448,45,"BIDIFAC+",6,4,7,0.125407620806903,0.12126137684805,0.233618222982247,0.122868159983933,192.133000000002,NA
72,0.5,0.785398163397448,45,"BIDIFAC+",6,4,7,0.117685352728713,0.115793640700314,0.222985662256766,0.119166413635962,156.918000000001,NA
73,0.5,0.785398163397448,45,"BIDIFAC+",7,4,7,0.133589759299724,0.122746485476769,0.228215159095098,0.121065165177047,195.970999999998,NA
74,0.5,0.785398163397448,45,"BIDIFAC+",6,5,7,0.120512892660128,0.119622252733034,0.222971189180251,0.120338658839195,182.131000000001,NA
75,0.5,0.785398163397448,45,"BIDIFAC+",6,5,7,0.121865667816519,0.121629251916185,0.230198319092582,0.121950919691446,171.139999999999,NA
76,0.5,0.785398163397448,45,"BIDIFAC+",6,4,7,0.12512526440401,0.123352237049732,0.232258315923071,0.12630699426329,190.73,NA
77,0.5,0.785398163397448,45,"BIDIFAC+",6,4,6,0.108850629188799,0.114162792998339,0.221612124861192,0.122971021488214,173.998,NA
78,0.5,0.785398163397448,45,"BIDIFAC+",6,4,7,0.131281695631741,0.123230167326031,0.236005159521647,0.123129147465486,168.226999999999,NA
79,0.5,0.785398163397448,45,"BIDIFAC+",6,5,6,0.114510884057452,0.112662123486392,0.21952592935982,0.119640038279094,183.792999999998,NA
80,0.5,0.785398163397448,45,"BIDIFAC+",6,5,7,0.122844668339294,0.12452696297952,0.236064500627254,0.12498439989783,164.575000000001,NA
81,0.5,0.785398163397448,45,"BIDIFAC+",7,5,7,0.112810182975904,0.115403689174217,0.227513916227336,0.122009335310175,180.909,NA
82,0.5,0.785398163397448,45,"BIDIFAC+",6,5,7,0.135749647937483,0.12248824017391,0.231564508972633,0.123660799799518,193.996999999999,NA
83,0.5,0.785398163397448,45,"BIDIFAC+",7,5,7,0.125367043547465,0.117004961744151,0.226586879924058,0.121534668709793,194.701999999997,NA
84,0.5,0.785398163397448,45,"BIDIFAC+",6,5,7,0.113396434196944,0.117125125578451,0.224578426209114,0.122280318665237,194.138999999999,NA
85,0.5,0.785398163397448,45,"BIDIFAC+",6,4,6,0.115540846420277,0.114767930662352,0.228469589853897,0.121832935766625,179.360000000001,NA
86,0.5,0.785398163397448,45,"BIDIFAC+",6,4,7,0.12527162585051,0.123158574379646,0.229362714323385,0.119688745750564,184.350999999999,NA
87,0.5,0.785398163397448,45,"BIDIFAC+",7,4,7,0.126401911540044,0.116555394663077,0.23018792973515,0.121393502719814,192.509000000002,NA
88,0.5,0.785398163397448,45,"BIDIFAC+",6,4,7,0.137550441342774,0.121375273625697,0.234724372138892,0.122405191999059,178.393,NA
89,0.5,0.785398163397448,45,"BIDIFAC+",6,4,7,0.129644275380548,0.121482793527018,0.227539203049941,0.119372675497897,180.717000000001,NA
90,0.5,0.785398163397448,45,"BIDIFAC+",6,5,6,0.110309972668839,0.114911858265629,0.228303109169094,0.122994647886454,197.475999999999,NA
91,0.5,0.785398163397448,45,"BIDIFAC+",6,4,7,0.136689068199812,0.122609503275829,0.228228815554341,0.124900595041366,182.794000000002,NA
92,0.5,0.785398163397448,45,"BIDIFAC+",6,4,7,0.124974252668515,0.114528872992812,0.227928117781106,0.121469054156149,193.128000000001,NA
93,0.5,0.785398163397448,45,"BIDIFAC+",6,4,7,0.140590180164334,0.118048187207331,0.23645871104002,0.121149991976165,194.917000000001,NA
94,0.5,0.785398163397448,45,"BIDIFAC+",6,4,7,0.115412243925524,0.113727982271369,0.22159747917358,0.122160790466357,189.038,NA
95,0.5,0.785398163397448,45,"BIDIFAC+",6,4,7,0.12679404951052,0.124846876507108,0.238948786567483,0.124849859836922,197.420000000002,NA
96,0.5,0.785398163397448,45,"BIDIFAC+",6,5,6,0.115757612832755,0.116938236324417,0.224332851466309,0.122817804726353,163.524999999998,NA
97,0.5,0.785398163397448,45,"BIDIFAC+",6,5,6,0.114360710173163,0.115455985516579,0.222148238270012,0.121584023870022,176.635000000002,NA
98,0.5,0.785398163397448,45,"BIDIFAC+",6,4,7,0.122348062999499,0.119156029835273,0.233445310936665,0.120478003158773,188.201000000001,NA
99,0.5,0.785398163397448,45,"BIDIFAC+",6,4,7,0.129921408497109,0.120896111968856,0.231002673596751,0.121999150809959,179.790999999997,NA
100,0.5,0.785398163397448,45,"BIDIFAC+",6,4,6,0.113484152033541,0.11567259352468,0.224174614025523,0.120121055052371,182.772000000001,NA
1,1,0.785398163397448,45,"BIDIFAC+",6,4,7,0.0741290267181226,0.0706090300706667,0.137034948571774,0.0596236374579083,353.887000000002,NA
2,1,0.785398163397448,45,"BIDIFAC+",7,5,7,0.0725583639426161,0.0741880596259983,0.133641179957298,0.0611860815626559,353.920999999998,NA
3,1,0.785398163397448,45,"BIDIFAC+",6,4,6,0.0709284506568376,0.0715495178540484,0.133749272753519,0.0601536690817295,384.474999999999,NA
4,1,0.785398163397448,45,"BIDIFAC+",6,5,7,0.0653521976920884,0.070901085024407,0.12976944296026,0.0598710532160089,384.136999999999,NA
5,1,0.785398163397448,45,"BIDIFAC+",6,5,6,0.06455245529464,0.0711329247062014,0.130483142733821,0.0599871499069664,352.638999999999,NA
6,1,0.785398163397448,45,"BIDIFAC+",6,5,7,0.073267972366981,0.0752163149764616,0.136535836352632,0.0609219507788234,377.971000000001,NA
7,1,0.785398163397448,45,"BIDIFAC+",6,5,7,0.0693343574703232,0.070807836737511,0.133024189441416,0.0599595946515656,383.263999999999,NA
8,1,0.785398163397448,45,"BIDIFAC+",6,4,7,0.0798913562152342,0.0711084979426285,0.139930462107371,0.0603714918196446,387.488999999998,NA
9,1,0.785398163397448,45,"BIDIFAC+",6,5,7,0.0784486313325754,0.0714823980951326,0.138022305343149,0.0608612824621257,339.434999999998,NA
10,1,0.785398163397448,45,"BIDIFAC+",6,5,8,0.0766869408376851,0.0729941799798879,0.137351335030401,0.0608416724245504,348.601999999999,NA
11,1,0.785398163397448,45,"BIDIFAC+",7,5,7,0.0696760297579939,0.0705347114033321,0.132649875155733,0.0597745183783989,382.641,NA
12,1,0.785398163397448,45,"BIDIFAC+",7,4,7,0.0760345695907487,0.0739319557535234,0.137874783230149,0.0608572090385953,358.539000000001,NA
13,1,0.785398163397448,45,"BIDIFAC+",6,4,7,0.0726320307485245,0.073524145022744,0.134123100156036,0.0607208246349881,372.397999999997,NA
14,1,0.785398163397448,45,"BIDIFAC+",6,5,7,0.0742335169008909,0.0724100678945102,0.138615372485293,0.0616759050076469,348.189000000002,NA
15,1,0.785398163397448,45,"BIDIFAC+",6,4,6,0.0662183481000899,0.0692940412551654,0.130621993070864,0.0608489716719201,389.249,NA
16,1,0.785398163397448,45,"BIDIFAC+",7,5,7,0.0685482872360121,0.0717773764293763,0.129540693686775,0.0603040426199163,319.846999999998,NA
17,1,0.785398163397448,45,"BIDIFAC+",6,5,6,0.0672568565041437,0.0713546293611834,0.133029408119454,0.0604308966280625,390.869999999999,NA
18,1,0.785398163397448,45,"BIDIFAC+",6,5,7,0.0640785295115963,0.0710675873391881,0.129103088256148,0.0607639793625123,374.796000000002,NA
19,1,0.785398163397448,45,"BIDIFAC+",7,4,7,0.0773830173048979,0.0729425127807873,0.137286328937096,0.0601297624524859,330.415000000001,NA
20,1,0.785398163397448,45,"BIDIFAC+",6,5,7,0.0653772462537263,0.069688581062029,0.12967774848152,0.0604059591233888,384.84,NA
21,1,0.785398163397448,45,"BIDIFAC+",6,4,7,0.0689480813375647,0.0713668932708983,0.129804146423617,0.060211345990583,338.552,NA
22,1,0.785398163397448,45,"BIDIFAC+",6,4,6,0.0718135622187611,0.0718495646126725,0.133133928118168,0.0612639298845487,366.056,NA
23,1,0.785398163397448,45,"BIDIFAC+",7,4,6,0.0676040315492221,0.0697907765394875,0.13201497809733,0.0599435585862642,384.848999999998,NA
24,1,0.785398163397448,45,"BIDIFAC+",6,4,7,0.0771235499034286,0.0740356483452037,0.138129298061133,0.0603807859051199,381.031000000003,NA
25,1,0.785398163397448,45,"BIDIFAC+",7,5,6,0.0657505668086584,0.0713922316595017,0.129926761677996,0.0601201381980968,351.376,NA
26,1,0.785398163397448,45,"BIDIFAC+",7,5,7,0.0676542159288409,0.0729349811218339,0.132437233566658,0.0615796342292718,375.333000000002,NA
27,1,0.785398163397448,45,"BIDIFAC+",6,5,7,0.0696639416877217,0.0717164671137684,0.133278271234282,0.0606385013077758,382.184999999998,NA
28,1,0.785398163397448,45,"BIDIFAC+",6,4,7,0.0727469968563399,0.0697443503635216,0.129061951249671,0.0603416409285183,334.994000000002,NA
29,1,0.785398163397448,45,"BIDIFAC+",6,5,7,0.0693318275112894,0.0709064987242283,0.131821960350995,0.06048804218036,389.807000000001,NA
30,1,0.785398163397448,45,"BIDIFAC+",6,4,7,0.0717133172960619,0.0717889420621904,0.132936528271718,0.0600529269095077,367.858,NA
31,1,0.785398163397448,45,"BIDIFAC+",6,4,7,0.0727958044640179,0.071294488388504,0.134200022740235,0.0612034293608301,323.555,NA
32,1,0.785398163397448,45,"BIDIFAC+",6,5,7,0.0718894007307214,0.0720866577118336,0.134376943984634,0.0611018304936699,363.558000000001,NA
33,1,0.785398163397448,45,"BIDIFAC+",6,5,7,0.0660358464842949,0.0717907258306291,0.131327877591423,0.0611741789882635,368.504000000001,NA
34,1,0.785398163397448,45,"BIDIFAC+",6,5,7,0.0651218940518277,0.0703542298390674,0.129124309661886,0.0606611207025065,375.704000000002,NA
35,1,0.785398163397448,45,"BIDIFAC+",6,4,7,0.0742325901142905,0.0726982922886812,0.135449246509196,0.0604011130032976,379.673000000003,NA
36,1,0.785398163397448,45,"BIDIFAC+",6,5,6,0.0662979691106247,0.0710547872007894,0.131805698618888,0.0605395036085572,363.088,NA
37,1,0.785398163397448,45,"BIDIFAC+",6,5,7,0.0678358683568186,0.0714484638789493,0.132476935773213,0.0601549680897298,349.606,NA
38,1,0.785398163397448,45,"BIDIFAC+",6,5,7,0.0729724540189477,0.0703769413255065,0.129257521950326,0.059239783490697,371.912,NA
39,1,0.785398163397448,45,"BIDIFAC+",6,4,7,0.0785191457112242,0.0726394683308083,0.13961950023116,0.0601802048550024,337.894,NA
40,1,0.785398163397448,45,"BIDIFAC+",6,4,7,0.081371532433326,0.0742298238629153,0.140560164084316,0.0617268212667729,349.303,NA
41,1,0.785398163397448,45,"BIDIFAC+",6,4,7,0.0738615234423682,0.0727009980017827,0.135438286536182,0.0608295832738065,380.703000000001,NA
42,1,0.785398163397448,45,"BIDIFAC+",6,4,7,0.0709810330321448,0.070359766320573,0.131225666611475,0.0618667122589382,335.206999999999,NA
43,1,0.785398163397448,45,"BIDIFAC+",6,4,6,0.0658366478847215,0.0714398061004024,0.131741629789395,0.0612685273387957,377.855,NA
44,1,0.785398163397448,45,"BIDIFAC+",6,4,6,0.0660382408439912,0.0704258169217025,0.132986060846244,0.0605281497282908,393.200000000001,NA
45,1,0.785398163397448,45,"BIDIFAC+",7,5,6,0.068366504131632,0.0703118983331998,0.130523563731433,0.062286400805836,358.109,NA
46,1,0.785398163397448,45,"BIDIFAC+",6,5,7,0.0768389907264052,0.0718511212255695,0.134984597611502,0.0602157264364467,336.677,NA
47,1,0.785398163397448,45,"BIDIFAC+",6,5,6,0.0653687691234417,0.0727625718518092,0.13268086871113,0.0616814464212038,390.499,NA
48,1,0.785398163397448,45,"BIDIFAC+",6,4,7,0.0788962307243164,0.0727882909668932,0.1374507648842,0.0598657173091288,378.882999999998,NA
49,1,0.785398163397448,45,"BIDIFAC+",6,4,7,0.0740547691455212,0.0720961777623751,0.136028379761537,0.0599274920472896,353.623,NA
50,1,0.785398163397448,45,"BIDIFAC+",6,4,7,0.0796764619921641,0.074403776690653,0.140501394648639,0.0618936510901623,364.526000000002,NA
51,1,0.785398163397448,45,"BIDIFAC+",6,4,6,0.0666252831822186,0.071072549761428,0.133938718036241,0.060081852831372,357.139000000003,NA
52,1,0.785398163397448,45,"BIDIFAC+",6,4,7,0.0792880133751492,0.0729800842803686,0.140849986656196,0.0619835193223484,329.047000000002,NA
53,1,0.785398163397448,45,"BIDIFAC+",6,4,6,0.0729966921084699,0.0719378216176712,0.134282701551091,0.0603630104816313,392.579000000002,NA
54,1,0.785398163397448,45,"BIDIFAC+",6,5,6,0.0637230474263822,0.0697874143390951,0.131336090708849,0.0598974562400647,361.776999999998,NA
55,1,0.785398163397448,45,"BIDIFAC+",6,4,7,0.0773042246390342,0.0712635997125406,0.13630989613917,0.0605155774342343,367.661,NA
56,1,0.785398163397448,45,"BIDIFAC+",6,5,7,0.0742424909607107,0.0690551550849864,0.133298862642675,0.0598493806726299,390.82,NA
57,1,0.785398163397448,45,"BIDIFAC+",6,4,7,0.0728785697506694,0.0714826989784733,0.134265132737718,0.0608845191928082,360.511999999999,NA
58,1,0.785398163397448,45,"BIDIFAC+",6,5,6,0.0697926722821968,0.0724537651243582,0.133257490367126,0.0611376221608156,339.897999999997,NA
59,1,0.785398163397448,45,"BIDIFAC+",6,4,6,0.0635358433661686,0.0701210116165022,0.131404513403066,0.060813405165879,357.239000000001,NA
60,1,0.785398163397448,45,"BIDIFAC+",6,4,7,0.0706511647244513,0.0730107741144638,0.135895670928372,0.0608522353002279,366.205999999998,NA
61,1,0.785398163397448,45,"BIDIFAC+",6,4,6,0.0649102681552361,0.071427578654824,0.133553555311263,0.06102651539622,367.782000000003,NA
62,1,0.785398163397448,45,"BIDIFAC+",6,4,7,0.0792231870876614,0.0720404633091454,0.140653703060104,0.060000654708549,397.638999999999,NA
63,1,0.785398163397448,45,"BIDIFAC+",6,4,7,0.0703004238334036,0.0696993240868795,0.13274724430916,0.0594140970208758,397.742000000002,NA
64,1,0.785398163397448,45,"BIDIFAC+",7,4,7,0.074952159846578,0.0741367189153388,0.136757663406657,0.0619332462888309,363.634000000002,NA
65,1,0.785398163397448,45,"BIDIFAC+",6,4,7,0.0781666448759363,0.0725493392081357,0.13812981347403,0.0596008795262444,383.885000000002,NA
66,1,0.785398163397448,45,"BIDIFAC+",6,5,7,0.0706838529997867,0.0699775097240073,0.133838333504332,0.0610215812423544,395.079000000002,NA
67,1,0.785398163397448,45,"BIDIFAC+",6,4,6,0.0648113594137869,0.0702804282625245,0.130129735068743,0.0608824298876493,381.223000000002,NA
68,1,0.785398163397448,45,"BIDIFAC+",6,4,6,0.0708676985759164,0.0716914416050411,0.137985530332501,0.0600722092475898,377.393999999997,NA
69,1,0.785398163397448,45,"BIDIFAC+",6,4,7,0.0761317118584908,0.0723039815593452,0.136871046498739,0.0599635891165698,370.686999999998,NA
70,1,0.785398163397448,45,"BIDIFAC+",6,5,7,0.0705488316342204,0.0743621466287623,0.134715516547614,0.0608256401917925,350.166000000001,NA
71,1,0.785398163397448,45,"BIDIFAC+",6,4,6,0.0657499262173726,0.0721568528350547,0.133750581485047,0.0612692755060571,351.909,NA
72,1,0.785398163397448,45,"BIDIFAC+",7,5,7,0.0788961510329565,0.0720918877487302,0.138691767661493,0.0601484308604725,369.056,NA
73,1,0.785398163397448,45,"BIDIFAC+",7,5,6,0.0654870924489375,0.0706098207213001,0.132443673447283,0.0607137493874451,344.856,NA
74,1,0.785398163397448,45,"BIDIFAC+",6,4,6,0.0639074535167004,0.0697418478395808,0.131046786093309,0.0597528750514057,404.348999999998,NA
75,1,0.785398163397448,45,"BIDIFAC+",6,4,7,0.0653359415604493,0.0677921586445477,0.12691119402965,0.059976519664586,382.157999999999,NA
76,1,0.785398163397448,45,"BIDIFAC+",7,4,7,0.066645497486908,0.0706357902083612,0.128371637131376,0.0602224677878144,340.651000000002,NA
77,1,0.785398163397448,45,"BIDIFAC+",7,4,7,0.0713567764498323,0.0712825654304722,0.134955653223993,0.0602272100477503,368.355,NA
78,1,0.785398163397448,45,"BIDIFAC+",6,5,8,0.0734026343018684,0.0731560048573695,0.134919835539483,0.0603026916981073,363.722999999998,NA
79,1,0.785398163397448,45,"BIDIFAC+",6,4,7,0.0685092636859784,0.0740740383121923,0.133883097618173,0.0627726215900889,376.470000000001,NA
80,1,0.785398163397448,45,"BIDIFAC+",6,4,6,0.0664517536778961,0.0706813277088299,0.129109418594228,0.0608107645502071,383.439000000002,NA
81,1,0.785398163397448,45,"BIDIFAC+",6,5,7,0.0706063229844051,0.0737489156757853,0.134638134009018,0.0625240249291396,386.569000000003,NA
82,1,0.785398163397448,45,"BIDIFAC+",6,5,7,0.0713227733146061,0.0733601813199737,0.134442077162027,0.061685618860093,371.432000000001,NA
83,1,0.785398163397448,45,"BIDIFAC+",7,5,7,0.0650067300731053,0.0698523742101462,0.127892513191807,0.0613794628689068,352.411,NA
84,1,0.785398163397448,45,"BIDIFAC+",7,4,7,0.0763974016242751,0.0718455307334652,0.136922712359157,0.0619004730064902,355.977999999999,NA
85,1,0.785398163397448,45,"BIDIFAC+",6,4,6,0.0662189705815068,0.0724716202113722,0.132407227279186,0.0616513932849769,383.490000000002,NA
86,1,0.785398163397448,45,"BIDIFAC+",6,4,7,0.0761533276692435,0.0713361067418528,0.136788516188722,0.0614727405944015,334.898000000001,NA
87,1,0.785398163397448,45,"BIDIFAC+",6,5,7,0.0680761844081648,0.0726409563083448,0.130403534279717,0.0603810629151628,388.529000000002,NA
88,1,0.785398163397448,45,"BIDIFAC+",6,4,6,0.076837542880158,0.0711140453900068,0.13668473662311,0.0589513792386376,359.768,NA
89,1,0.785398163397448,45,"BIDIFAC+",6,5,7,0.0659882822744315,0.0707684049575901,0.132766084778328,0.0610796637676765,361.478999999999,NA
90,1,0.785398163397448,45,"BIDIFAC+",6,4,6,0.0727920733087937,0.0717809848836588,0.134764918635916,0.0608805705323845,345.125,NA
91,1,0.785398163397448,45,"BIDIFAC+",6,4,7,0.0660093160349733,0.0699653649099983,0.130982802141241,0.0606812314163443,369.527000000002,NA
92,1,0.785398163397448,45,"BIDIFAC+",6,4,7,0.0794368709155075,0.073661634396511,0.140007217482985,0.060386790049906,368.600999999999,NA
93,1,0.785398163397448,45,"BIDIFAC+",6,4,6,0.073632608938123,0.0716489868519849,0.134056658320483,0.0601871881862298,380.971999999998,NA
94,1,0.785398163397448,45,"BIDIFAC+",6,4,6,0.0656200828145558,0.071643527339707,0.132623144346376,0.0610703098788285,387.690999999999,NA
95,1,0.785398163397448,45,"BIDIFAC+",6,4,7,0.066833278965733,0.0714868701567118,0.131610211982196,0.0602660541231671,360.192999999999,NA
96,1,0.785398163397448,45,"BIDIFAC+",6,5,7,0.0686897663580934,0.0711410252895902,0.12929138696854,0.0584106866526135,361.309999999998,NA
97,1,0.785398163397448,45,"BIDIFAC+",6,4,6,0.062650952060807,0.0701487903859494,0.12856019318832,0.0605657982701959,329.623000000003,NA
98,1,0.785398163397448,45,"BIDIFAC+",6,5,7,0.069265846936335,0.0712897102037107,0.130655434441048,0.0622116658215007,363.412,NA
99,1,0.785398163397448,45,"BIDIFAC+",6,4,7,0.0773786717778409,0.0717536280141223,0.138149850229689,0.0601976832939984,386.513999999999,NA
100,1,0.785398163397448,45,"BIDIFAC+",6,4,7,0.0801041028360224,0.075735115976051,0.139547488258919,0.0611024716033997,383.371999999999,NA
1,2,0.785398163397448,45,"BIDIFAC+",6,5,7,0.0490283216986298,0.0554303466015637,0.0859522977279448,0.0353964232566591,752.221000000001,NA
2,2,0.785398163397448,45,"BIDIFAC+",7,4,6,0.0521461516010389,0.0563485620625318,0.0903650172593332,0.0359148825697453,750.016,NA
3,2,0.785398163397448,45,"BIDIFAC+",6,5,7,0.0491793781957409,0.0555637123531069,0.0861935544633982,0.035551341062218,765.786,NA
4,2,0.785398163397448,45,"BIDIFAC+",6,4,7,0.0558371385887068,0.0569788837621821,0.0928519458597241,0.0357262950605338,760.944000000003,NA
5,2,0.785398163397448,45,"BIDIFAC+",6,4,6,0.0516956590629476,0.0557217311410156,0.0870880776536357,0.0354538001599152,734.792000000001,NA
6,2,0.785398163397448,45,"BIDIFAC+",6,4,8,0.0529320941138371,0.0548163899188357,0.0889176469992368,0.0354024333129071,712.164000000001,NA
7,2,0.785398163397448,45,"BIDIFAC+",6,5,7,0.0495447852343653,0.0559392420943294,0.0873829422472687,0.0355953555995961,736.851000000002,NA
8,2,0.785398163397448,45,"BIDIFAC+",6,4,7,0.0566800741895402,0.0562710594634725,0.0912811226235808,0.0357397317996354,785.390000000003,NA
9,2,0.785398163397448,45,"BIDIFAC+",6,4,7,0.0513206624197345,0.0561662241280645,0.0875762023503289,0.0358309510359935,735.496999999999,NA
10,2,0.785398163397448,45,"BIDIFAC+",6,4,7,0.0571439414163187,0.0557317752017622,0.0919117771707476,0.0357823906183315,728.255000000001,NA
11,2,0.785398163397448,45,"BIDIFAC+",6,5,7,0.0500860949355075,0.0566341409773784,0.0873314028001936,0.035563091538179,757.181999999997,NA
12,2,0.785398163397448,45,"BIDIFAC+",6,4,7,0.0524392013327416,0.0556596559448293,0.0892547613419357,0.035523249966215,749.819,NA
13,2,0.785398163397448,45,"BIDIFAC+",6,4,6,0.0493885723027487,0.0561612326608194,0.0883412611890963,0.0358704220310139,720.279999999999,NA
14,2,0.785398163397448,45,"BIDIFAC+",6,5,7,0.0490444369700752,0.0548608367265404,0.0856561123469517,0.0354984627779401,724.975999999999,NA
15,2,0.785398163397448,45,"BIDIFAC+",7,4,7,0.0495196438699452,0.055959198955126,0.0864335691167571,0.0356123955521249,766.192999999999,NA
16,2,0.785398163397448,45,"BIDIFAC+",6,5,7,0.0497615475409902,0.0559000890637318,0.0869966159632943,0.0352346592510333,751.976000000002,NA
17,2,0.785398163397448,45,"BIDIFAC+",6,5,7,0.0506950734333652,0.0563010716837783,0.0870399420404393,0.0355396948008774,651.954000000002,NA
18,2,0.785398163397448,45,"BIDIFAC+",6,4,6,0.0496743047751659,0.0551611986663312,0.0870848068931106,0.0352293629893872,804.026999999998,NA
19,2,0.785398163397448,45,"BIDIFAC+",6,5,7,0.0520038013277809,0.0556327061640817,0.0878029579428336,0.0356829164789124,730.102000000003,NA
20,2,0.785398163397448,45,"BIDIFAC+",6,5,7,0.0497261077316269,0.0541995128801169,0.0858746429991436,0.0347723097656148,808.82,NA
21,2,0.785398163397448,45,"BIDIFAC+",6,4,7,0.0506508396957805,0.0552620955573196,0.0864567992098835,0.0359717563839585,760.712,NA
22,2,0.785398163397448,45,"BIDIFAC+",6,5,7,0.0509030486763122,0.0564961658381851,0.0874545715230281,0.0359142247258475,793.192999999999,NA
23,2,0.785398163397448,45,"BIDIFAC+",7,4,6,0.0490950147657666,0.0556462793969819,0.0871221322154691,0.0352608382746083,767.444,NA
24,2,0.785398163397448,45,"BIDIFAC+",7,4,6,0.054346098191972,0.0551355786213703,0.0889153073078174,0.0356299847113641,791.755999999998,NA
25,2,0.785398163397448,45,"BIDIFAC+",7,5,7,0.0512002257207989,0.056060464275691,0.0866963965900526,0.0356453051229894,770.012000000002,NA
26,2,0.785398163397448,45,"BIDIFAC+",6,4,7,0.0485298874164741,0.0544325718685471,0.0861567179787614,0.0352812533917508,764.432000000001,NA
27,2,0.785398163397448,45,"BIDIFAC+",6,4,6,0.0513784102775281,0.0565408600579751,0.0875704471961774,0.0359773877893749,749.941000000003,NA
28,2,0.785398163397448,45,"BIDIFAC+",6,4,7,0.0533984846515823,0.0550429731381059,0.0892295336477131,0.0355936458819103,735.029000000002,NA
29,2,0.785398163397448,45,"BIDIFAC+",6,5,7,0.0497885393536067,0.0551049351284596,0.0855295348315158,0.0352039114442137,795.743999999999,NA
30,2,0.785398163397448,45,"BIDIFAC+",7,4,6,0.0498744084733042,0.0546896780851756,0.0863440955686075,0.0353069926457018,734.729999999996,NA
31,2,0.785398163397448,45,"BIDIFAC+",7,5,7,0.0512463690420386,0.0541599988183999,0.0861912134253012,0.0348760019222453,801.996000000003,NA
32,2,0.785398163397448,45,"BIDIFAC+",6,5,7,0.0511214206960418,0.0561929653774159,0.087211425721684,0.0360474804525633,777.667000000001,NA
33,2,0.785398163397448,45,"BIDIFAC+",6,4,7,0.0550683384180517,0.0559102296514281,0.089632561305645,0.0355384071655573,755.056000000004,NA
34,2,0.785398163397448,45,"BIDIFAC+",7,4,6,0.0523920037762619,0.0553875979697943,0.0879497057528289,0.0356101425592662,743.386000000002,NA
35,2,0.785398163397448,45,"BIDIFAC+",7,4,7,0.0516239713834592,0.0559592994494556,0.0880631897085624,0.0358560962465812,758.131000000001,NA
36,2,0.785398163397448,45,"BIDIFAC+",6,5,7,0.0512393392287682,0.0555597479251966,0.087700004796924,0.0353764826674186,755.081999999999,NA
37,2,0.785398163397448,45,"BIDIFAC+",6,5,7,0.0499533758702503,0.0557051812152575,0.087225198742645,0.0353576657029673,735.288999999997,NA
38,2,0.785398163397448,45,"BIDIFAC+",6,5,7,0.0490617776063765,0.0552697083183155,0.0858630185669298,0.035445996204122,734.846000000001,NA
39,2,0.785398163397448,45,"BIDIFAC+",6,4,6,0.0496938491125415,0.0553850846657187,0.0877509900658803,0.0358024928172591,768.102000000003,NA
40,2,0.785398163397448,45,"BIDIFAC+",6,4,6,0.0524276155153766,0.0559536921180825,0.0891292476122821,0.0357915617708145,740.699999999997,NA
41,2,0.785398163397448,45,"BIDIFAC+",6,4,6,0.0500015998893237,0.0561048780246323,0.0869743570095454,0.0360093098002575,770.358000000004,NA
42,2,0.785398163397448,45,"BIDIFAC+",6,4,6,0.0542816385467863,0.0545761862073971,0.0892260867185356,0.0352356009052677,718.487999999998,NA
43,2,0.785398163397448,45,"BIDIFAC+",6,4,7,0.0543772708608149,0.0556736607801044,0.0891001927808856,0.0359643198286566,753.398999999998,NA
44,2,0.785398163397448,45,"BIDIFAC+",6,5,7,0.0498002395233259,0.0549804090438448,0.0855977260289499,0.0352534059049288,753.122000000003,NA
45,2,0.785398163397448,45,"BIDIFAC+",6,5,7,0.0497998059122065,0.0548520402710416,0.0861608569707916,0.0353260250911953,762.614000000001,NA
46,2,0.785398163397448,45,"BIDIFAC+",6,4,7,0.0523383013787289,0.0558783799766943,0.0880169932641588,0.0356201566847858,768.990999999998,NA
47,2,0.785398163397448,45,"BIDIFAC+",6,5,7,0.0505675793481985,0.0559208468238088,0.0871486267963731,0.035783070188666,824.284,NA
48,2,0.785398163397448,45,"BIDIFAC+",6,4,7,0.05158592484174,0.0567144854458362,0.0890051588011479,0.0355265777875921,724.297999999999,NA
49,2,0.785398163397448,45,"BIDIFAC+",6,4,7,0.0503770986352123,0.0546098304984782,0.0868591391109261,0.0351885488413412,768.105000000003,NA
50,2,0.785398163397448,45,"BIDIFAC+",6,5,6,0.0521671309660657,0.055810835926356,0.087947991494001,0.0354768533469541,760.220000000001,NA
51,2,0.785398163397448,45,"BIDIFAC+",6,4,6,0.049056271128951,0.0547031684164295,0.0857905736049127,0.0356566410838883,741.212,NA
52,2,0.785398163397448,45,"BIDIFAC+",7,5,7,0.0490656868814026,0.0550757999268479,0.0863734703667908,0.0351620858440966,743.811999999998,NA
53,2,0.785398163397448,45,"BIDIFAC+",6,4,7,0.0504907373533868,0.0551311388670087,0.0869043945956347,0.0357239241770846,757.381000000001,NA
54,2,0.785398163397448,45,"BIDIFAC+",7,4,6,0.0504391812111043,0.0559280932910381,0.0868599029122024,0.0356101851787159,761.341,NA
55,2,0.785398163397448,45,"BIDIFAC+",6,5,7,0.0492883209638061,0.0555173245250459,0.0872670522336002,0.0358078083831498,751.343000000001,NA
56,2,0.785398163397448,45,"BIDIFAC+",6,4,6,0.0494708290847667,0.0555838914902567,0.0873318757361716,0.0355618606276652,734.023999999998,NA
57,2,0.785398163397448,45,"BIDIFAC+",6,4,7,0.055073866194136,0.0552812914988941,0.0897123450683861,0.035384753723846,755.849999999999,NA
58,2,0.785398163397448,45,"BIDIFAC+",6,4,6,0.0501878404445058,0.0559846479594966,0.0885394699191419,0.036013187054107,729.468000000001,NA
59,2,0.785398163397448,45,"BIDIFAC+",6,4,7,0.0562093081815883,0.0562199412393234,0.0914989823056298,0.0359877697019631,730.450000000004,NA
60,2,0.785398163397448,45,"BIDIFAC+",6,5,6,0.0498652905447745,0.0563591484817159,0.0877810459880294,0.0362779896098374,708.647999999994,NA
61,2,0.785398163397448,45,"BIDIFAC+",6,5,6,0.0510085704600081,0.0550404933320852,0.0877248339522398,0.0352561094271352,749.841,NA
62,2,0.785398163397448,45,"BIDIFAC+",6,5,6,0.0492634839781999,0.0556008610924813,0.0870307800944171,0.0360844296373339,774.442999999999,NA
63,2,0.785398163397448,45,"BIDIFAC+",6,4,6,0.0535436155019817,0.0548698242494893,0.0891903520710888,0.0354890339585296,751.148000000001,NA
64,2,0.785398163397448,45,"BIDIFAC+",6,4,7,0.0545366104138645,0.0557184966299317,0.0903703286857742,0.0359094966602953,741.093000000001,NA
65,2,0.785398163397448,45,"BIDIFAC+",6,4,6,0.0500484253548776,0.0564550526595976,0.0879489214672545,0.0359141394557362,732.029000000002,NA
66,2,0.785398163397448,45,"BIDIFAC+",7,4,7,0.0517007596460118,0.0553850784679625,0.0884538705201464,0.035476977450777,776.527000000002,NA
67,2,0.785398163397448,45,"BIDIFAC+",6,5,7,0.0522509311894406,0.0563621130840869,0.0890279853001041,0.0358935302485287,743.415999999997,NA
68,2,0.785398163397448,45,"BIDIFAC+",6,5,7,0.0501778674835282,0.0570929193692467,0.0877575842689587,0.0359452729347005,794.129000000001,NA
69,2,0.785398163397448,45,"BIDIFAC+",6,5,7,0.0521037233284602,0.0561395965808212,0.0885950433040342,0.0354840526952146,753.353000000003,NA
70,2,0.785398163397448,45,"BIDIFAC+",6,5,6,0.0489986792567048,0.0549629061405159,0.0861194942410492,0.0357394430040639,731.813999999998,NA
71,2,0.785398163397448,45,"BIDIFAC+",6,4,7,0.0549634097427207,0.0563936622964674,0.0899799508523564,0.0356041983458256,776.987000000001,NA
72,2,0.785398163397448,45,"BIDIFAC+",6,4,6,0.0474728047721007,0.0539824735214797,0.0853835084094737,0.0352485257659756,796.763000000006,NA
73,2,0.785398163397448,45,"BIDIFAC+",6,5,6,0.0483769538032368,0.0547235111281512,0.0856329223881187,0.0349422060956394,777.950999999994,NA
74,2,0.785398163397448,45,"BIDIFAC+",6,4,6,0.0486500114344865,0.0550758112261307,0.0875923287682598,0.0358297661360937,795.042999999998,NA
75,2,0.785398163397448,45,"BIDIFAC+",6,4,7,0.0496889429753917,0.0558827225248212,0.0875970405689838,0.0355271439114989,802.254999999997,NA
76,2,0.785398163397448,45,"BIDIFAC+",6,4,7,0.0512684762803843,0.0552173073196586,0.0867648674095786,0.0355636784180035,774.939999999995,NA
77,2,0.785398163397448,45,"BIDIFAC+",6,5,6,0.0489466514580985,0.0544373162905392,0.0858665538105153,0.0349530821919137,778.078999999998,NA
78,2,0.785398163397448,45,"BIDIFAC+",6,4,7,0.0541047044238511,0.0566162381293053,0.0901317067234691,0.0356040275606703,759.969999999994,NA
79,2,0.785398163397448,45,"BIDIFAC+",6,4,7,0.0508846077960083,0.0556892479713054,0.0876527011667428,0.035296965623161,740.334000000003,NA
80,2,0.785398163397448,45,"BIDIFAC+",6,5,8,0.0543634721949629,0.0550537567104959,0.0892217375657858,0.0349913068156455,772.319000000003,NA
81,2,0.785398163397448,45,"BIDIFAC+",6,4,7,0.0550643819540997,0.0563879354141384,0.0912331932183856,0.0354171361309997,749.775999999998,NA
82,2,0.785398163397448,45,"BIDIFAC+",6,4,6,0.0547137539272465,0.0557174518183986,0.0893389506174512,0.0357929166830686,719.421000000002,NA
83,2,0.785398163397448,45,"BIDIFAC+",6,5,7,0.0504947148897243,0.0560880716078379,0.0867173878019334,0.035384367526659,771.921999999999,NA
84,2,0.785398163397448,45,"BIDIFAC+",6,4,7,0.050868076263679,0.0557087574739511,0.0880000253671964,0.0355762121339194,762.938000000002,NA
85,2,0.785398163397448,45,"BIDIFAC+",6,4,7,0.049357238751576,0.0554045000846842,0.0865136838767868,0.0358300422301406,784.067999999999,NA
86,2,0.785398163397448,45,"BIDIFAC+",6,4,7,0.0499347489606194,0.0547245696378008,0.0868769579481723,0.0354753074489744,778.444000000003,NA
87,2,0.785398163397448,45,"BIDIFAC+",6,5,6,0.0509530063804532,0.0553686341752045,0.0876341375922788,0.0355999006314896,781.387000000002,NA
88,2,0.785398163397448,45,"BIDIFAC+",6,4,7,0.048878742221627,0.0561632374698356,0.0866263174055548,0.0354422845442533,800.616999999998,NA
89,2,0.785398163397448,45,"BIDIFAC+",6,4,7,0.0555267941791092,0.0558930638738994,0.0909035246104458,0.0354739928845571,766.220000000001,NA
90,2,0.785398163397448,45,"BIDIFAC+",6,4,7,0.0555181087972509,0.0557643869935425,0.0904426523877648,0.0356270205904982,735.752999999997,NA
91,2,0.785398163397448,45,"BIDIFAC+",6,4,6,0.0522102432874304,0.0553587627515587,0.0875914091120748,0.0359144552449039,793.391000000003,NA
92,2,0.785398163397448,45,"BIDIFAC+",6,4,6,0.0495161685339184,0.0544309976578469,0.0866443560481804,0.0349983208608407,803.846000000005,NA
93,2,0.785398163397448,45,"BIDIFAC+",6,5,7,0.0514891614111463,0.0567147800661784,0.0879022971800839,0.0357005952851243,704.751000000004,NA
94,2,0.785398163397448,45,"BIDIFAC+",7,5,7,0.049967379834408,0.0559710497478807,0.0873281407184862,0.0356667266592085,737.317999999999,NA
95,2,0.785398163397448,45,"BIDIFAC+",6,4,7,0.053403453725627,0.0546169992657066,0.0889222997962965,0.0350967668312111,751.725999999995,NA
96,2,0.785398163397448,45,"BIDIFAC+",6,5,7,0.0520040113223438,0.0561159476159693,0.0885154367358006,0.0357653400590759,789.337,NA
97,2,0.785398163397448,45,"BIDIFAC+",6,4,6,0.04668084134118,0.0534327638139724,0.0833577048664067,0.0349442193812225,794.794999999998,NA
98,2,0.785398163397448,45,"BIDIFAC+",7,4,7,0.049723725980359,0.0562443502256246,0.0878610212815623,0.0354565915755191,726.245000000003,NA
99,2,0.785398163397448,45,"BIDIFAC+",6,4,6,0.0524988868759895,0.0557050246648522,0.0892097931786868,0.0349763096801635,820.975999999995,NA
100,2,0.785398163397448,45,"BIDIFAC+",6,4,7,0.0541677426038382,0.0550775700724126,0.0908833800741076,0.0352068086926161,771.029999999999,NA
1,0.1,1.17809724509617,67.5,"BIDIFAC+",3,2,3,0.776515103587501,0.798445366889514,0.67701159752343,0.717719424047309,35.9729999999981,NA
2,0.1,1.17809724509617,67.5,"BIDIFAC+",3,3,4,0.778335821623828,0.787137250463611,0.704980740072292,0.711960112867189,20.7979999999952,NA
3,0.1,1.17809724509617,67.5,"BIDIFAC+",5,2,4,0.80219477454395,0.800252155886249,0.715621187414914,0.700846711827385,32.6169999999984,NA
4,0.1,1.17809724509617,67.5,"BIDIFAC+",4,3,4,0.764302691790781,0.770143809736053,0.68176305905854,0.715725018786624,33.8110000000015,NA
5,0.1,1.17809724509617,67.5,"BIDIFAC+",4,2,4,0.789735894492959,0.78454474210951,0.704511716406586,0.714223361568337,34.8000000000029,NA
6,0.1,1.17809724509617,67.5,"BIDIFAC+",3,2,4,0.773737616108618,0.772886621453769,0.700549836432195,0.696803972592071,33.1650000000009,NA
7,0.1,1.17809724509617,67.5,"BIDIFAC+",4,2,3,0.798716745363295,0.796568808050959,0.691643336872788,0.689775817624615,32.6739999999991,NA
8,0.1,1.17809724509617,67.5,"BIDIFAC+",4,3,3,0.804684411723996,0.800170951552291,0.675020270356712,0.696373285560669,39.0550000000003,NA
9,0.1,1.17809724509617,67.5,"BIDIFAC+",4,3,4,0.748421385135919,0.769869904665492,0.688012328569023,0.699878066089151,35.5390000000043,NA
10,0.1,1.17809724509617,67.5,"BIDIFAC+",4,2,5,0.805372036454727,0.811611726369986,0.739179098249736,0.70989854058449,32.5710000000036,NA
11,0.1,1.17809724509617,67.5,"BIDIFAC+",4,3,3,0.815753864611428,0.819674684616858,0.749078160290034,0.728373642071251,32.0250000000015,NA
12,0.1,1.17809724509617,67.5,"BIDIFAC+",4,2,4,0.759796913126769,0.756154613451918,0.730549713135236,0.695889621993068,30.2019999999975,NA
13,0.1,1.17809724509617,67.5,"BIDIFAC+",3,2,3,0.791589140394748,0.807120445506438,0.691930160644783,0.690679042374139,27.4700000000012,NA
14,0.1,1.17809724509617,67.5,"BIDIFAC+",4,3,4,0.799426074202539,0.815792299074362,0.705852898473251,0.721279184227938,36.1699999999983,NA
15,0.1,1.17809724509617,67.5,"BIDIFAC+",5,2,4,0.787547696917476,0.789493430066512,0.678761064694741,0.711795398546106,36.226999999999,NA
16,0.1,1.17809724509617,67.5,"BIDIFAC+",4,2,4,0.782939241831495,0.771489011804085,0.708485315981781,0.725431453812681,34.4689999999973,NA
17,0.1,1.17809724509617,67.5,"BIDIFAC+",3,2,3,0.792267657595786,0.79881209478706,0.689038546122474,0.719949522895357,35.4760000000024,NA
18,0.1,1.17809724509617,67.5,"BIDIFAC+",4,2,4,0.773041826618096,0.761728109988281,0.728000561423639,0.684887215813259,34.1990000000005,NA
19,0.1,1.17809724509617,67.5,"BIDIFAC+",4,2,4,0.760185907761381,0.763721049499874,0.695998741665671,0.734613446224668,38.9570000000022,NA
20,0.1,1.17809724509617,67.5,"BIDIFAC+",4,3,3,0.782322152133721,0.791987899188803,0.709660574881861,0.692293825393295,35.2969999999987,NA
21,0.1,1.17809724509617,67.5,"BIDIFAC+",3,3,3,0.790311000912393,0.791428538091082,0.688510376246139,0.696190407544111,38.6759999999995,NA
22,0.1,1.17809724509617,67.5,"BIDIFAC+",5,2,3,0.811552562413194,0.810053716489205,0.723067702333553,0.680032063965907,39.2720000000045,NA
23,0.1,1.17809724509617,67.5,"BIDIFAC+",4,2,4,0.780560642016605,0.784953591112875,0.678954922080883,0.702325749317123,27.1180000000022,NA
24,0.1,1.17809724509617,67.5,"BIDIFAC+",4,2,4,0.792595927031131,0.805766771663745,0.689743647251999,0.710172966639014,37.4700000000012,NA
25,0.1,1.17809724509617,67.5,"BIDIFAC+",4,3,4,0.774722238248111,0.779042737973256,0.69296725269528,0.693952452157366,35.3210000000036,NA
26,0.1,1.17809724509617,67.5,"BIDIFAC+",3,3,4,0.790490809714173,0.795410846623725,0.675938809406408,0.697486439775029,32.4940000000061,NA
27,0.1,1.17809724509617,67.5,"BIDIFAC+",4,2,3,0.759041276972552,0.764398291934345,0.729303189260048,0.694047469431364,35.2039999999979,NA
28,0.1,1.17809724509617,67.5,"BIDIFAC+",3,3,3,0.754197524176379,0.761361496521828,0.70548477166137,0.696128380349013,29.0360000000001,NA
29,0.1,1.17809724509617,67.5,"BIDIFAC+",4,2,3,0.758087987824189,0.756135373047007,0.718643682743097,0.696213857130965,31.6430000000037,NA
30,0.1,1.17809724509617,67.5,"BIDIFAC+",4,2,4,0.750180288819579,0.759750869646413,0.701303022349976,0.708243476854758,25.6739999999991,NA
31,0.1,1.17809724509617,67.5,"BIDIFAC+",4,3,3,0.770122091659275,0.776346130160745,0.704453704741579,0.70930199384587,37.2690000000002,NA
32,0.1,1.17809724509617,67.5,"BIDIFAC+",4,2,4,0.823999162282168,0.821531374437972,0.685262689375212,0.680931451464501,38.3240000000005,NA
33,0.1,1.17809724509617,67.5,"BIDIFAC+",4,2,4,0.781872974364788,0.773146254328837,0.690055620612481,0.722763745797905,33.0139999999956,NA
34,0.1,1.17809724509617,67.5,"BIDIFAC+",4,2,4,0.78374676381368,0.795035594505174,0.67352167109853,0.726446390224949,35.5820000000022,NA
35,0.1,1.17809724509617,67.5,"BIDIFAC+",4,2,3,0.769146326984078,0.775954549022779,0.710691012638498,0.705757970342784,33.9959999999992,NA
36,0.1,1.17809724509617,67.5,"BIDIFAC+",4,3,5,0.778788513084836,0.78176919402771,0.699339613272576,0.719391826744164,36.4209999999948,NA
37,0.1,1.17809724509617,67.5,"BIDIFAC+",4,3,4,0.746591323069021,0.761573326616858,0.711132612433519,0.685128931128167,26.6370000000024,NA
38,0.1,1.17809724509617,67.5,"BIDIFAC+",4,2,4,0.771474782872787,0.770996534871152,0.68177566000582,0.719921094759129,34.7699999999968,NA
39,0.1,1.17809724509617,67.5,"BIDIFAC+",4,2,4,0.815262292258989,0.815651258141479,0.696474482333179,0.705637028493098,34.25,NA
40,0.1,1.17809724509617,67.5,"BIDIFAC+",3,2,3,0.75783177301785,0.766284795153375,0.69152841655837,0.71013031509014,35.2639999999956,NA
41,0.1,1.17809724509617,67.5,"BIDIFAC+",4,3,4,0.767756091093937,0.757244440366522,0.693870060118426,0.676129631563251,38.4200000000055,NA
42,0.1,1.17809724509617,67.5,"BIDIFAC+",5,2,3,0.79099932917436,0.811141634833792,0.707997246173632,0.720865072530198,29.5679999999993,NA
43,0.1,1.17809724509617,67.5,"BIDIFAC+",3,2,3,0.781953956079285,0.7781540813924,0.683938345920128,0.727695674971905,36.614999999998,NA
44,0.1,1.17809724509617,67.5,"BIDIFAC+",4,3,4,0.823745857339354,0.814565084431686,0.711850911067192,0.703314817678393,25.3260000000009,NA
45,0.1,1.17809724509617,67.5,"BIDIFAC+",4,2,5,0.801299897019309,0.799949792502852,0.661275776998306,0.691091850030135,33.726999999999,NA
46,0.1,1.17809724509617,67.5,"BIDIFAC+",4,2,3,0.750328449619475,0.765261285034838,0.692002977499935,0.71782825143131,28.0669999999955,NA
47,0.1,1.17809724509617,67.5,"BIDIFAC+",5,3,4,0.766616506631444,0.773536157333978,0.717073510121288,0.690320282719086,27.7979999999952,NA
48,0.1,1.17809724509617,67.5,"BIDIFAC+",4,3,3,0.790431400333796,0.815698204258008,0.668319028244895,0.723331707005207,39.3660000000018,NA
49,0.1,1.17809724509617,67.5,"BIDIFAC+",4,2,4,0.779354658599482,0.784773774539582,0.674540547879267,0.701800610425774,27.2920000000013,NA
50,0.1,1.17809724509617,67.5,"BIDIFAC+",3,2,4,0.767171032536972,0.784690913630594,0.70980332954351,0.683237890612168,32.1630000000005,NA
51,0.1,1.17809724509617,67.5,"BIDIFAC+",4,3,4,0.750311038775598,0.750893783339391,0.725802380009634,0.709648254543793,34.7870000000039,NA
52,0.1,1.17809724509617,67.5,"BIDIFAC+",4,3,4,0.786946145465307,0.795131517067624,0.698154489454296,0.708356537041305,38.8680000000022,NA
53,0.1,1.17809724509617,67.5,"BIDIFAC+",3,2,4,0.777672320772889,0.792559225390334,0.678065973348868,0.70071164149343,31.6500000000015,NA
54,0.1,1.17809724509617,67.5,"BIDIFAC+",5,2,4,0.778052241337886,0.788993880630704,0.709335071809725,0.688699024948641,36.6679999999978,NA
55,0.1,1.17809724509617,67.5,"BIDIFAC+",5,3,4,0.756540632394051,0.769217526224279,0.711210462138124,0.719549557348103,32.0069999999978,NA
56,0.1,1.17809724509617,67.5,"BIDIFAC+",3,2,4,0.779230628276217,0.788623004135745,0.73699906983974,0.698988755858722,26.8740000000034,NA
57,0.1,1.17809724509617,67.5,"BIDIFAC+",4,2,3,0.775658019569688,0.78108638212206,0.698572374393414,0.689076730797991,34.900999999998,NA
58,0.1,1.17809724509617,67.5,"BIDIFAC+",3,3,3,0.807926197144744,0.808504885383259,0.680963746829638,0.70214191411394,31.5060000000012,NA
59,0.1,1.17809724509617,67.5,"BIDIFAC+",4,3,3,0.785289383172204,0.794546121288276,0.688005430836708,0.700474724119004,32.4530000000013,NA
60,0.1,1.17809724509617,67.5,"BIDIFAC+",4,2,4,0.794156069881317,0.792771857679877,0.702179622001229,0.704064627094807,38.1850000000049,NA
61,0.1,1.17809724509617,67.5,"BIDIFAC+",3,4,3,0.769167607631579,0.777143465015794,0.721783990404123,0.705769632478749,23.4279999999999,NA
62,0.1,1.17809724509617,67.5,"BIDIFAC+",4,2,3,0.751977357501758,0.759199131304689,0.695986977619558,0.719189855224556,23.8440000000046,NA
63,0.1,1.17809724509617,67.5,"BIDIFAC+",3,3,3,0.777301877333449,0.779612302191386,0.691240844155392,0.698849876828615,26.3609999999971,NA
64,0.1,1.17809724509617,67.5,"BIDIFAC+",4,2,4,0.78609650993402,0.788397696848906,0.702962115280687,0.695594205579892,23.3640000000014,NA
65,0.1,1.17809724509617,67.5,"BIDIFAC+",4,2,4,0.782104916518839,0.786287869796051,0.717276013538997,0.685988603037604,34.0780000000013,NA
66,0.1,1.17809724509617,67.5,"BIDIFAC+",3,3,4,0.759122203997062,0.759574890779253,0.712955235870517,0.719018466242387,26.3589999999967,NA
67,0.1,1.17809724509617,67.5,"BIDIFAC+",4,2,4,0.779035600798604,0.77858980892249,0.694774450879139,0.70403062014274,31.2139999999999,NA
68,0.1,1.17809724509617,67.5,"BIDIFAC+",3,3,4,0.761465876273455,0.753019742489653,0.68065094222893,0.707433089690849,29.7020000000048,NA
69,0.1,1.17809724509617,67.5,"BIDIFAC+",5,2,4,0.769452040420795,0.771556181745515,0.689718291723551,0.711184346870868,33.9279999999999,NA
70,0.1,1.17809724509617,67.5,"BIDIFAC+",4,2,4,0.799438555001324,0.788817065037836,0.685225409729006,0.683199533461796,38.1139999999941,NA
71,0.1,1.17809724509617,67.5,"BIDIFAC+",3,3,3,0.772085256954971,0.77891881050604,0.674200039688108,0.698083133081511,32.3960000000006,NA
72,0.1,1.17809724509617,67.5,"BIDIFAC+",4,2,3,0.768978610494486,0.786880729796857,0.676877878953556,0.713925112336932,36.1599999999962,NA
73,0.1,1.17809724509617,67.5,"BIDIFAC+",4,2,3,0.779302886301559,0.772754328983391,0.714636728765979,0.720974609255524,36.2359999999971,NA
74,0.1,1.17809724509617,67.5,"BIDIFAC+",4,3,4,0.78723572110728,0.789893387685768,0.696674677818362,0.68687598060848,38.484000000004,NA
75,0.1,1.17809724509617,67.5,"BIDIFAC+",3,3,3,0.783875417207163,0.790775700938449,0.709537154163688,0.707109425379403,26.5570000000007,NA
76,0.1,1.17809724509617,67.5,"BIDIFAC+",4,3,4,0.787533176142256,0.813732466059501,0.722995156516807,0.707069370266556,28.8039999999964,NA
77,0.1,1.17809724509617,67.5,"BIDIFAC+",3,2,3,0.733698077866797,0.754875934523208,0.716309421227041,0.711163956666357,24.7750000000015,NA
78,0.1,1.17809724509617,67.5,"BIDIFAC+",3,2,3,0.817146561064506,0.805089794476729,0.7258280478782,0.697468049193148,32.2170000000042,NA
79,0.1,1.17809724509617,67.5,"BIDIFAC+",4,2,3,0.795004060785617,0.798609091583653,0.730276672313033,0.687461892310577,35.1549999999988,NA
80,0.1,1.17809724509617,67.5,"BIDIFAC+",4,2,4,0.796590766900751,0.802310352205353,0.680707320664772,0.715487470809076,33.0190000000002,NA
81,0.1,1.17809724509617,67.5,"BIDIFAC+",4,2,4,0.803891242933813,0.80520017145862,0.68686920457225,0.717505893601027,29.3459999999977,NA
82,0.1,1.17809724509617,67.5,"BIDIFAC+",4,2,3,0.778514534207539,0.781241012717371,0.717896757139738,0.718562988643357,32.8740000000034,NA
83,0.1,1.17809724509617,67.5,"BIDIFAC+",3,2,4,0.768173093211619,0.769244839316438,0.692236910310559,0.697808958121915,34.9629999999961,NA
84,0.1,1.17809724509617,67.5,"BIDIFAC+",4,2,3,0.757198248126857,0.765851410308805,0.673886441662026,0.695721875958654,35.2379999999976,NA
85,0.1,1.17809724509617,67.5,"BIDIFAC+",4,2,3,0.75658589193522,0.772622408345971,0.697113333399205,0.734874528693566,35.1100000000006,NA
86,0.1,1.17809724509617,67.5,"BIDIFAC+",4,3,3,0.7826696967529,0.794537467578691,0.708637814948536,0.711219490345966,30.9460000000036,NA
87,0.1,1.17809724509617,67.5,"BIDIFAC+",4,2,4,0.779869374369863,0.778490187592933,0.703316083796093,0.707942492368015,30.7860000000001,NA
88,0.1,1.17809724509617,67.5,"BIDIFAC+",4,1,4,0.756497670292364,0.764357099906621,0.727814997328646,0.707836066114054,31.7770000000019,NA
89,0.1,1.17809724509617,67.5,"BIDIFAC+",4,3,3,0.75633030575014,0.742974559364745,0.684416272926638,0.701644136097483,31.622000000003,NA
90,0.1,1.17809724509617,67.5,"BIDIFAC+",4,2,4,0.791246140591449,0.795451101593452,0.677023090749741,0.70290235164901,36.9830000000002,NA
91,0.1,1.17809724509617,67.5,"BIDIFAC+",4,2,3,0.748021014685547,0.744656849645606,0.727455837948038,0.695156729520031,26.9739999999947,NA
92,0.1,1.17809724509617,67.5,"BIDIFAC+",4,2,3,0.752441266476768,0.765517792827421,0.707834466408933,0.693717237478373,38.3570000000036,NA
93,0.1,1.17809724509617,67.5,"BIDIFAC+",3,3,4,0.786356445063904,0.796447342963823,0.692900802503081,0.714417809066599,28.3900000000067,NA
94,0.1,1.17809724509617,67.5,"BIDIFAC+",4,3,4,0.733562448925801,0.746564331207659,0.698582458552347,0.711302949336588,31.6280000000042,NA
95,0.1,1.17809724509617,67.5,"BIDIFAC+",4,3,3,0.755980145914372,0.772614899738852,0.698851667833519,0.72175292634244,27.9300000000003,NA
96,0.1,1.17809724509617,67.5,"BIDIFAC+",4,3,3,0.80998425261235,0.817153041880617,0.688475866184114,0.722825136218728,29.2209999999977,NA
97,0.1,1.17809724509617,67.5,"BIDIFAC+",4,2,3,0.758206989056785,0.75829343045539,0.72901185014211,0.723691710276249,30.9799999999959,NA
98,0.1,1.17809724509617,67.5,"BIDIFAC+",4,2,4,0.799763532038968,0.801823095266072,0.697561102048571,0.715397724123676,35.9150000000009,NA
99,0.1,1.17809724509617,67.5,"BIDIFAC+",4,3,3,0.747122254318056,0.767991214607245,0.71428852475385,0.709797603115517,30.7249999999985,NA
100,0.1,1.17809724509617,67.5,"BIDIFAC+",4,2,3,0.766669470997409,0.776923281336707,0.689456260846286,0.717037792617594,34.7459999999992,NA
1,0.25,1.17809724509617,67.5,"BIDIFAC+",5,4,5,0.232768225304186,0.225765565508533,0.276981729914782,0.238074386823081,94.6949999999997,NA
2,0.25,1.17809724509617,67.5,"BIDIFAC+",7,4,6,0.270781500064041,0.25225651329262,0.287621627247268,0.237888710822554,103.985000000001,NA
3,0.25,1.17809724509617,67.5,"BIDIFAC+",6,5,6,0.23279568061565,0.236162655043379,0.2949220069683,0.238422120211746,92.9510000000009,NA
4,0.25,1.17809724509617,67.5,"BIDIFAC+",6,4,6,0.255713691277262,0.230546519422064,0.291391198765492,0.245555624534517,95.6560000000027,NA
5,0.25,1.17809724509617,67.5,"BIDIFAC+",6,4,6,0.230311748822796,0.225409526550483,0.286572823386711,0.235927792789349,92.7029999999941,NA
6,0.25,1.17809724509617,67.5,"BIDIFAC+",7,4,6,0.246519823365449,0.245681629626818,0.297403830740021,0.235093489202283,96.7479999999996,NA
7,0.25,1.17809724509617,67.5,"BIDIFAC+",6,4,7,0.233817982889946,0.235677262142388,0.282059126608595,0.237599053795115,92.273000000001,NA
8,0.25,1.17809724509617,67.5,"BIDIFAC+",6,5,7,0.241143039240703,0.237592520960338,0.286299970254291,0.231905996326832,101.112999999998,NA
9,0.25,1.17809724509617,67.5,"BIDIFAC+",6,4,5,0.238895693651664,0.232373880849628,0.288560594649886,0.243636957707276,89.6530000000057,NA
10,0.25,1.17809724509617,67.5,"BIDIFAC+",6,4,5,0.251000833971566,0.234476731486781,0.2870360538542,0.244135322701169,89.1659999999974,NA
11,0.25,1.17809724509617,67.5,"BIDIFAC+",6,5,6,0.227535929714091,0.225913369599192,0.27749845546061,0.241841032846296,99.1050000000032,NA
12,0.25,1.17809724509617,67.5,"BIDIFAC+",6,4,6,0.253791552621109,0.231568218980147,0.285590748218181,0.24417520595698,98.9680000000008,NA
13,0.25,1.17809724509617,67.5,"BIDIFAC+",6,5,6,0.2165126501737,0.226901378676294,0.278515898744677,0.235427859564031,82.3250000000044,NA
14,0.25,1.17809724509617,67.5,"BIDIFAC+",6,4,6,0.240568832278637,0.232244063300364,0.286313692361191,0.239053475215394,95.3380000000034,NA
15,0.25,1.17809724509617,67.5,"BIDIFAC+",6,5,6,0.237407295662399,0.233965253925126,0.267814446616702,0.236780993585345,106.418999999994,NA
16,0.25,1.17809724509617,67.5,"BIDIFAC+",6,4,6,0.22043114722084,0.227515814416166,0.275991627873435,0.24353801929125,90.9590000000026,NA
17,0.25,1.17809724509617,67.5,"BIDIFAC+",6,4,6,0.247603134921523,0.248712573746452,0.284977383597948,0.244193077423957,78.8630000000048,NA
18,0.25,1.17809724509617,67.5,"BIDIFAC+",6,4,7,0.264178989545309,0.243710356302389,0.300184779710576,0.236765310496246,96.0479999999952,NA
19,0.25,1.17809724509617,67.5,"BIDIFAC+",5,5,5,0.225938786623446,0.225977445108691,0.307081614222093,0.243315781069905,93.4460000000036,NA
20,0.25,1.17809724509617,67.5,"BIDIFAC+",6,4,5,0.235839573132105,0.232029029015453,0.293392726455852,0.237018398862215,91.4780000000028,NA
21,0.25,1.17809724509617,67.5,"BIDIFAC+",6,4,5,0.227707567540444,0.220625923541402,0.285752326156441,0.241101772686929,89.599000000002,NA
22,0.25,1.17809724509617,67.5,"BIDIFAC+",5,4,6,0.251142942737092,0.241285666448528,0.28358614982306,0.241220757825627,104.851999999999,NA
23,0.25,1.17809724509617,67.5,"BIDIFAC+",6,5,6,0.249302777356489,0.241774981807155,0.285030833775767,0.241181824974829,90.6690000000017,NA
24,0.25,1.17809724509617,67.5,"BIDIFAC+",6,4,6,0.255285458915053,0.233967528425318,0.292322223027581,0.242298970945494,95.1889999999985,NA
25,0.25,1.17809724509617,67.5,"BIDIFAC+",6,4,5,0.244866208173332,0.230750995837668,0.290760696752844,0.240197381655791,76.0310000000027,NA
26,0.25,1.17809724509617,67.5,"BIDIFAC+",6,5,6,0.238123856370099,0.229058715894997,0.279941329531519,0.25164619608465,87.6869999999981,NA
27,0.25,1.17809724509617,67.5,"BIDIFAC+",5,4,5,0.238608898116945,0.22352485332898,0.292087967417847,0.239929045524662,98.5140000000029,NA
28,0.25,1.17809724509617,67.5,"BIDIFAC+",6,4,6,0.252169517792675,0.234989750207066,0.3090012530064,0.248998228635018,101.738000000005,NA
29,0.25,1.17809724509617,67.5,"BIDIFAC+",6,5,6,0.236459288799638,0.233632198764402,0.281883454864469,0.247674116680733,95.5959999999977,NA
30,0.25,1.17809724509617,67.5,"BIDIFAC+",6,4,6,0.251324198677256,0.242522385871551,0.298434918163504,0.237794020217045,105.169000000002,NA
31,0.25,1.17809724509617,67.5,"BIDIFAC+",6,5,5,0.225269569061743,0.231239009434283,0.282271049987842,0.24073576723054,93.3349999999991,NA
32,0.25,1.17809724509617,67.5,"BIDIFAC+",6,5,5,0.224215107721693,0.225349048141519,0.280058093975252,0.239673463160775,81.4649999999965,NA
33,0.25,1.17809724509617,67.5,"BIDIFAC+",6,4,6,0.265629971877048,0.240928238015349,0.301616394715479,0.23916207359027,102.567999999999,NA
34,0.25,1.17809724509617,67.5,"BIDIFAC+",6,4,6,0.244708852607844,0.225861935957383,0.284656940200218,0.242126078503872,95.9959999999992,NA
35,0.25,1.17809724509617,67.5,"BIDIFAC+",7,4,6,0.229680234993435,0.226087179118334,0.292318868112237,0.240240859768374,96.4000000000015,NA
36,0.25,1.17809724509617,67.5,"BIDIFAC+",6,4,6,0.250374940159872,0.240980625702338,0.29545529304444,0.240913375055279,96.7490000000034,NA
37,0.25,1.17809724509617,67.5,"BIDIFAC+",6,4,7,0.265021851403981,0.248087362454713,0.298032083400565,0.233989184088493,86.2520000000004,NA
38,0.25,1.17809724509617,67.5,"BIDIFAC+",6,5,6,0.238301597771965,0.232513937204158,0.285472599741717,0.239766249905953,96.8530000000028,NA
39,0.25,1.17809724509617,67.5,"BIDIFAC+",6,4,6,0.239151892376988,0.223479024806147,0.280530944052241,0.235064888662805,98.3899999999994,NA
40,0.25,1.17809724509617,67.5,"BIDIFAC+",6,5,6,0.237410643252058,0.237208614492581,0.292323472213582,0.237696677810452,92.7830000000031,NA
41,0.25,1.17809724509617,67.5,"BIDIFAC+",6,5,5,0.219939370957114,0.227815116511368,0.28343389103791,0.242645087440175,95.1370000000024,NA
42,0.25,1.17809724509617,67.5,"BIDIFAC+",6,4,6,0.230936219704522,0.229086818937157,0.279537438783784,0.240785628630582,86.2860000000001,NA
43,0.25,1.17809724509617,67.5,"BIDIFAC+",6,4,6,0.238290213681678,0.226703018819475,0.289337880415841,0.246966224465257,92.8050000000003,NA
44,0.25,1.17809724509617,67.5,"BIDIFAC+",6,4,6,0.239461832429869,0.233826543995432,0.283714465669929,0.239935670339896,87.2660000000033,NA
45,0.25,1.17809724509617,67.5,"BIDIFAC+",6,5,6,0.252496283241491,0.237555291081101,0.304059394642822,0.236955558969423,101.946000000004,NA
46,0.25,1.17809724509617,67.5,"BIDIFAC+",6,4,5,0.22980408304078,0.230049874490184,0.288321722246492,0.234685031438826,102.173999999999,NA
47,0.25,1.17809724509617,67.5,"BIDIFAC+",6,4,5,0.233070488658928,0.23326183867471,0.280929733346648,0.235445111881695,88.2940000000017,NA
48,0.25,1.17809724509617,67.5,"BIDIFAC+",6,4,5,0.238362617142583,0.226140142972542,0.297042690983139,0.2340541878311,102.669000000002,NA
49,0.25,1.17809724509617,67.5,"BIDIFAC+",6,4,5,0.252943024424409,0.228675882537902,0.306877735943967,0.244028343350183,100.123999999996,NA
50,0.25,1.17809724509617,67.5,"BIDIFAC+",6,4,6,0.26598700539873,0.230842343180057,0.29431792306934,0.240177483203659,94.7890000000043,NA
51,0.25,1.17809724509617,67.5,"BIDIFAC+",5,4,5,0.239864822986289,0.225972767468086,0.287599380418787,0.246365823703115,86.2849999999962,NA
52,0.25,1.17809724509617,67.5,"BIDIFAC+",6,4,5,0.241717392883539,0.228038222500983,0.281058799479186,0.245295847095203,94.836000000003,NA
53,0.25,1.17809724509617,67.5,"BIDIFAC+",6,4,6,0.23577608798904,0.225941129040034,0.274838646173756,0.236219286211218,94.7130000000034,NA
54,0.25,1.17809724509617,67.5,"BIDIFAC+",6,4,6,0.232748999206689,0.22887058857565,0.287805779378489,0.239631714015929,93.8970000000045,NA
55,0.25,1.17809724509617,67.5,"BIDIFAC+",6,4,5,0.226542978189559,0.228280251512365,0.291642210098908,0.234761581280758,94.0169999999998,NA
56,0.25,1.17809724509617,67.5,"BIDIFAC+",5,5,7,0.250011748202855,0.242999886003061,0.286834103353057,0.233707761943634,94.5409999999974,NA
57,0.25,1.17809724509617,67.5,"BIDIFAC+",6,5,5,0.219687871952576,0.230431202690218,0.28513129303278,0.235079080870678,91.3889999999956,NA
58,0.25,1.17809724509617,67.5,"BIDIFAC+",6,4,6,0.249953048322819,0.233143283015261,0.285017969726378,0.241710724240962,87.6739999999991,NA
59,0.25,1.17809724509617,67.5,"BIDIFAC+",5,4,6,0.255355020314799,0.233178624341803,0.306868081017171,0.246149988174896,97.8249999999971,NA
60,0.25,1.17809724509617,67.5,"BIDIFAC+",7,4,6,0.231761377306769,0.231000476661545,0.302476448798172,0.24194630935532,99.0089999999982,NA
61,0.25,1.17809724509617,67.5,"BIDIFAC+",6,4,6,0.255218973538657,0.228202972617908,0.307011462822226,0.239201367644681,101.843000000001,NA
62,0.25,1.17809724509617,67.5,"BIDIFAC+",6,4,6,0.230445608013682,0.222171938860781,0.297536336383301,0.238416596682296,83.2829999999958,NA
63,0.25,1.17809724509617,67.5,"BIDIFAC+",6,4,6,0.261117964950849,0.229395895329867,0.287326412163919,0.231007184961923,101.561000000002,NA
64,0.25,1.17809724509617,67.5,"BIDIFAC+",5,4,6,0.266906837801825,0.250813264853679,0.297783991604865,0.237078222050242,97.0499999999956,NA
65,0.25,1.17809724509617,67.5,"BIDIFAC+",6,4,7,0.249154886191978,0.236547803485722,0.29429044255383,0.234663582786444,94.7139999999999,NA
66,0.25,1.17809724509617,67.5,"BIDIFAC+",6,4,6,0.239018891785079,0.238852782734459,0.283633981894845,0.236710132388883,91.2819999999992,NA
67,0.25,1.17809724509617,67.5,"BIDIFAC+",6,4,6,0.240486112559902,0.237436664355771,0.282187912140549,0.244527549680671,89.4690000000046,NA
68,0.25,1.17809724509617,67.5,"BIDIFAC+",6,5,6,0.259462497543146,0.243624448481883,0.291563753775936,0.234799600013208,100.902000000002,NA
69,0.25,1.17809724509617,67.5,"BIDIFAC+",6,4,6,0.243667177642927,0.230019787050514,0.29047324503764,0.234290801387202,95.9519999999975,NA
70,0.25,1.17809724509617,67.5,"BIDIFAC+",6,4,6,0.245211312128826,0.242369175089457,0.299232284175522,0.238592551177343,89.3439999999973,NA
71,0.25,1.17809724509617,67.5,"BIDIFAC+",6,4,6,0.218170875230018,0.225957554785618,0.292338930039095,0.24018115845601,96.1199999999953,NA
72,0.25,1.17809724509617,67.5,"BIDIFAC+",6,4,6,0.265220428715445,0.238149597764162,0.287803375472136,0.238840836109658,103.199000000001,NA
73,0.25,1.17809724509617,67.5,"BIDIFAC+",6,4,7,0.222762771755948,0.224729317622429,0.282406085662139,0.239406748744144,102.459999999999,NA
74,0.25,1.17809724509617,67.5,"BIDIFAC+",5,4,6,0.260407757636952,0.245771078726296,0.299772521468008,0.241046144340547,100.009000000005,NA
75,0.25,1.17809724509617,67.5,"BIDIFAC+",6,4,6,0.249528826251112,0.239403386346178,0.294848103353064,0.231314040492113,82.8339999999953,NA
76,0.25,1.17809724509617,67.5,"BIDIFAC+",6,4,6,0.262212291712026,0.239243422769568,0.307603556814414,0.244088938004734,96.625,NA
77,0.25,1.17809724509617,67.5,"BIDIFAC+",6,4,6,0.260825658091935,0.242334214394844,0.298498980287684,0.240231033755789,91.9809999999998,NA
78,0.25,1.17809724509617,67.5,"BIDIFAC+",5,5,6,0.24563051909716,0.24331896182055,0.297498670773653,0.243799368803607,97.3950000000041,NA
79,0.25,1.17809724509617,67.5,"BIDIFAC+",7,5,6,0.263172964695335,0.241623217558957,0.305460322356241,0.234050395409709,96.5449999999983,NA
80,0.25,1.17809724509617,67.5,"BIDIFAC+",6,5,6,0.224674261212622,0.2216834808757,0.288167571127727,0.243089372411342,85.8960000000006,NA
81,0.25,1.17809724509617,67.5,"BIDIFAC+",6,4,6,0.247516137582741,0.234518254715803,0.307413976154301,0.242612548055585,97.5699999999997,NA
82,0.25,1.17809724509617,67.5,"BIDIFAC+",6,5,5,0.231111135895923,0.226603831880867,0.290654885898471,0.24329026344523,84.7910000000047,NA
83,0.25,1.17809724509617,67.5,"BIDIFAC+",6,4,5,0.254536979074087,0.235262731409872,0.292053404846385,0.237258553280035,93.3799999999974,NA
84,0.25,1.17809724509617,67.5,"BIDIFAC+",6,5,6,0.242836236789823,0.240401993171919,0.283941218795962,0.241800560760122,88.5089999999982,NA
85,0.25,1.17809724509617,67.5,"BIDIFAC+",5,4,6,0.229437829391784,0.227590009382696,0.27826003558752,0.244238803580802,86.762999999999,NA
86,0.25,1.17809724509617,67.5,"BIDIFAC+",6,4,6,0.255356352896385,0.240536881627556,0.287623220123279,0.240535170945646,97.9259999999995,NA
87,0.25,1.17809724509617,67.5,"BIDIFAC+",6,4,6,0.247550651516277,0.237175015014131,0.303327617821644,0.236631618429215,83.0769999999975,NA
88,0.25,1.17809724509617,67.5,"BIDIFAC+",6,4,6,0.268755008836562,0.241834029411047,0.300842548807847,0.241227302400865,92.5630000000019,NA
89,0.25,1.17809724509617,67.5,"BIDIFAC+",6,5,6,0.254833035935196,0.24389163228176,0.304479862328595,0.232574325729302,95.7969999999987,NA
90,0.25,1.17809724509617,67.5,"BIDIFAC+",6,4,6,0.24775608800325,0.236334626253271,0.284975402143447,0.243466704605674,92.5610000000015,NA
91,0.25,1.17809724509617,67.5,"BIDIFAC+",6,4,6,0.250730502204784,0.243699648016005,0.303920807983197,0.242827563741441,97.974000000002,NA
92,0.25,1.17809724509617,67.5,"BIDIFAC+",5,4,6,0.248569937731691,0.234951203650278,0.28648679571129,0.242266908477365,101.729999999996,NA
93,0.25,1.17809724509617,67.5,"BIDIFAC+",6,5,6,0.256601834952862,0.238325356482099,0.296021637296998,0.235633759692905,94.7159999999931,NA
94,0.25,1.17809724509617,67.5,"BIDIFAC+",6,4,6,0.263005072220042,0.23853976007911,0.292553483018642,0.239168484527512,102.021000000001,NA
95,0.25,1.17809724509617,67.5,"BIDIFAC+",6,4,6,0.245561149013889,0.231485874423936,0.290711292108818,0.242865881811766,97.887999999999,NA
96,0.25,1.17809724509617,67.5,"BIDIFAC+",6,4,6,0.279417282700128,0.249646162334667,0.300752517619871,0.235351999414784,95.6909999999989,NA
97,0.25,1.17809724509617,67.5,"BIDIFAC+",6,4,6,0.230352283342421,0.226199161426627,0.295133003171445,0.23975969548643,98.5450000000055,NA
98,0.25,1.17809724509617,67.5,"BIDIFAC+",6,4,7,0.254745882029441,0.245933837329109,0.292693869580693,0.240446802717475,92.9340000000011,NA
99,0.25,1.17809724509617,67.5,"BIDIFAC+",6,4,5,0.251369221221843,0.241843654593254,0.290355646230361,0.236493513141577,95.2749999999942,NA
100,0.25,1.17809724509617,67.5,"BIDIFAC+",5,5,6,0.236858120378696,0.234162702476663,0.289134762192787,0.230129889395236,82.9249999999956,NA
1,0.5,1.17809724509617,67.5,"BIDIFAC+",6,5,7,0.0754893495901659,0.0733907527199798,0.111176528994609,0.0877648196562777,180.610000000001,NA
2,0.5,1.17809724509617,67.5,"BIDIFAC+",6,5,7,0.087762715455493,0.0766430655249461,0.119697067251752,0.0873742525426017,161.936000000002,NA
3,0.5,1.17809724509617,67.5,"BIDIFAC+",6,4,6,0.0830377805581364,0.075000495724594,0.114678184349223,0.0865781138781205,186.436999999998,NA
4,0.5,1.17809724509617,67.5,"BIDIFAC+",6,4,6,0.0838433753394118,0.0722468595568303,0.119702706251283,0.0860204578052197,178.468000000001,NA
5,0.5,1.17809724509617,67.5,"BIDIFAC+",6,4,6,0.0729758598678608,0.0724627425170266,0.110690079431793,0.0855699516435127,169.061999999998,NA
6,0.5,1.17809724509617,67.5,"BIDIFAC+",6,5,7,0.0853996092727817,0.0758862944323454,0.116254547233232,0.0870190340893295,199.708999999995,NA
7,0.5,1.17809724509617,67.5,"BIDIFAC+",6,4,7,0.0949456998164918,0.0753966629630414,0.121317350790685,0.0835185887554839,201.027999999998,NA
8,0.5,1.17809724509617,67.5,"BIDIFAC+",6,5,7,0.0928787430929872,0.0755199889549582,0.115607196725406,0.0854040007036618,185.754000000001,NA
9,0.5,1.17809724509617,67.5,"BIDIFAC+",6,5,7,0.0736500420561937,0.0718705870034582,0.115118363601037,0.0850181276992688,180.788999999997,NA
10,0.5,1.17809724509617,67.5,"BIDIFAC+",6,4,7,0.0879922950293905,0.0722358250154604,0.112904271243587,0.0869309290126538,186.565999999999,NA
11,0.5,1.17809724509617,67.5,"BIDIFAC+",6,4,6,0.0828640026274126,0.0717848869252484,0.116705820746476,0.0870923944140503,200.004999999997,NA
12,0.5,1.17809724509617,67.5,"BIDIFAC+",6,5,7,0.0848973826367686,0.0730240973500905,0.113389520510325,0.0855079767710059,198.586000000003,NA
13,0.5,1.17809724509617,67.5,"BIDIFAC+",6,4,6,0.0776630044246359,0.0696264039593274,0.115030972271102,0.0844810302265017,200.308999999994,NA
14,0.5,1.17809724509617,67.5,"BIDIFAC+",6,5,7,0.081663126365638,0.0736182682825059,0.115023055964169,0.0875437090503555,163.127,NA
15,0.5,1.17809724509617,67.5,"BIDIFAC+",7,4,6,0.0797265239656834,0.0748242114720406,0.111687537568183,0.0851804839854724,188.189999999995,NA
16,0.5,1.17809724509617,67.5,"BIDIFAC+",6,4,7,0.0838474005802334,0.0707023944971314,0.115543454518305,0.0856168327637027,201.436000000002,NA
17,0.5,1.17809724509617,67.5,"BIDIFAC+",6,4,6,0.0891335850541456,0.0737248130894293,0.114532946832325,0.0849938243795588,182.516000000003,NA
18,0.5,1.17809724509617,67.5,"BIDIFAC+",6,4,6,0.0835164070757914,0.0737056523494702,0.117517454015076,0.0857242919117234,198.722000000002,NA
19,0.5,1.17809724509617,67.5,"BIDIFAC+",6,5,7,0.0972235545759286,0.0734177638114491,0.123736231196832,0.0862961525259622,200.976999999999,NA
20,0.5,1.17809724509617,67.5,"BIDIFAC+",6,5,7,0.0795455029517728,0.0740275177571643,0.109592289124622,0.0832403856922622,193.607000000004,NA
21,0.5,1.17809724509617,67.5,"BIDIFAC+",6,4,7,0.100331449416684,0.0796328837496187,0.127248628908491,0.0873915321024774,170.729999999996,NA
22,0.5,1.17809724509617,67.5,"BIDIFAC+",6,5,6,0.0707115443090725,0.0720179819321866,0.111776575822737,0.0870751852785821,197.883999999998,NA
23,0.5,1.17809724509617,67.5,"BIDIFAC+",6,4,7,0.0831151105077157,0.0732461582133428,0.119631240255528,0.0852252950871742,206.529999999999,NA
24,0.5,1.17809724509617,67.5,"BIDIFAC+",6,4,7,0.087261840556303,0.0755412739119384,0.118495576475376,0.083978578750263,180.049999999996,NA
25,0.5,1.17809724509617,67.5,"BIDIFAC+",7,4,7,0.0884510503498205,0.0722192437002842,0.113830099843639,0.084262729722218,200.287000000004,NA
26,0.5,1.17809724509617,67.5,"BIDIFAC+",7,4,6,0.0772057044338213,0.0681437144216251,0.115052871862146,0.0849400508012402,188.445999999996,NA
27,0.5,1.17809724509617,67.5,"BIDIFAC+",6,5,7,0.0778151813458739,0.070251240449382,0.118299787893513,0.0853853090877391,182.002,NA
28,0.5,1.17809724509617,67.5,"BIDIFAC+",6,5,6,0.0719323641924263,0.0701988340006372,0.115596639013417,0.0874996236903645,186.714,NA
29,0.5,1.17809724509617,67.5,"BIDIFAC+",6,4,7,0.0811532445522858,0.074057635916469,0.115578585610043,0.0859044723991254,178.527000000002,NA
30,0.5,1.17809724509617,67.5,"BIDIFAC+",6,4,7,0.095713779478254,0.0724985119930139,0.122232085154553,0.0871252242052189,181.601999999999,NA
31,0.5,1.17809724509617,67.5,"BIDIFAC+",6,5,7,0.0913329674177207,0.0741758127225915,0.12056633176196,0.0852851388906618,190.059999999998,NA
32,0.5,1.17809724509617,67.5,"BIDIFAC+",6,4,7,0.0855550080117797,0.0759006007244589,0.116448416626612,0.0882479383649381,180.962,NA
33,0.5,1.17809724509617,67.5,"BIDIFAC+",6,4,6,0.0775046260749598,0.0706686000602735,0.116922862520137,0.0879291764573338,184.303,NA
34,0.5,1.17809724509617,67.5,"BIDIFAC+",6,5,7,0.0770803126565395,0.0748271621929828,0.113981649850072,0.087696329401828,188.758999999998,NA
35,0.5,1.17809724509617,67.5,"BIDIFAC+",6,4,6,0.0953225601432303,0.0758194348217076,0.119040899553663,0.0867715577708227,173.577000000005,NA
36,0.5,1.17809724509617,67.5,"BIDIFAC+",6,5,7,0.0693515199819647,0.0698129130663302,0.115577575817934,0.0869535051280877,180.218999999997,NA
37,0.5,1.17809724509617,67.5,"BIDIFAC+",6,4,6,0.0711868289437601,0.0665165193824694,0.112255594580517,0.0870158894391471,193.385999999999,NA
38,0.5,1.17809724509617,67.5,"BIDIFAC+",6,4,7,0.0878050839093946,0.071500439673472,0.121952637840083,0.0855121629624747,176.578000000001,NA
39,0.5,1.17809724509617,67.5,"BIDIFAC+",6,5,7,0.0935086762260344,0.0767326781570444,0.118509379267804,0.0831698089461762,197.278000000006,NA
40,0.5,1.17809724509617,67.5,"BIDIFAC+",6,4,7,0.0835485575048141,0.0761520846206009,0.11042402068889,0.0861720430607728,159.527000000002,NA
41,0.5,1.17809724509617,67.5,"BIDIFAC+",7,5,7,0.0807640320537946,0.0737465028066632,0.118681034890924,0.0863123115515961,178.447,NA
42,0.5,1.17809724509617,67.5,"BIDIFAC+",6,5,7,0.075506627856178,0.0702944853961668,0.110669784067251,0.0874684392601802,190.580999999998,NA
43,0.5,1.17809724509617,67.5,"BIDIFAC+",6,4,6,0.0735681309059988,0.0722074944843221,0.11624707479418,0.0877459711213122,200.046999999999,NA
44,0.5,1.17809724509617,67.5,"BIDIFAC+",6,5,7,0.0831795463920009,0.0776772760300994,0.115066577014867,0.0872510345766916,187.436000000002,NA
45,0.5,1.17809724509617,67.5,"BIDIFAC+",6,4,7,0.0976484594211158,0.0785280884072193,0.120704704921212,0.08419870446012,200.995999999999,NA
46,0.5,1.17809724509617,67.5,"BIDIFAC+",6,5,7,0.0759249918584032,0.0723936863400169,0.115702721605278,0.084900039072712,170.771000000001,NA
47,0.5,1.17809724509617,67.5,"BIDIFAC+",6,4,6,0.0731813066304532,0.0727589962084351,0.110031146946911,0.0854963817762149,174.891000000003,NA
48,0.5,1.17809724509617,67.5,"BIDIFAC+",6,5,7,0.0780947853304694,0.0729634387665061,0.116520091620968,0.0865194759638922,173.690999999999,NA
49,0.5,1.17809724509617,67.5,"BIDIFAC+",6,4,7,0.0862991208630993,0.0739812749026143,0.121552933689568,0.0891533931900233,213.843999999997,NA
50,0.5,1.17809724509617,67.5,"BIDIFAC+",6,4,7,0.0900915926833388,0.0736743117165205,0.124646382389927,0.0861640015671321,201.017999999996,NA
51,0.5,1.17809724509617,67.5,"BIDIFAC+",6,5,7,0.0849548168298765,0.0819046562483579,0.116816964537048,0.0879292964146525,190.546000000002,NA
52,0.5,1.17809724509617,67.5,"BIDIFAC+",6,4,7,0.0779416408093109,0.0731356256196834,0.117486887168987,0.0863028958969679,173.341,NA
53,0.5,1.17809724509617,67.5,"BIDIFAC+",6,5,6,0.0730034722305611,0.0706794752849511,0.113928627518507,0.0891912604500035,196.300999999999,NA
54,0.5,1.17809724509617,67.5,"BIDIFAC+",6,4,7,0.0940242997071303,0.0726725867248626,0.123436749342229,0.0861201931887787,168.557999999997,NA
55,0.5,1.17809724509617,67.5,"BIDIFAC+",6,4,7,0.0929074999888452,0.075024070666025,0.12355983764707,0.0860703249070296,187.370000000003,NA
56,0.5,1.17809724509617,67.5,"BIDIFAC+",6,5,7,0.0905640098861748,0.0752665886214266,0.11692420073899,0.0878781868457708,175.052000000003,NA
57,0.5,1.17809724509617,67.5,"BIDIFAC+",6,5,7,0.0912948686091504,0.0741093411827146,0.117006378427859,0.0857773405088551,176.998,NA
58,0.5,1.17809724509617,67.5,"BIDIFAC+",6,5,7,0.0782082387986448,0.0764872163178544,0.110360914844299,0.0861688802412052,189.830999999998,NA
59,0.5,1.17809724509617,67.5,"BIDIFAC+",6,5,7,0.0811705912805002,0.0763689436147613,0.115778362330908,0.0871468498142067,189.048999999999,NA
60,0.5,1.17809724509617,67.5,"BIDIFAC+",7,4,7,0.0867625075349347,0.0684238344267277,0.116474353423446,0.0894700564596177,176.301999999996,NA
61,0.5,1.17809724509617,67.5,"BIDIFAC+",6,4,7,0.0806941722823163,0.0726671337364404,0.115413903221239,0.0862355702342024,191.481999999996,NA
62,0.5,1.17809724509617,67.5,"BIDIFAC+",6,5,7,0.0727232929335146,0.0723134204825536,0.112620521181354,0.0838647194068923,168.120000000003,NA
63,0.5,1.17809724509617,67.5,"BIDIFAC+",7,5,7,0.0739239272307038,0.0748409006030372,0.11167985360503,0.0864427213816406,177.108,NA
64,0.5,1.17809724509617,67.5,"BIDIFAC+",7,4,7,0.0679155910156152,0.0709950988740751,0.109108339606199,0.0855701515033845,192.281999999999,NA
65,0.5,1.17809724509617,67.5,"BIDIFAC+",6,4,7,0.0838688962616211,0.0733740858074328,0.115986288396675,0.0834572822160933,174.138999999996,NA
66,0.5,1.17809724509617,67.5,"BIDIFAC+",6,4,7,0.0729795846509418,0.0706827888846397,0.112071092064058,0.0851134505793668,186.442000000003,NA
67,0.5,1.17809724509617,67.5,"BIDIFAC+",6,4,7,0.090115764561713,0.0729868568429057,0.11890411642764,0.0863027862835566,191.322999999997,NA
68,0.5,1.17809724509617,67.5,"BIDIFAC+",6,5,6,0.0808914902184156,0.072457700817314,0.111525304365218,0.0845110101770061,188.337999999996,NA
69,0.5,1.17809724509617,67.5,"BIDIFAC+",7,4,6,0.0716893199967665,0.0724670044036857,0.110270659387737,0.086125103865703,177.602000000006,NA
70,0.5,1.17809724509617,67.5,"BIDIFAC+",6,4,7,0.0828359548973857,0.0700156244228665,0.119893243753528,0.0870962297925836,190.980000000003,NA
71,0.5,1.17809724509617,67.5,"BIDIFAC+",6,5,6,0.0681193349397918,0.0728966847990733,0.117653709718446,0.0880204618127946,199.034999999996,NA
72,0.5,1.17809724509617,67.5,"BIDIFAC+",7,5,6,0.0832483564562687,0.0749118787239827,0.11634445045827,0.086947872310957,194.475999999995,NA
73,0.5,1.17809724509617,67.5,"BIDIFAC+",6,5,7,0.0715490358405836,0.0733587673913266,0.115514236960689,0.088070622165673,183.952000000005,NA
74,0.5,1.17809724509617,67.5,"BIDIFAC+",6,4,6,0.0694225399958216,0.0694695491955991,0.107573573210216,0.0877971367167474,201.294999999998,NA
75,0.5,1.17809724509617,67.5,"BIDIFAC+",7,4,7,0.0790461700379055,0.0689875000805527,0.112942855493265,0.0844572179583637,202.574000000001,NA
76,0.5,1.17809724509617,67.5,"BIDIFAC+",6,5,7,0.0828493058391235,0.0769111508584656,0.108561210232668,0.0878114644049985,177.279000000002,NA
77,0.5,1.17809724509617,67.5,"BIDIFAC+",6,4,7,0.0874232117013186,0.076801948795143,0.121450858282875,0.0862096386602828,163.578999999998,NA
78,0.5,1.17809724509617,67.5,"BIDIFAC+",6,5,8,0.0742677623916409,0.0720575003856702,0.108539741957944,0.0861223765780351,180.800999999999,NA
79,0.5,1.17809724509617,67.5,"BIDIFAC+",6,4,7,0.073557091785483,0.0707883499740896,0.116941216720964,0.0846512422550481,180.402000000002,NA
80,0.5,1.17809724509617,67.5,"BIDIFAC+",6,5,7,0.091493721540213,0.0772319823749293,0.120345267413687,0.0861019467026229,187.207000000002,NA
81,0.5,1.17809724509617,67.5,"BIDIFAC+",6,4,7,0.0729723215263553,0.0711972387871381,0.116580755939615,0.0850901357891558,182.476999999999,NA
82,0.5,1.17809724509617,67.5,"BIDIFAC+",6,4,7,0.0970061004391757,0.0768935371123964,0.123897154780926,0.0853244082851633,205.021000000001,NA
83,0.5,1.17809724509617,67.5,"BIDIFAC+",6,4,6,0.0764811164075527,0.070907223338038,0.114334525492807,0.0840231995576008,186.614999999998,NA
84,0.5,1.17809724509617,67.5,"BIDIFAC+",6,5,7,0.0803090352978853,0.0791221657830776,0.114520158435207,0.08335297334531,180.673000000003,NA
85,0.5,1.17809724509617,67.5,"BIDIFAC+",6,5,6,0.0723045007000018,0.0720064727513129,0.118743145116449,0.0860400385677567,206.273000000001,NA
86,0.5,1.17809724509617,67.5,"BIDIFAC+",6,5,7,0.0737978123001541,0.0698714959322129,0.113023607511701,0.0874726277666526,195.292999999998,NA
87,0.5,1.17809724509617,67.5,"BIDIFAC+",7,4,6,0.0670184593225278,0.0699736956466155,0.108795660221902,0.0855876531001489,173.470000000001,NA
88,0.5,1.17809724509617,67.5,"BIDIFAC+",7,5,6,0.0804634361115587,0.0731434080932211,0.119473946364941,0.0889208342058891,191.897000000004,NA
89,0.5,1.17809724509617,67.5,"BIDIFAC+",7,4,6,0.0857948538974216,0.074545646336039,0.117247939112922,0.0869127399147349,183.436999999998,NA
90,0.5,1.17809724509617,67.5,"BIDIFAC+",6,4,7,0.0735431554704712,0.0691201463934075,0.113636763585611,0.0883374352342225,182.512000000002,NA
91,0.5,1.17809724509617,67.5,"BIDIFAC+",6,5,7,0.0784849345851297,0.0723259743661382,0.117453082333332,0.0842242282666623,199.763999999996,NA
92,0.5,1.17809724509617,67.5,"BIDIFAC+",6,4,6,0.068111050424942,0.0685483948984695,0.114273010868528,0.0857823789655437,197.976000000002,NA
93,0.5,1.17809724509617,67.5,"BIDIFAC+",6,4,6,0.0748242067796064,0.071700106701739,0.105301310275158,0.0837306381761527,166.021999999997,NA
94,0.5,1.17809724509617,67.5,"BIDIFAC+",6,5,7,0.0783299579693644,0.0706570020554479,0.114024630073249,0.0843677507942082,189.440999999999,NA
95,0.5,1.17809724509617,67.5,"BIDIFAC+",6,5,6,0.0754836345750462,0.069086135207635,0.117985047087158,0.0848379922265832,182.627,NA
96,0.5,1.17809724509617,67.5,"BIDIFAC+",6,5,7,0.0718950763347475,0.0705308249461541,0.106494675070896,0.0851989816435034,177.091999999997,NA
97,0.5,1.17809724509617,67.5,"BIDIFAC+",6,4,6,0.0873591696316581,0.07221146574165,0.116551842564978,0.0845695494714762,193.831999999995,NA
98,0.5,1.17809724509617,67.5,"BIDIFAC+",6,5,7,0.0743714920668411,0.0727293641082605,0.112380973845655,0.0845200409819738,181.659,NA
99,0.5,1.17809724509617,67.5,"BIDIFAC+",6,4,6,0.0740543476802184,0.0753161555135846,0.111791166248818,0.0865009463431729,159.263999999996,NA
100,0.5,1.17809724509617,67.5,"BIDIFAC+",6,4,7,0.0785520962375365,0.0725414929264855,0.113322242366609,0.0863191013855744,197.831999999995,NA
1,1,1.17809724509617,67.5,"BIDIFAC+",7,4,7,0.0316126427146176,0.0249208124067384,0.0430795183575149,0.0279843229532212,364.172999999995,NA
2,1,1.17809724509617,67.5,"BIDIFAC+",6,4,7,0.0308679657943003,0.0229306568242903,0.0436970945641385,0.0276225684146484,367.504000000001,NA
3,1,1.17809724509617,67.5,"BIDIFAC+",6,4,6,0.0222025267743009,0.0203800070611864,0.0384353985226292,0.0280006194574913,368.719999999994,NA
4,1,1.17809724509617,67.5,"BIDIFAC+",6,4,6,0.0221583343015093,0.0215634979443266,0.0399562706988637,0.0278305330740293,382.280000000006,NA
5,1,1.17809724509617,67.5,"BIDIFAC+",6,4,7,0.0349244220102144,0.0228678064537626,0.0469659519617905,0.0277919223231365,375.169000000002,NA
6,1,1.17809724509617,67.5,"BIDIFAC+",7,4,7,0.0313677780363641,0.0233090875261304,0.0439116026165216,0.0279188809344843,383.010000000002,NA
7,1,1.17809724509617,67.5,"BIDIFAC+",7,5,7,0.0222093596813058,0.0225063002184737,0.0394136138257601,0.0280139931966172,391.970000000001,NA
8,1,1.17809724509617,67.5,"BIDIFAC+",6,5,7,0.025502566404978,0.0248118141969066,0.0407620047334898,0.0272384368679955,363.977999999996,NA
9,1,1.17809724509617,67.5,"BIDIFAC+",6,5,7,0.0236242360794638,0.021468769179133,0.0394551934148767,0.027638752011191,393.059000000001,NA
10,1,1.17809724509617,67.5,"BIDIFAC+",7,5,7,0.0257804221541445,0.0234919180492642,0.042173643949359,0.0278112679830123,375.840000000004,NA
11,1,1.17809724509617,67.5,"BIDIFAC+",6,4,7,0.0338016369629428,0.0213022818543621,0.0451036874229591,0.0268957320770009,393.497000000003,NA
12,1,1.17809724509617,67.5,"BIDIFAC+",7,5,6,0.0223245949909067,0.0210222616450414,0.0404033222383223,0.0276617920296245,365.744000000006,NA
13,1,1.17809724509617,67.5,"BIDIFAC+",6,4,7,0.0255534505925719,0.0219923529592169,0.0413585072942563,0.0276445567731584,373.258999999998,NA
14,1,1.17809724509617,67.5,"BIDIFAC+",6,4,6,0.0306967608122827,0.0222016097975386,0.0449019735213787,0.0272045628719511,357.253000000004,NA
15,1,1.17809724509617,67.5,"BIDIFAC+",6,4,7,0.0267239850853878,0.0232209945765683,0.0430052438241425,0.0276486130548932,361.949000000001,NA
16,1,1.17809724509617,67.5,"BIDIFAC+",6,4,7,0.0343520413575998,0.0228447788814107,0.0474056596889918,0.0272060668333623,395.029999999999,NA
17,1,1.17809724509617,67.5,"BIDIFAC+",6,4,7,0.0261020115706818,0.0220022407106513,0.0411871946977176,0.0271503416300357,374.269,NA
18,1,1.17809724509617,67.5,"BIDIFAC+",6,4,7,0.0368871730766795,0.0228992346825933,0.0485618227418412,0.0275833036142381,357.661999999997,NA
19,1,1.17809724509617,67.5,"BIDIFAC+",6,5,7,0.024021757446221,0.0219890374019611,0.0396104080911748,0.0269447039484955,354.711000000003,NA
20,1,1.17809724509617,67.5,"BIDIFAC+",6,5,7,0.0259698400965885,0.022556835659427,0.0408044978265504,0.0275737325137166,372.059000000001,NA
21,1,1.17809724509617,67.5,"BIDIFAC+",6,4,7,0.0343678789437636,0.0239089090429089,0.0467379664719222,0.0274825417491406,367.491999999998,NA
22,1,1.17809724509617,67.5,"BIDIFAC+",7,4,6,0.0309704934782164,0.0208223113478801,0.0423805468574365,0.0267646166487636,363.029999999999,NA
23,1,1.17809724509617,67.5,"BIDIFAC+",6,4,6,0.0258355804140144,0.022091215629359,0.0411052381215261,0.0283326542451774,392.764999999999,NA
24,1,1.17809724509617,67.5,"BIDIFAC+",6,5,7,0.02348236276681,0.0217127681723296,0.0400699823000511,0.0282961308733946,362.942000000003,NA
25,1,1.17809724509617,67.5,"BIDIFAC+",6,5,7,0.0243221252207227,0.0225020417580392,0.0401278277202946,0.0270314251453104,385.829000000005,NA
26,1,1.17809724509617,67.5,"BIDIFAC+",6,5,7,0.0274201978052353,0.0232385168578216,0.0400290925943722,0.0271963898351376,364.726999999999,NA
27,1,1.17809724509617,67.5,"BIDIFAC+",6,5,7,0.0278366247287592,0.021432464431431,0.040844317062238,0.027024248071093,389.353999999999,NA
28,1,1.17809724509617,67.5,"BIDIFAC+",6,5,7,0.0296055680219035,0.0220783866754458,0.0428352439453587,0.026773461091932,392.383999999998,NA
29,1,1.17809724509617,67.5,"BIDIFAC+",6,4,7,0.0367909119180161,0.0248678023317732,0.0465115210650901,0.0277599072666437,374.030999999995,NA
30,1,1.17809724509617,67.5,"BIDIFAC+",6,4,6,0.0223046408204321,0.0214775230635387,0.0398429130490815,0.0269673368166049,338.106999999996,NA
31,1,1.17809724509617,67.5,"BIDIFAC+",7,4,6,0.0230028620946838,0.0211737338115926,0.0401156036063208,0.027574298394274,376.227999999996,NA
32,1,1.17809724509617,67.5,"BIDIFAC+",6,4,6,0.0286253510982951,0.02126935527324,0.0429664546353204,0.027947639087627,389.334000000003,NA
33,1,1.17809724509617,67.5,"BIDIFAC+",6,4,6,0.0219932294880966,0.0210142257227156,0.040281668606147,0.0267213416243408,389.514000000003,NA
34,1,1.17809724509617,67.5,"BIDIFAC+",6,4,7,0.0267621217104659,0.0216246287006045,0.0417321705295847,0.0275824380918742,349.101999999999,NA
35,1,1.17809724509617,67.5,"BIDIFAC+",6,4,7,0.0298572552370439,0.0227317697473272,0.0447751686117722,0.0274720434101937,344.928999999996,NA
36,1,1.17809724509617,67.5,"BIDIFAC+",6,5,7,0.0303688537161648,0.0229235766787821,0.0438507749911074,0.0278579326632342,392.777999999998,NA
37,1,1.17809724509617,67.5,"BIDIFAC+",6,5,7,0.0216025323285275,0.0222349813685533,0.0382827298815333,0.0274073344279582,352.823000000004,NA
38,1,1.17809724509617,67.5,"BIDIFAC+",6,4,7,0.0354205357186454,0.0236108244334089,0.0457076030842367,0.0276555665481375,377.385999999999,NA
39,1,1.17809724509617,67.5,"BIDIFAC+",6,4,6,0.0235649533566648,0.0220381400071194,0.0381657283951361,0.0269107874055518,352.429000000004,NA
40,1,1.17809724509617,67.5,"BIDIFAC+",6,4,6,0.0291030562024386,0.0213847574081103,0.04288300082079,0.0270861249311781,383.087999999996,NA
41,1,1.17809724509617,67.5,"BIDIFAC+",6,5,7,0.0337945473150354,0.0236167824878018,0.0449282298396895,0.0271406606685362,361.116000000002,NA
42,1,1.17809724509617,67.5,"BIDIFAC+",6,4,6,0.0233154823803472,0.0215471882987326,0.0409475416634311,0.027930899741574,346.928,NA
43,1,1.17809724509617,67.5,"BIDIFAC+",6,5,7,0.0230332023866196,0.0216614724505032,0.0387983429958393,0.0275639049214153,395.491000000002,NA
44,1,1.17809724509617,67.5,"BIDIFAC+",6,4,6,0.0210387406690622,0.0204982623073981,0.0387769796470308,0.02762134651429,388.817000000003,NA
45,1,1.17809724509617,67.5,"BIDIFAC+",6,5,7,0.0228352701311499,0.0222123945191235,0.0412480050272661,0.0280582344130872,381.345000000001,NA
46,1,1.17809724509617,67.5,"BIDIFAC+",6,5,7,0.0237982010999659,0.0219962855716804,0.0396475609593675,0.0268170924814819,354.010000000002,NA
47,1,1.17809724509617,67.5,"BIDIFAC+",6,5,7,0.0269157103015684,0.0248886118630066,0.0396657104974685,0.0271503790686038,404.323000000004,NA
48,1,1.17809724509617,67.5,"BIDIFAC+",6,5,7,0.0280428010534994,0.0219906900531181,0.0403873052503886,0.0276043136975866,388.992000000006,NA
49,1,1.17809724509617,67.5,"BIDIFAC+",6,4,7,0.0231933816283871,0.0216585056804202,0.0412651563417755,0.0277574644544597,370.568999999996,NA
50,1,1.17809724509617,67.5,"BIDIFAC+",6,4,6,0.0245071106499342,0.0207632430878877,0.039074778086138,0.0278070341819957,362.885000000002,NA
51,1,1.17809724509617,67.5,"BIDIFAC+",6,5,6,0.0198108101859956,0.0203730123356383,0.0377407893832916,0.0271904498919286,398.853999999999,NA
52,1,1.17809724509617,67.5,"BIDIFAC+",6,5,7,0.0253726196848785,0.0226775002466647,0.0395510777631777,0.0277693897153945,387.798999999999,NA
53,1,1.17809724509617,67.5,"BIDIFAC+",6,4,7,0.0226282809156435,0.0211219444657308,0.0401561465933628,0.0274593619240406,362.294000000002,NA
54,1,1.17809724509617,67.5,"BIDIFAC+",6,4,6,0.0220127152228552,0.0216065925622403,0.0384336182067309,0.0282281792668654,353.879000000001,NA
55,1,1.17809724509617,67.5,"BIDIFAC+",6,5,6,0.0213601420810041,0.0214669363450001,0.039061001306094,0.0276687756185107,360.160000000003,NA
56,1,1.17809724509617,67.5,"BIDIFAC+",6,5,6,0.0216014831410949,0.021201925791825,0.0375743349028329,0.0268425607540806,342.828999999998,NA
57,1,1.17809724509617,67.5,"BIDIFAC+",6,4,6,0.0254422966329897,0.021683811556577,0.0404730457546379,0.0265121896078408,381.682999999997,NA
58,1,1.17809724509617,67.5,"BIDIFAC+",6,4,6,0.0206381303658433,0.0212838076655258,0.0389921688707034,0.0273934688516213,342.392,NA
59,1,1.17809724509617,67.5,"BIDIFAC+",6,4,6,0.0206880806474359,0.0207260435550763,0.0399835421643957,0.027592528295184,357.580999999998,NA
60,1,1.17809724509617,67.5,"BIDIFAC+",7,5,7,0.0253295124042259,0.0224950777893081,0.0422028645746397,0.0276404929067819,385.447999999997,NA
61,1,1.17809724509617,67.5,"BIDIFAC+",6,4,6,0.021616008256075,0.02130534204415,0.0383433593561,0.0272760786913314,390.038999999997,NA
62,1,1.17809724509617,67.5,"BIDIFAC+",6,4,7,0.0294456146087296,0.0225522444579492,0.0433885013758831,0.0279099678063596,376.545999999995,NA
63,1,1.17809724509617,67.5,"BIDIFAC+",6,4,6,0.0240497780398376,0.021803405211502,0.0390751685514477,0.0281343074443221,347.885999999999,NA
64,1,1.17809724509617,67.5,"BIDIFAC+",7,4,7,0.0231492081086097,0.0216816075451439,0.039609489601155,0.028417293645914,399.347999999998,NA
65,1,1.17809724509617,67.5,"BIDIFAC+",6,5,7,0.0221995671306024,0.0218391751572674,0.0408197664442772,0.0277542698400267,342.413,NA
66,1,1.17809724509617,67.5,"BIDIFAC+",6,4,7,0.0369383296050606,0.0238536542538871,0.046660959510173,0.0271556528114753,392.672999999995,NA
67,1,1.17809724509617,67.5,"BIDIFAC+",6,4,7,0.036258312140369,0.0220448890176435,0.0473362104855163,0.0276139162650835,361.421000000002,NA
68,1,1.17809724509617,67.5,"BIDIFAC+",6,4,7,0.0242385161189651,0.0215704908690812,0.0392120033092217,0.0274252392778439,376.298000000003,NA
69,1,1.17809724509617,67.5,"BIDIFAC+",6,5,7,0.0231639336251273,0.0219727545064697,0.0394735873299831,0.0265387004488805,372.931000000004,NA
70,1,1.17809724509617,67.5,"BIDIFAC+",6,4,7,0.0277920549955016,0.0230181307960551,0.0421011030058633,0.027579967630451,384.005000000005,NA
71,1,1.17809724509617,67.5,"BIDIFAC+",7,5,7,0.0240491917376228,0.0218763810715034,0.0407414720146972,0.0276155694031919,372.453999999998,NA
72,1,1.17809724509617,67.5,"BIDIFAC+",6,4,7,0.0237949316030292,0.020698359505131,0.0402469904045696,0.0273974551361351,366.311000000002,NA
73,1,1.17809724509617,67.5,"BIDIFAC+",6,5,7,0.0228001917899967,0.0218115588013268,0.0401711233757247,0.0269438336160145,387.417000000001,NA
74,1,1.17809724509617,67.5,"BIDIFAC+",6,6,6,0.0231619069973033,0.0211397059847344,0.0397905340018675,0.02726410870522,366.347999999998,NA
75,1,1.17809724509617,67.5,"BIDIFAC+",6,4,7,0.0298985914017619,0.0226981125330158,0.0427504336521556,0.0270775127921,374.584999999999,NA
76,1,1.17809724509617,67.5,"BIDIFAC+",6,4,7,0.0273997148462282,0.0212829764722894,0.0409723893356111,0.0274958108731703,380.137000000002,NA
77,1,1.17809724509617,67.5,"BIDIFAC+",6,5,7,0.0310577661522424,0.0244628262635008,0.0431813901257249,0.0280283878475568,370.797999999995,NA
78,1,1.17809724509617,67.5,"BIDIFAC+",6,5,7,0.023469822997538,0.0211893237217239,0.0391673300829686,0.0274165090399837,326.213000000003,NA
79,1,1.17809724509617,67.5,"BIDIFAC+",6,4,7,0.0360954150223413,0.022607768990878,0.0489055744033531,0.0285243812824049,394.639000000003,NA
80,1,1.17809724509617,67.5,"BIDIFAC+",6,5,7,0.0248921134044977,0.0234490507135758,0.040740250040044,0.0284212346855476,377.463000000003,NA
81,1,1.17809724509617,67.5,"BIDIFAC+",6,5,7,0.0237858675079102,0.0225611409640194,0.0407145306913147,0.0280764041666057,340.040999999997,NA
82,1,1.17809724509617,67.5,"BIDIFAC+",6,4,7,0.0336050676938955,0.0220764209130115,0.0455780399724245,0.0268583157169701,394.054000000004,NA
83,1,1.17809724509617,67.5,"BIDIFAC+",6,5,7,0.0268274374335894,0.023818505742884,0.0413514537379255,0.0277924663554037,381.080999999998,NA
84,1,1.17809724509617,67.5,"BIDIFAC+",6,4,6,0.0257338578738657,0.0219978747881665,0.0411954047108539,0.0270370981302762,374.051000000007,NA
85,1,1.17809724509617,67.5,"BIDIFAC+",6,5,7,0.0240946674381879,0.0223509702803838,0.0398174468375511,0.0275215951684914,387.909,NA
86,1,1.17809724509617,67.5,"BIDIFAC+",6,5,6,0.021871566217968,0.021576595729464,0.0391364684440397,0.027541791692199,383.928,NA
87,1,1.17809724509617,67.5,"BIDIFAC+",6,5,6,0.0205353519087232,0.0205800924720468,0.0383919687071073,0.0271082928972575,406.409999999996,NA
88,1,1.17809724509617,67.5,"BIDIFAC+",6,5,7,0.0283282498001769,0.0240956153330797,0.0426031231821709,0.0279467201230002,412.308000000005,NA
89,1,1.17809724509617,67.5,"BIDIFAC+",6,4,7,0.0284224821032888,0.0213948204203918,0.0412475478453387,0.0271266560811162,344.103000000003,NA
90,1,1.17809724509617,67.5,"BIDIFAC+",6,4,7,0.0281968008580165,0.0228344500156697,0.0426192230264417,0.0276877490074998,386.328000000001,NA
91,1,1.17809724509617,67.5,"BIDIFAC+",6,4,6,0.0203774118583781,0.0199285027511669,0.0385073029956837,0.0273273391373232,363.863000000005,NA
92,1,1.17809724509617,67.5,"BIDIFAC+",6,4,6,0.030004747864961,0.0215904037431422,0.0442374820107891,0.0281448862290212,371.554000000004,NA
93,1,1.17809724509617,67.5,"BIDIFAC+",6,5,7,0.0316198468665658,0.0241290910091852,0.0447753436169599,0.0280746927335102,376.907999999996,NA
94,1,1.17809724509617,67.5,"BIDIFAC+",6,4,7,0.0311788691718413,0.0222883960101777,0.0441478624529426,0.0273679805690185,402.093999999997,NA
95,1,1.17809724509617,67.5,"BIDIFAC+",7,4,7,0.0350680465255139,0.0244305048880984,0.0470687272523653,0.0278187448900103,369.686000000002,NA
96,1,1.17809724509617,67.5,"BIDIFAC+",6,4,6,0.025097913017357,0.0216479091456621,0.0398743262310241,0.0275173582567783,375.445,NA
97,1,1.17809724509617,67.5,"BIDIFAC+",6,4,6,0.0260095633421762,0.0208484992592561,0.0411702962065134,0.0281655146705086,336.813000000002,NA
98,1,1.17809724509617,67.5,"BIDIFAC+",6,5,7,0.0239235716293206,0.0215522421004453,0.0409293367087723,0.0279033520809445,367.887999999999,NA
99,1,1.17809724509617,67.5,"BIDIFAC+",6,5,6,0.0219950632966815,0.0210758889131852,0.038675742703042,0.0275370909201516,385.260000000002,NA
100,1,1.17809724509617,67.5,"BIDIFAC+",6,5,7,0.0216584039270799,0.0207654008364658,0.040064210509202,0.028327583066727,373.764000000003,NA
1,2,1.17809724509617,67.5,"BIDIFAC+",6,5,7,0.0068012215169635,0.00638089368317741,0.0131579625534618,0.00845001210812966,763.637999999999,NA
2,2,1.17809724509617,67.5,"BIDIFAC+",6,5,7,0.00847343011667599,0.0075713846473475,0.0141345565868883,0.00888134882525884,709.160000000003,NA
3,2,1.17809724509617,67.5,"BIDIFAC+",6,4,6,0.00631908860354007,0.00662431643804673,0.0132068084341265,0.00851139497645931,737.208999999995,NA
4,2,1.17809724509617,67.5,"BIDIFAC+",6,4,6,0.0145685979079564,0.00718353251348494,0.0191217414963068,0.00849549054623236,753.241999999998,NA
5,2,1.17809724509617,67.5,"BIDIFAC+",6,4,6,0.00715147935294186,0.00654434879329483,0.0136345457283868,0.00837103119204161,753.869999999995,NA
6,2,1.17809724509617,67.5,"BIDIFAC+",6,4,6,0.0063174033862564,0.00632392651720518,0.0134830971860122,0.00843167366817822,699.110999999997,NA
7,2,1.17809724509617,67.5,"BIDIFAC+",6,5,6,0.00700890052925716,0.00660215384057195,0.0135324507374622,0.00860535252576855,741.221000000005,NA
8,2,1.17809724509617,67.5,"BIDIFAC+",6,5,7,0.00683926964184486,0.00650698197256933,0.0132295360626767,0.0081672159126087,765.910000000003,NA
9,2,1.17809724509617,67.5,"BIDIFAC+",6,4,7,0.0125646290321216,0.00734031760298481,0.0161597916829573,0.00839012422642996,660.609000000004,NA
10,2,1.17809724509617,67.5,"BIDIFAC+",6,4,6,0.00672393354214043,0.00665701299448047,0.0134648994308627,0.00832456146629532,699.504000000001,NA
11,2,1.17809724509617,67.5,"BIDIFAC+",6,4,7,0.0122678821245907,0.00687277845783048,0.0169718844287049,0.00853626716281869,696.442999999999,NA
12,2,1.17809724509617,67.5,"BIDIFAC+",6,5,7,0.00994979092400444,0.00688778591612411,0.0151697074121942,0.00837746822323382,771.526000000005,NA
13,2,1.17809724509617,67.5,"BIDIFAC+",6,4,6,0.0104252386716649,0.00666920971818135,0.0153870804956696,0.00835479131599155,692.977000000006,NA
14,2,1.17809724509617,67.5,"BIDIFAC+",7,4,7,0.00917239587258849,0.00726770188838695,0.0144521459231575,0.00860380519214482,701.382999999994,NA
15,2,1.17809724509617,67.5,"BIDIFAC+",6,4,6,0.00798302157912185,0.00632498397333497,0.0135979781274568,0.00813209402706502,790.254999999997,NA
16,2,1.17809724509617,67.5,"BIDIFAC+",6,4,7,0.0107017607606018,0.00672501135530292,0.0156543964080142,0.00845509380654929,743.805,NA
17,2,1.17809724509617,67.5,"BIDIFAC+",6,5,7,0.00695597490475603,0.00691154531253829,0.0130885199947219,0.00840145023124724,764.777999999998,NA
18,2,1.17809724509617,67.5,"BIDIFAC+",6,4,7,0.00657376350906023,0.00636397182901023,0.0130951007563576,0.00814404770528202,726.359000000004,NA
19,2,1.17809724509617,67.5,"BIDIFAC+",7,5,7,0.00638913731828659,0.00670781882715648,0.0135282449548306,0.00841302274721006,737.063999999998,NA
20,2,1.17809724509617,67.5,"BIDIFAC+",6,4,7,0.0115939404779941,0.0067073761189902,0.0157084790255185,0.00828835575689181,739.890999999996,NA
21,2,1.17809724509617,67.5,"BIDIFAC+",6,5,6,0.00706929967026636,0.00665801004013038,0.0134388846639724,0.00828396197302235,748.546999999999,NA
22,2,1.17809724509617,67.5,"BIDIFAC+",6,5,7,0.00713515531113146,0.00677395604908958,0.0133219617183362,0.00836991310878322,775.468000000001,NA
23,2,1.17809724509617,67.5,"BIDIFAC+",7,4,6,0.00715833022140652,0.00668964729861529,0.0133670955829898,0.00836419407061234,784.074999999997,NA
24,2,1.17809724509617,67.5,"BIDIFAC+",6,5,6,0.00620923568353013,0.00626915900360487,0.0135132331052729,0.00838675970697349,707.081999999995,NA
25,2,1.17809724509617,67.5,"BIDIFAC+",6,5,7,0.00703171134824546,0.00646570253415346,0.0131436107882489,0.00841268938410622,748.625,NA
26,2,1.17809724509617,67.5,"BIDIFAC+",6,5,7,0.00686817195186329,0.00677537046042108,0.0135853902773755,0.00863518079211729,738.017999999996,NA
27,2,1.17809724509617,67.5,"BIDIFAC+",6,4,7,0.00800882890006347,0.00647980236873802,0.0135413094776409,0.00830697123552939,762.339,NA
28,2,1.17809724509617,67.5,"BIDIFAC+",6,5,7,0.0124041626686579,0.00694883072337617,0.0168165273284581,0.00852686297644344,684.867999999995,NA
29,2,1.17809724509617,67.5,"BIDIFAC+",6,4,6,0.00709035477058978,0.0064211635047439,0.0134211836522691,0.00827452813148357,743.719000000005,NA
30,2,1.17809724509617,67.5,"BIDIFAC+",6,4,6,0.00860680226447116,0.00668918201332096,0.0140935823143735,0.00832032449327865,721.358999999997,NA
31,2,1.17809724509617,67.5,"BIDIFAC+",6,5,7,0.00744863003691557,0.00666122893545399,0.0135130568410615,0.00834366647533405,719.089,NA
32,2,1.17809724509617,67.5,"BIDIFAC+",6,5,7,0.0107994516713715,0.00723814552120357,0.0158302146818196,0.00853112429857026,742.720000000001,NA
33,2,1.17809724509617,67.5,"BIDIFAC+",7,5,7,0.00888925015953482,0.00704285629211181,0.0145341835691782,0.00859447869755471,729.741000000002,NA
34,2,1.17809724509617,67.5,"BIDIFAC+",6,4,7,0.00904498436853246,0.00677044717432144,0.0143279504972112,0.00854070194401771,774.277999999998,NA
35,2,1.17809724509617,67.5,"BIDIFAC+",6,5,7,0.00796331350518455,0.00690588894014377,0.0139906194287989,0.00887190273682319,746.297999999995,NA
36,2,1.17809724509617,67.5,"BIDIFAC+",6,4,7,0.00949584416527691,0.00642739184181669,0.014361927318338,0.00810942226538762,689.226999999999,NA
37,2,1.17809724509617,67.5,"BIDIFAC+",6,5,6,0.0079160954200644,0.00663990599650853,0.0143549988205366,0.00836622344766751,704.418999999994,NA
38,2,1.17809724509617,67.5,"BIDIFAC+",6,5,7,0.00804118286987625,0.00722288664516942,0.0136307523318886,0.00873170528389291,748.658000000003,NA
39,2,1.17809724509617,67.5,"BIDIFAC+",6,4,7,0.00883376043636581,0.0069195337149068,0.0136715593614736,0.00840701114885094,692.933000000005,NA
40,2,1.17809724509617,67.5,"BIDIFAC+",6,5,7,0.0071763285072405,0.00655315683860591,0.0131929094952255,0.0082764625150815,745.998999999996,NA
41,2,1.17809724509617,67.5,"BIDIFAC+",6,4,7,0.0128062141027115,0.0070157115046666,0.0168994417896344,0.00837533402485366,750.982000000004,NA
42,2,1.17809724509617,67.5,"BIDIFAC+",6,5,6,0.00636973103166781,0.00681346674767077,0.0131378892120347,0.00837377467803688,792.655999999995,NA
43,2,1.17809724509617,67.5,"BIDIFAC+",6,4,6,0.00745330695534213,0.00656858129441656,0.0129478823812487,0.00826137225713737,743.791999999994,NA
44,2,1.17809724509617,67.5,"BIDIFAC+",7,5,6,0.00619310284558541,0.00669693813602274,0.01325537143582,0.00859427315229796,723.309000000001,NA
45,2,1.17809724509617,67.5,"BIDIFAC+",6,5,7,0.0144180479604027,0.00737789485960228,0.0181323096270653,0.00862848331626949,737.383000000002,NA
46,2,1.17809724509617,67.5,"BIDIFAC+",6,4,6,0.00638450905062711,0.00668707502206992,0.0133760521700962,0.00864416494897716,755.201000000001,NA
47,2,1.17809724509617,67.5,"BIDIFAC+",6,5,7,0.00685587743585813,0.00678582626052351,0.0131962208132945,0.00837234529745996,746.540000000001,NA
48,2,1.17809724509617,67.5,"BIDIFAC+",6,4,7,0.0106124603514011,0.00684957140615452,0.0163202920297655,0.00860231796895124,766.380000000005,NA
49,2,1.17809724509617,67.5,"BIDIFAC+",6,5,7,0.0137133822434042,0.00692801413820234,0.0181232133405354,0.00853059707584963,752.434999999998,NA
50,2,1.17809724509617,67.5,"BIDIFAC+",6,5,7,0.0114360616790763,0.00694157443383932,0.0162298176005718,0.00838310730506601,787.917000000001,NA
51,2,1.17809724509617,67.5,"BIDIFAC+",7,4,6,0.00712122106105255,0.00660840894628715,0.0127485410179401,0.00854479112912447,732.484000000004,NA
52,2,1.17809724509617,67.5,"BIDIFAC+",6,5,7,0.00998396716039271,0.00704915915023247,0.0153567831460488,0.00866878437220944,745.199999999997,NA
53,2,1.17809724509617,67.5,"BIDIFAC+",6,5,7,0.00778893035717218,0.00639089550306466,0.0133986493251656,0.0082146796700597,740.898000000001,NA
54,2,1.17809724509617,67.5,"BIDIFAC+",6,4,8,0.0102439372369999,0.00707439254388626,0.0150640874908082,0.00810949460344476,745.245999999999,NA
55,2,1.17809724509617,67.5,"BIDIFAC+",7,4,6,0.00666291838406821,0.00652720721399007,0.013014067380827,0.0084164869052249,725.355000000003,NA
56,2,1.17809724509617,67.5,"BIDIFAC+",6,4,7,0.0110910069247883,0.00682027947794147,0.0160996354995111,0.00841468752404609,707.396000000001,NA
57,2,1.17809724509617,67.5,"BIDIFAC+",6,4,6,0.00683533437431797,0.00649409495798172,0.0129444165288164,0.00818182532411548,728.139000000003,NA
58,2,1.17809724509617,67.5,"BIDIFAC+",6,4,6,0.00848474235972495,0.00651737958964928,0.0142111681927065,0.0084359908811776,777.330999999998,NA
59,2,1.17809724509617,67.5,"BIDIFAC+",6,4,7,0.00620710469567471,0.0063896076182879,0.01321741240171,0.00847076510223287,731.152000000002,NA
60,2,1.17809724509617,67.5,"BIDIFAC+",6,4,7,0.012638536462976,0.00698783239410175,0.0164807232559179,0.00840926792339715,724.938000000002,NA
61,2,1.17809724509617,67.5,"BIDIFAC+",6,4,7,0.0106869484383965,0.0068835150985728,0.015729746537201,0.00834955055153808,747.519,NA
62,2,1.17809724509617,67.5,"BIDIFAC+",7,5,7,0.00765576833447978,0.0069549005156115,0.0141193034192426,0.00846459182232881,753.290000000001,NA
63,2,1.17809724509617,67.5,"BIDIFAC+",6,4,7,0.00711416291630237,0.00656491398654111,0.0133054186122959,0.00829990588879975,750.063999999998,NA
64,2,1.17809724509617,67.5,"BIDIFAC+",6,5,6,0.00651890464690168,0.00644191343734143,0.0128196309523496,0.00828533051392777,767.921000000002,NA
65,2,1.17809724509617,67.5,"BIDIFAC+",6,4,7,0.0141990154456901,0.00732425814479614,0.0188022564532558,0.00861950957709381,743.580999999998,NA
66,2,1.17809724509617,67.5,"BIDIFAC+",6,5,7,0.00782597054860203,0.00679008718969975,0.013688714264082,0.00839117321699165,709.525999999998,NA
67,2,1.17809724509617,67.5,"BIDIFAC+",6,4,7,0.0130250927705163,0.00677730935156564,0.0172116451203139,0.00853414118373507,740.560000000005,NA
68,2,1.17809724509617,67.5,"BIDIFAC+",6,5,6,0.00733644331834054,0.00665327177727586,0.0131964475461956,0.00854390018299069,640.340000000004,NA
69,2,1.17809724509617,67.5,"BIDIFAC+",6,4,6,0.00712890097680004,0.00666927941150391,0.0138732328344104,0.00844277081333844,729.031000000003,NA
70,2,1.17809724509617,67.5,"BIDIFAC+",6,5,7,0.0102050089525934,0.0070343577909933,0.0145240943865968,0.00842935299927561,788.689000000006,NA
71,2,1.17809724509617,67.5,"BIDIFAC+",6,5,7,0.00804721824265635,0.00674368109546751,0.0140922384112038,0.00834187962649533,767.228999999999,NA
72,2,1.17809724509617,67.5,"BIDIFAC+",6,4,7,0.00974428010684286,0.00693982244706091,0.015711192109764,0.00860787283449847,740.845999999998,NA
73,2,1.17809724509617,67.5,"BIDIFAC+",6,4,6,0.00792663479889619,0.0064945261803302,0.0140045499231119,0.0083880938044371,735.195,NA
74,2,1.17809724509617,67.5,"BIDIFAC+",6,4,6,0.0126909140443321,0.00690915965300578,0.0166718843268029,0.00834110022402188,764.514999999999,NA
75,2,1.17809724509617,67.5,"BIDIFAC+",6,5,6,0.00656309966295328,0.00694825757807203,0.0137846963523163,0.00835573633355131,737.297000000006,NA
76,2,1.17809724509617,67.5,"BIDIFAC+",6,5,7,0.00744690999170685,0.00709703847734198,0.0139278393920004,0.0082375871331307,709.027000000002,NA
77,2,1.17809724509617,67.5,"BIDIFAC+",6,4,7,0.0120302086947915,0.00686562146170002,0.0168645364243368,0.00847249662278386,703.539000000004,NA
78,2,1.17809724509617,67.5,"BIDIFAC+",6,4,6,0.00679742746981755,0.00669809955892614,0.0130296015536735,0.008378228517664,726.992999999995,NA
79,2,1.17809724509617,67.5,"BIDIFAC+",7,4,6,0.00769474166063822,0.00667133793503509,0.0136300358373043,0.00847011801287548,718.112000000001,NA
80,2,1.17809724509617,67.5,"BIDIFAC+",6,4,7,0.0123755221434413,0.00700582574485019,0.0167056255336678,0.00857057523864153,677.489000000001,NA
81,2,1.17809724509617,67.5,"BIDIFAC+",6,4,6,0.00718138333777782,0.00650020663624959,0.0131040091406313,0.00819754837738171,719.266000000003,NA
82,2,1.17809724509617,67.5,"BIDIFAC+",6,4,7,0.0108957382612197,0.00657777933767305,0.0154273476010249,0.00832761046233253,755.800000000003,NA
83,2,1.17809724509617,67.5,"BIDIFAC+",6,4,7,0.011591178257633,0.00703073199611821,0.0158072773695003,0.00867218220428828,714.990000000005,NA
84,2,1.17809724509617,67.5,"BIDIFAC+",6,5,7,0.00813741100831997,0.00739626368046203,0.0138993109312629,0.00823437704803025,727.890999999996,NA
85,2,1.17809724509617,67.5,"BIDIFAC+",6,5,7,0.00901618596803541,0.00720547514216726,0.0143224544655865,0.00844279500477237,678.228000000003,NA
86,2,1.17809724509617,67.5,"BIDIFAC+",6,5,7,0.00787526694282875,0.00732844337068995,0.0139167697410001,0.00869287443812438,699.581999999995,NA
87,2,1.17809724509617,67.5,"BIDIFAC+",6,4,7,0.00941106196540004,0.00674673669853089,0.0146516037738519,0.00853299912681231,701.238999999994,NA
88,2,1.17809724509617,67.5,"BIDIFAC+",6,4,6,0.0085261089968444,0.00700587202950403,0.0142127639953585,0.0084904347402349,689.215000000004,NA
89,2,1.17809724509617,67.5,"BIDIFAC+",6,5,7,0.0113666128948752,0.00675717114339372,0.0159457849870788,0.00829429811384776,693.726999999999,NA
90,2,1.17809724509617,67.5,"BIDIFAC+",6,4,7,0.0134223606594514,0.00732580612838592,0.0173115410530037,0.00827369713441947,717.933000000005,NA
91,2,1.17809724509617,67.5,"BIDIFAC+",6,5,7,0.008602448816699,0.00635118671699098,0.01348622972463,0.00857727231396699,727.148000000001,NA
92,2,1.17809724509617,67.5,"BIDIFAC+",6,5,7,0.00696560335738185,0.00659380806782945,0.013122325785556,0.00826958434251368,703.899000000005,NA
93,2,1.17809724509617,67.5,"BIDIFAC+",6,5,7,0.00744740402039208,0.00710678067038659,0.0134446178778804,0.00844325421833787,690.909999999996,NA
94,2,1.17809724509617,67.5,"BIDIFAC+",6,4,7,0.00681386946291095,0.00669038317101521,0.0135726833668574,0.00839224328887512,692.188999999998,NA
95,2,1.17809724509617,67.5,"BIDIFAC+",6,5,7,0.0106888255600041,0.00707182850633612,0.0155941849794826,0.00868406641164045,671.810000000005,NA
96,2,1.17809724509617,67.5,"BIDIFAC+",6,4,6,0.00736118863401557,0.00633533157548114,0.0134027863595256,0.00852072898608811,690.095999999998,NA
97,2,1.17809724509617,67.5,"BIDIFAC+",6,4,7,0.0113347070231,0.00681946230676946,0.0158407137098577,0.00843030695069428,650.411,NA
98,2,1.17809724509617,67.5,"BIDIFAC+",6,5,7,0.010942928243755,0.00664479141889149,0.0156533165193169,0.00858076966285417,658.340000000004,NA
99,2,1.17809724509617,67.5,"BIDIFAC+",6,4,6,0.00829327666054447,0.00678656559540769,0.0139260182291043,0.00844419718093011,667.379000000001,NA
100,2,1.17809724509617,67.5,"BIDIFAC+",6,4,7,0.00813273334502327,0.0068441425494791,0.0140205284683711,0.0083851706967385,647.733,NA
